timestamp,temp_air,humidity,wind_speed,cloud_cover,ghi,dni_horizontal,dhi,dni,pressure_pa,precip_mm
2023-01-01 00:00:00+05:30,16.9,81,1.66,0.81,0.0,0.0,0.0,0.0,95240.0,0.0
2023-01-01 01:00:00+05:30,17.7,76,1.03,0.69,0.0,0.0,0.0,0.0,95220.0,0.0
2023-01-01 02:00:00+05:30,15.1,88,1.36,0.53,0.0,0.0,0.0,0.0,95140.0,0.0
2023-01-01 03:00:00+05:30,15.0,86,1.0,0.56,0.0,0.0,0.0,0.0,95120.0,0.0
2023-01-01 04:00:00+05:30,13.4,92,1.21,0.5,0.0,0.0,0.0,0.0,95090.0,0.0
2023-01-01 05:00:00+05:30,14.1,90,0.73,0.69,0.0,0.0,0.0,0.0,95190.0,0.0
2023-01-01 06:00:00+05:30,13.1,95,0.67,0.77,0.0,0.0,0.0,0.0,95230.0,0.0
2023-01-01 07:00:00+05:30,12.9,99,0.7,0.72,5.0,1.0,4.0,17.2,95300.0,0.0
2023-01-01 08:00:00+05:30,16.0,85,1.22,0.77,125.0,76.0,49.0,423.5,95440.0,0.0
2023-01-01 09:00:00+05:30,19.8,67,0.67,0.93,331.0,247.0,84.0,650.1,95590.0,0.0
2023-01-01 10:00:00+05:30,23.1,54,0.58,0.83,524.0,424.0,100.0,776.4,95630.0,0.0
2023-01-01 11:00:00+05:30,26.0,41,0.54,0.88,670.0,560.0,110.0,840.1,95560.0,0.0
2023-01-01 12:00:00+05:30,27.6,33,0.4,0.89,752.0,638.0,114.0,870.2,95470.0,0.0
2023-01-01 13:00:00+05:30,28.6,34,0.71,0.92,761.0,647.0,114.0,872.8,95320.0,0.0
2023-01-01 14:00:00+05:30,29.4,31,0.94,0.84,696.0,586.0,110.0,848.7,95220.0,0.0
2023-01-01 15:00:00+05:30,29.6,28,1.39,0.63,566.0,465.0,101.0,796.0,95140.0,0.0
2023-01-01 16:00:00+05:30,29.1,26,2.06,0.35,386.0,300.0,86.0,698.4,95140.0,0.0
2023-01-01 17:00:00+05:30,26.8,31,2.42,0.01,179.0,119.0,60.0,501.8,95180.0,0.0
2023-01-01 18:00:00+05:30,23.5,37,2.77,0.0,20.0,9.0,11.0,101.7,95200.0,0.0
2023-01-01 19:00:00+05:30,21.1,44,2.02,0.0,0.0,0.0,0.0,0.0,95260.0,0.0
2023-01-01 20:00:00+05:30,19.1,53,1.8,0.0,0.0,0.0,0.0,0.0,95300.0,0.0
2023-01-01 21:00:00+05:30,19.4,55,1.46,0.0,0.0,0.0,0.0,0.0,95340.0,0.0
2023-01-01 22:00:00+05:30,18.1,62,0.85,0.0,0.0,0.0,0.0,0.0,95330.0,0.0
2023-01-01 23:00:00+05:30,18.1,61,0.14,0.0,0.0,0.0,0.0,0.0,95320.0,0.0
2023-01-02 00:00:00+05:30,17.1,66,0.76,0.0,0.0,0.0,0.0,0.0,95240.0,0.0
2023-01-02 01:00:00+05:30,16.0,72,1.22,0.0,0.0,0.0,0.0,0.0,95190.0,0.0
2023-01-02 02:00:00+05:30,15.8,72,1.36,0.0,0.0,0.0,0.0,0.0,95130.0,0.0
2023-01-02 03:00:00+05:30,16.5,67,1.17,0.0,0.0,0.0,0.0,0.0,95120.0,0.0
2023-01-02 04:00:00+05:30,16.2,68,1.08,0.0,0.0,0.0,0.0,0.0,95130.0,0.0
2023-01-02 05:00:00+05:30,13.6,82,0.81,0.0,0.0,0.0,0.0,0.0,95120.0,0.0
2023-01-02 06:00:00+05:30,12.9,85,0.5,0.0,0.0,0.0,0.0,0.0,95180.0,0.0
2023-01-02 07:00:00+05:30,12.3,90,1.0,0.0,5.0,1.0,4.0,17.4,95250.0,0.0
2023-01-02 08:00:00+05:30,15.9,75,1.14,0.0,123.0,75.0,48.0,420.3,95440.0,0.0
2023-01-02 09:00:00+05:30,19.5,64,0.81,0.0,328.0,245.0,83.0,646.0,95590.0,0.0
2023-01-02 10:00:00+05:30,22.5,56,1.4,0.0,520.0,419.0,101.0,767.6,95590.0,0.0
2023-01-02 11:00:00+05:30,25.1,49,1.7,0.0,665.0,554.0,111.0,830.9,95530.0,0.0
2023-01-02 12:00:00+05:30,27.2,44,1.6,0.0,747.0,631.0,116.0,859.9,95440.0,0.0
2023-01-02 13:00:00+05:30,28.6,40,0.67,0.0,758.0,642.0,116.0,864.7,95340.0,0.0
2023-01-02 14:00:00+05:30,29.4,34,0.94,0.0,695.0,583.0,112.0,842.4,95250.0,0.0
2023-01-02 15:00:00+05:30,29.6,27,1.7,0.0,567.0,465.0,102.0,793.4,95220.0,0.0
2023-01-02 16:00:00+05:30,29.2,24,1.63,0.0,389.0,302.0,87.0,699.6,95200.0,0.0
2023-01-02 17:00:00+05:30,27.2,45,1.27,0.0,183.0,124.0,59.0,517.9,95180.0,0.0
2023-01-02 18:00:00+05:30,27.2,31,0.41,0.0,22.0,10.0,12.0,111.5,95230.0,0.0
2023-01-02 19:00:00+05:30,22.9,44,2.0,0.0,0.0,0.0,0.0,0.0,95210.0,0.0
2023-01-02 20:00:00+05:30,21.5,48,2.34,0.0,0.0,0.0,0.0,0.0,95300.0,0.0
2023-01-02 21:00:00+05:30,20.5,46,2.51,0.0,0.0,0.0,0.0,0.0,95320.0,0.0
2023-01-02 22:00:00+05:30,21.5,39,0.4,0.0,0.0,0.0,0.0,0.0,95380.0,0.0
2023-01-02 23:00:00+05:30,17.6,58,1.5,0.0,0.0,0.0,0.0,0.0,95260.0,0.0
2023-01-03 00:00:00+05:30,19.4,50,1.1,0.0,0.0,0.0,0.0,0.0,95260.0,0.0
2023-01-03 01:00:00+05:30,15.8,61,1.68,0.0,0.0,0.0,0.0,0.0,95180.0,0.0
2023-01-03 02:00:00+05:30,15.4,63,1.75,0.0,0.0,0.0,0.0,0.0,95150.0,0.0
2023-01-03 03:00:00+05:30,16.8,56,1.06,0.0,0.0,0.0,0.0,0.0,95160.0,0.0
2023-01-03 04:00:00+05:30,17.0,59,0.99,0.0,0.0,0.0,0.0,0.0,95190.0,0.0
2023-01-03 05:00:00+05:30,16.3,65,0.5,0.0,0.0,0.0,0.0,0.0,95230.0,0.0
2023-01-03 06:00:00+05:30,15.6,67,0.2,0.0,0.0,0.0,0.0,0.0,95270.0,0.0
2023-01-03 07:00:00+05:30,14.4,77,0.78,0.0,5.0,1.0,4.0,17.6,95310.0,0.0
2023-01-03 08:00:00+05:30,17.0,72,0.58,0.0,119.0,70.0,49.0,394.4,95440.0,0.0
2023-01-03 09:00:00+05:30,20.2,66,0.76,0.0,322.0,236.0,86.0,623.2,95550.0,0.0
2023-01-03 10:00:00+05:30,23.0,59,1.12,0.0,512.0,409.0,103.0,749.6,95580.0,0.0
2023-01-03 11:00:00+05:30,25.5,52,1.4,0.0,657.0,543.0,114.0,814.0,95510.0,0.0
2023-01-03 12:00:00+05:30,27.5,47,1.04,0.0,740.0,621.0,119.0,845.4,95380.0,0.0
2023-01-03 13:00:00+05:30,29.0,36,0.51,0.0,751.0,633.0,118.0,851.2,95270.0,0.0
2023-01-03 14:00:00+05:30,29.5,31,1.24,0.03,694.0,582.0,112.0,839.0,95160.0,0.0
2023-01-03 15:00:00+05:30,29.4,32,0.78,0.04,552.0,441.0,111.0,749.9,95110.0,0.0
2023-01-03 16:00:00+05:30,29.0,33,0.98,0.06,367.0,271.0,96.0,624.6,95090.0,0.0
2023-01-03 17:00:00+05:30,27.5,42,1.03,0.48,174.0,110.0,64.0,455.0,95100.0,0.0
2023-01-03 18:00:00+05:30,25.8,40,2.33,0.25,16.0,3.0,13.0,33.0,95160.0,0.0
2023-01-03 19:00:00+05:30,24.0,52,3.55,0.91,0.0,0.0,0.0,0.0,95270.0,0.0
2023-01-03 20:00:00+05:30,22.1,61,1.8,0.99,0.0,0.0,0.0,0.0,95330.0,0.0
2023-01-03 21:00:00+05:30,19.8,73,1.97,1.0,0.0,0.0,0.0,0.0,95340.0,0.0
2023-01-03 22:00:00+05:30,19.6,73,1.46,0.91,0.0,0.0,0.0,0.0,95320.0,0.0
2023-01-03 23:00:00+05:30,18.9,77,1.44,0.76,0.0,0.0,0.0,0.0,95270.0,0.0
2023-01-04 00:00:00+05:30,17.5,86,1.7,0.78,0.0,0.0,0.0,0.0,95190.0,0.0
2023-01-04 01:00:00+05:30,16.8,90,1.71,0.32,0.0,0.0,0.0,0.0,95130.0,0.0
2023-01-04 02:00:00+05:30,16.1,91,1.2,0.28,0.0,0.0,0.0,0.0,95100.0,0.0
2023-01-04 03:00:00+05:30,15.7,90,1.75,0.28,0.0,0.0,0.0,0.0,95050.0,0.0
2023-01-04 04:00:00+05:30,16.9,79,1.33,0.11,0.0,0.0,0.0,0.0,95080.0,0.0
2023-01-04 05:00:00+05:30,14.8,91,1.87,0.08,0.0,0.0,0.0,0.0,95080.0,0.0
2023-01-04 06:00:00+05:30,15.1,85,1.75,0.01,0.0,0.0,0.0,0.0,95150.0,0.0
2023-01-04 07:00:00+05:30,15.1,86,1.39,0.0,4.0,1.0,3.0,17.7,95210.0,0.0
2023-01-04 08:00:00+05:30,17.8,75,0.71,0.02,116.0,66.0,50.0,373.8,95340.0,0.0
2023-01-04 09:00:00+05:30,20.2,68,1.0,0.0,316.0,228.0,88.0,603.0,95440.0,0.0
2023-01-04 10:00:00+05:30,22.6,61,1.71,0.0,505.0,399.0,106.0,731.4,95440.0,0.0
2023-01-04 11:00:00+05:30,25.1,52,1.91,0.0,651.0,534.0,117.0,800.1,95390.0,0.0
2023-01-04 12:00:00+05:30,27.2,44,2.1,0.0,733.0,612.0,121.0,832.1,95270.0,0.0
2023-01-04 13:00:00+05:30,28.5,39,1.04,0.3,735.0,608.0,127.0,816.1,95140.0,0.0
2023-01-04 14:00:00+05:30,28.9,37,1.53,0.33,623.0,457.0,166.0,657.1,95050.0,0.0
2023-01-04 15:00:00+05:30,28.8,36,1.55,0.22,488.0,350.0,138.0,593.1,95010.0,0.0
2023-01-04 16:00:00+05:30,28.8,35,1.1,0.24,354.0,247.0,107.0,566.3,94990.0,0.0
2023-01-04 17:00:00+05:30,27.2,42,1.1,0.6,151.0,86.0,65.0,352.2,95010.0,0.0
2023-01-04 18:00:00+05:30,26.5,43,0.42,0.57,17.0,5.0,12.0,54.3,95040.0,0.0
2023-01-04 19:00:00+05:30,23.5,57,1.84,1.0,0.0,0.0,0.0,0.0,95080.0,0.0
2023-01-04 20:00:00+05:30,23.5,55,2.0,0.11,0.0,0.0,0.0,0.0,95180.0,0.0
2023-01-04 21:00:00+05:30,20.3,72,1.9,0.08,0.0,0.0,0.0,0.0,95150.0,0.0
2023-01-04 22:00:00+05:30,19.5,77,1.92,0.26,0.0,0.0,0.0,0.0,95140.0,0.0
2023-01-04 23:00:00+05:30,19.4,77,1.3,0.59,0.0,0.0,0.0,0.0,95160.0,0.0
2023-01-05 00:00:00+05:30,20.0,71,1.92,0.09,0.0,0.0,0.0,0.0,95180.0,0.0
2023-01-05 01:00:00+05:30,18.5,80,1.68,0.06,0.0,0.0,0.0,0.0,95140.0,0.0
2023-01-05 02:00:00+05:30,18.2,81,1.64,0.27,0.0,0.0,0.0,0.0,95120.0,0.0
2023-01-05 03:00:00+05:30,17.9,83,1.58,0.33,0.0,0.0,0.0,0.0,95090.0,0.0
2023-01-05 04:00:00+05:30,17.8,84,1.48,0.67,0.0,0.0,0.0,0.0,95060.0,0.0
2023-01-05 05:00:00+05:30,17.0,87,1.22,0.33,0.0,0.0,0.0,0.0,95090.0,0.0
2023-01-05 06:00:00+05:30,15.9,93,1.61,0.0,0.0,0.0,0.0,0.0,95150.0,0.0
2023-01-05 07:00:00+05:30,15.9,94,1.49,0.0,4.0,1.0,3.0,17.9,95240.0,0.0
2023-01-05 08:00:00+05:30,19.2,81,1.2,0.0,113.0,61.0,52.0,347.1,95410.0,0.0
2023-01-05 09:00:00+05:30,21.8,71,2.4,0.0,311.0,220.0,91.0,582.5,95520.0,0.0
2023-01-05 10:00:00+05:30,24.3,61,2.9,0.0,501.0,390.0,111.0,714.9,95560.0,0.0
2023-01-05 11:00:00+05:30,26.6,49,3.04,0.07,647.0,526.0,121.0,787.6,95500.0,0.0
2023-01-05 12:00:00+05:30,28.2,42,3.0,0.15,724.0,590.0,134.0,801.2,95400.0,0.0
2023-01-05 13:00:00+05:30,28.9,38,2.62,0.2,680.0,515.0,165.0,689.9,95300.0,0.0
2023-01-05 14:00:00+05:30,29.2,36,1.7,0.5,589.0,383.0,206.0,549.3,95200.0,0.0
2023-01-05 15:00:00+05:30,28.7,35,1.0,0.62,356.0,192.0,164.0,324.2,95140.0,0.0
2023-01-05 16:00:00+05:30,28.2,36,0.76,0.54,187.0,60.0,127.0,136.8,95130.0,0.0
2023-01-05 17:00:00+05:30,26.8,60,0.89,0.49,143.0,57.0,86.0,231.1,95170.0,0.0
2023-01-05 18:00:00+05:30,23.8,53,2.24,0.56,20.0,6.0,14.0,64.3,95190.0,0.0
2023-01-05 19:00:00+05:30,23.0,54,1.91,1.0,0.0,0.0,0.0,0.0,95270.0,0.0
2023-01-05 20:00:00+05:30,23.0,54,1.5,0.11,0.0,0.0,0.0,0.0,95360.0,0.0
2023-01-05 21:00:00+05:30,20.9,63,1.77,0.05,0.0,0.0,0.0,0.0,95380.0,0.0
2023-01-05 22:00:00+05:30,19.8,70,2.39,0.05,0.0,0.0,0.0,0.0,95370.0,0.0
2023-01-05 23:00:00+05:30,21.6,60,1.2,0.41,0.0,0.0,0.0,0.0,95400.0,0.0
2023-01-06 00:00:00+05:30,19.2,73,1.12,0.53,0.0,0.0,0.0,0.0,95310.0,0.0
2023-01-06 01:00:00+05:30,19.5,70,1.1,0.31,0.0,0.0,0.0,0.0,95310.0,0.0
2023-01-06 02:00:00+05:30,18.4,78,1.78,0.33,0.0,0.0,0.0,0.0,95250.0,0.0
2023-01-06 03:00:00+05:30,18.5,76,1.48,0.2,0.0,0.0,0.0,0.0,95210.0,0.0
2023-01-06 04:00:00+05:30,18.1,80,1.49,0.25,0.0,0.0,0.0,0.0,95210.0,0.0
2023-01-06 05:00:00+05:30,17.5,84,1.77,0.13,0.0,0.0,0.0,0.0,95280.0,0.0
2023-01-06 06:00:00+05:30,17.3,88,1.71,0.23,0.0,0.0,0.0,0.0,95340.0,0.0
2023-01-06 07:00:00+05:30,17.2,90,2.09,0.17,4.0,1.0,3.0,18.0,95440.0,0.0
2023-01-06 08:00:00+05:30,19.6,81,2.4,0.07,111.0,59.0,52.0,337.2,95620.0,0.0
2023-01-06 09:00:00+05:30,22.1,71,3.11,0.01,306.0,209.0,97.0,554.0,95720.0,0.0
2023-01-06 10:00:00+05:30,24.8,57,4.52,0.29,497.0,380.0,117.0,696.5,95760.0,0.0
2023-01-06 11:00:00+05:30,26.1,51,4.16,0.57,560.0,397.0,163.0,593.9,95700.0,0.0
2023-01-06 12:00:00+05:30,27.0,47,3.89,0.65,548.0,327.0,221.0,443.4,95600.0,0.0
2023-01-06 13:00:00+05:30,27.8,43,3.4,0.39,595.0,371.0,224.0,496.0,95480.0,0.0
2023-01-06 14:00:00+05:30,28.5,40,3.14,0.32,627.0,455.0,172.0,650.8,95390.0,0.0
2023-01-06 15:00:00+05:30,28.6,38,2.9,0.25,489.0,329.0,160.0,553.5,95300.0,0.0
2023-01-06 16:00:00+05:30,28.2,38,2.79,0.3,327.0,212.0,115.0,480.8,95290.0,0.0
2023-01-06 17:00:00+05:30,26.8,43,2.15,0.4,154.0,87.0,67.0,349.3,95300.0,0.0
2023-01-06 18:00:00+05:30,24.4,50,2.19,0.14,21.0,8.0,13.0,84.5,95320.0,0.0
2023-01-06 19:00:00+05:30,23.1,54,2.28,0.08,0.0,0.0,0.0,0.0,95360.0,0.0
2023-01-06 20:00:00+05:30,21.1,63,2.02,0.06,0.0,0.0,0.0,0.0,95400.0,0.0
2023-01-06 21:00:00+05:30,20.0,69,2.43,0.07,0.0,0.0,0.0,0.0,95430.0,0.0
2023-01-06 22:00:00+05:30,19.5,70,2.02,0.17,0.0,0.0,0.0,0.0,95470.0,0.0
2023-01-06 23:00:00+05:30,19.1,74,2.1,0.14,0.0,0.0,0.0,0.0,95470.0,0.0
2023-01-07 00:00:00+05:30,19.0,79,1.93,0.04,0.0,0.0,0.0,0.0,95430.0,0.0
2023-01-07 01:00:00+05:30,18.8,82,1.71,0.01,0.0,0.0,0.0,0.0,95380.0,0.0
2023-01-07 02:00:00+05:30,18.5,84,1.71,0.11,0.0,0.0,0.0,0.0,95330.0,0.0
2023-01-07 03:00:00+05:30,18.1,87,1.68,0.13,0.0,0.0,0.0,0.0,95270.0,0.0
2023-01-07 04:00:00+05:30,18.0,88,1.9,0.05,0.0,0.0,0.0,0.0,95270.0,0.0
2023-01-07 05:00:00+05:30,17.1,94,1.6,0.04,0.0,0.0,0.0,0.0,95300.0,0.0
2023-01-07 06:00:00+05:30,17.0,95,1.53,0.0,0.0,0.0,0.0,0.0,95400.0,0.0
2023-01-07 07:00:00+05:30,16.8,96,1.22,0.05,4.0,1.0,3.0,18.1,95480.0,0.0
2023-01-07 08:00:00+05:30,19.1,86,1.34,0.02,107.0,53.0,54.0,304.2,95610.0,0.0
2023-01-07 09:00:00+05:30,21.5,75,1.97,0.01,302.0,200.0,102.0,530.6,95700.0,0.0
2023-01-07 10:00:00+05:30,24.1,62,3.9,0.4,494.0,370.0,124.0,678.0,95730.0,0.0
2023-01-07 11:00:00+05:30,25.6,55,3.41,0.19,560.0,385.0,175.0,575.4,95690.0,0.0
2023-01-07 12:00:00+05:30,27.0,48,3.11,0.15,690.0,520.0,170.0,704.1,95580.0,0.0
2023-01-07 13:00:00+05:30,27.8,44,3.04,0.14,717.0,570.0,147.0,760.5,95460.0,0.0
2023-01-07 14:00:00+05:30,28.0,41,2.98,0.22,640.0,491.0,149.0,700.3,95340.0,0.0
2023-01-07 15:00:00+05:30,28.0,39,2.89,0.23,507.0,363.0,144.0,608.3,95270.0,0.0
2023-01-07 16:00:00+05:30,27.5,40,3.03,0.25,346.0,236.0,110.0,532.2,95230.0,0.0
2023-01-07 17:00:00+05:30,25.7,48,2.64,0.05,155.0,85.0,70.0,337.8,95300.0,0.0
2023-01-07 18:00:00+05:30,24.0,55,1.3,0.4,15.0,3.0,12.0,31.3,95300.0,0.0
2023-01-07 19:00:00+05:30,22.2,62,1.68,0.18,0.0,0.0,0.0,0.0,95340.0,0.0
2023-01-07 20:00:00+05:30,20.6,70,2.28,0.04,0.0,0.0,0.0,0.0,95360.0,0.0
2023-01-07 21:00:00+05:30,21.2,65,1.84,0.01,0.0,0.0,0.0,0.0,95410.0,0.0
2023-01-07 22:00:00+05:30,19.0,74,2.4,0.06,0.0,0.0,0.0,0.0,95390.0,0.0
2023-01-07 23:00:00+05:30,18.5,73,2.27,0.0,0.0,0.0,0.0,0.0,95350.0,0.0
2023-01-08 00:00:00+05:30,17.5,77,2.5,0.0,0.0,0.0,0.0,0.0,95290.0,0.0
2023-01-08 01:00:00+05:30,17.0,79,2.24,0.0,0.0,0.0,0.0,0.0,95250.0,0.0
2023-01-08 02:00:00+05:30,16.5,81,1.84,0.0,0.0,0.0,0.0,0.0,95210.0,0.0
2023-01-08 03:00:00+05:30,16.3,83,1.63,0.0,0.0,0.0,0.0,0.0,95150.0,0.0
2023-01-08 04:00:00+05:30,15.3,89,2.08,0.0,0.0,0.0,0.0,0.0,95150.0,0.0
2023-01-08 05:00:00+05:30,15.9,86,1.48,0.0,0.0,0.0,0.0,0.0,95230.0,0.0
2023-01-08 06:00:00+05:30,15.7,87,1.3,0.0,0.0,0.0,0.0,0.0,95300.0,0.0
2023-01-08 07:00:00+05:30,14.1,95,1.6,0.0,4.0,1.0,3.0,18.3,95340.0,0.0
2023-01-08 08:00:00+05:30,17.2,83,0.76,0.0,115.0,65.0,50.0,374.4,95480.0,0.0
2023-01-08 09:00:00+05:30,20.4,69,1.17,0.0,319.0,231.0,88.0,613.2,95590.0,0.0
2023-01-08 10:00:00+05:30,22.8,58,1.96,0.0,513.0,406.0,107.0,743.7,95600.0,0.0
2023-01-08 11:00:00+05:30,24.8,49,2.4,0.0,662.0,544.0,118.0,812.2,95550.0,0.0
2023-01-08 12:00:00+05:30,26.1,44,2.02,0.0,749.0,626.0,123.0,846.2,95430.0,0.0
2023-01-08 13:00:00+05:30,27.0,40,1.75,0.08,763.0,637.0,126.0,848.1,95310.0,0.0
2023-01-08 14:00:00+05:30,27.6,38,1.66,0.03,702.0,580.0,122.0,824.9,95220.0,0.0
2023-01-08 15:00:00+05:30,27.7,38,1.63,0.05,579.0,471.0,108.0,786.3,95170.0,0.0
2023-01-08 16:00:00+05:30,27.5,38,1.56,0.1,397.0,302.0,95.0,677.3,95130.0,0.0
2023-01-08 17:00:00+05:30,26.2,42,0.92,0.05,189.0,119.0,70.0,468.2,95130.0,0.0
2023-01-08 18:00:00+05:30,23.4,47,1.77,0.0,26.0,12.0,14.0,123.4,95140.0,0.0
2023-01-08 19:00:00+05:30,20.4,56,2.61,0.0,0.0,0.0,0.0,0.0,95160.0,0.0
2023-01-08 20:00:00+05:30,19.2,55,2.72,0.0,0.0,0.0,0.0,0.0,95230.0,0.0
2023-01-08 21:00:00+05:30,18.5,53,2.72,0.0,0.0,0.0,0.0,0.0,95250.0,0.0
2023-01-08 22:00:00+05:30,17.0,57,2.75,0.0,0.0,0.0,0.0,0.0,95270.0,0.0
2023-01-08 23:00:00+05:30,16.9,57,2.71,0.0,0.0,0.0,0.0,0.0,95260.0,0.0
2023-01-09 00:00:00+05:30,16.6,58,2.27,0.0,0.0,0.0,0.0,0.0,95250.0,0.0
2023-01-09 01:00:00+05:30,15.9,61,2.02,0.0,0.0,0.0,0.0,0.0,95240.0,0.0
2023-01-09 02:00:00+05:30,14.7,67,1.99,0.0,0.0,0.0,0.0,0.0,95190.0,0.0
2023-01-09 03:00:00+05:30,14.6,67,1.8,0.0,0.0,0.0,0.0,0.0,95170.0,0.0
2023-01-09 04:00:00+05:30,15.1,64,1.46,0.0,0.0,0.0,0.0,0.0,95190.0,0.0
2023-01-09 05:00:00+05:30,14.1,67,1.04,0.0,0.0,0.0,0.0,0.0,95270.0,0.0
2023-01-09 06:00:00+05:30,13.4,71,0.4,0.0,0.0,0.0,0.0,0.0,95330.0,0.0
2023-01-09 07:00:00+05:30,12.8,73,0.76,0.0,4.0,1.0,3.0,18.4,95390.0,0.0
2023-01-09 08:00:00+05:30,14.3,68,0.95,0.0,122.0,75.0,47.0,433.4,95520.0,0.0
2023-01-09 09:00:00+05:30,18.0,52,0.64,0.0,334.0,252.0,82.0,669.3,95670.0,0.0
2023-01-09 10:00:00+05:30,21.2,41,1.55,0.0,534.0,433.0,101.0,792.7,95720.0,0.0
2023-01-09 11:00:00+05:30,23.7,36,2.31,0.0,686.0,576.0,110.0,859.0,95650.0,0.0
2023-01-09 12:00:00+05:30,25.6,30,2.4,0.0,774.0,659.0,115.0,889.3,95570.0,0.0
2023-01-09 13:00:00+05:30,26.9,27,2.12,0.0,789.0,674.0,115.0,895.3,95450.0,0.0
2023-01-09 14:00:00+05:30,27.5,25,1.75,0.0,730.0,619.0,111.0,877.7,95360.0,0.0
2023-01-09 15:00:00+05:30,27.8,24,1.36,0.0,603.0,500.0,103.0,831.4,95320.0,0.0
2023-01-09 16:00:00+05:30,27.5,23,1.3,0.0,419.0,331.0,88.0,738.1,95290.0,0.0
2023-01-09 17:00:00+05:30,26.0,42,1.14,0.0,205.0,141.0,64.0,549.2,95250.0,0.0
2023-01-09 18:00:00+05:30,21.4,36,2.79,0.0,29.0,14.0,15.0,142.0,95230.0,0.0
2023-01-09 19:00:00+05:30,19.5,41,3.1,0.0,0.0,0.0,0.0,0.0,95260.0,0.0
2023-01-09 20:00:00+05:30,18.2,44,2.86,0.0,0.0,0.0,0.0,0.0,95300.0,0.0
2023-01-09 21:00:00+05:30,18.8,41,2.28,0.0,0.0,0.0,0.0,0.0,95330.0,0.0
2023-01-09 22:00:00+05:30,19.4,38,1.25,0.0,0.0,0.0,0.0,0.0,95360.0,0.0
2023-01-09 23:00:00+05:30,14.6,57,2.66,0.0,0.0,0.0,0.0,0.0,95290.0,0.0
2023-01-10 00:00:00+05:30,14.1,56,3.01,0.0,0.0,0.0,0.0,0.0,95250.0,0.0
2023-01-10 01:00:00+05:30,13.6,56,2.95,0.0,0.0,0.0,0.0,0.0,95210.0,0.0
2023-01-10 02:00:00+05:30,12.9,57,2.46,0.0,0.0,0.0,0.0,0.0,95170.0,0.0
2023-01-10 03:00:00+05:30,12.0,61,2.32,0.0,0.0,0.0,0.0,0.0,95140.0,0.0
2023-01-10 04:00:00+05:30,12.9,56,1.86,0.0,0.0,0.0,0.0,0.0,95170.0,0.0
2023-01-10 05:00:00+05:30,13.0,57,1.48,0.0,0.0,0.0,0.0,0.0,95240.0,0.0
2023-01-10 06:00:00+05:30,12.7,58,0.92,0.0,0.0,0.0,0.0,0.0,95310.0,0.0
2023-01-10 07:00:00+05:30,12.4,59,0.71,0.0,4.0,1.0,3.0,18.5,95380.0,0.0
2023-01-10 08:00:00+05:30,13.7,58,0.73,0.0,124.0,77.0,47.0,446.2,95480.0,0.0
2023-01-10 09:00:00+05:30,18.0,43,0.89,0.0,340.0,258.0,82.0,685.4,95610.0,0.0
2023-01-10 10:00:00+05:30,21.4,36,1.84,0.0,541.0,441.0,100.0,806.8,95670.0,0.0
2023-01-10 11:00:00+05:30,24.2,31,2.33,0.0,694.0,585.0,109.0,871.3,95620.0,0.0
2023-01-10 12:00:00+05:30,26.2,27,2.71,0.0,783.0,669.0,114.0,901.2,95540.0,0.0
2023-01-10 13:00:00+05:30,27.4,24,2.7,0.0,798.0,683.0,115.0,905.1,95400.0,0.0
2023-01-10 14:00:00+05:30,28.1,23,2.51,0.0,738.0,627.0,111.0,886.4,95300.0,0.0
2023-01-10 15:00:00+05:30,28.4,22,2.41,0.0,609.0,506.0,103.0,838.0,95240.0,0.0
2023-01-10 16:00:00+05:30,28.0,22,2.32,0.0,424.0,335.0,89.0,742.8,95190.0,0.0
2023-01-10 17:00:00+05:30,25.9,42,1.65,0.0,208.0,144.0,64.0,555.2,95170.0,0.0
2023-01-10 18:00:00+05:30,21.3,34,2.7,0.0,30.0,15.0,15.0,150.1,95090.0,0.0
2023-01-10 19:00:00+05:30,19.9,37,2.7,0.0,0.0,0.0,0.0,0.0,95130.0,0.0
2023-01-10 20:00:00+05:30,18.2,42,2.88,0.0,0.0,0.0,0.0,0.0,95150.0,0.0
2023-01-10 21:00:00+05:30,17.0,46,2.6,0.0,0.0,0.0,0.0,0.0,95140.0,0.0
2023-01-10 22:00:00+05:30,19.5,38,1.82,0.0,0.0,0.0,0.0,0.0,95210.0,0.0
2023-01-10 23:00:00+05:30,15.1,53,1.9,0.0,0.0,0.0,0.0,0.0,95130.0,0.0
2023-01-11 00:00:00+05:30,14.0,60,2.33,0.0,0.0,0.0,0.0,0.0,95060.0,0.0
2023-01-11 01:00:00+05:30,16.1,50,1.97,0.0,0.0,0.0,0.0,0.0,95060.0,0.0
2023-01-11 02:00:00+05:30,15.9,51,1.12,0.0,0.0,0.0,0.0,0.0,95010.0,0.0
2023-01-11 03:00:00+05:30,15.5,53,0.57,0.0,0.0,0.0,0.0,0.0,94960.0,0.0
2023-01-11 04:00:00+05:30,13.4,62,0.57,0.0,0.0,0.0,0.0,0.0,94920.0,0.0
2023-01-11 05:00:00+05:30,10.8,76,0.91,0.0,0.0,0.0,0.0,0.0,94950.0,0.0
2023-01-11 06:00:00+05:30,9.6,82,1.21,0.0,0.0,0.0,0.0,0.0,95000.0,0.0
2023-01-11 07:00:00+05:30,9.8,83,1.41,0.0,4.0,1.0,3.0,18.6,95080.0,0.0
2023-01-11 08:00:00+05:30,14.1,66,0.72,0.0,122.0,74.0,48.0,429.9,95270.0,0.0
2023-01-11 09:00:00+05:30,18.6,49,0.4,0.0,335.0,253.0,82.0,672.1,95420.0,0.0
2023-01-11 10:00:00+05:30,22.1,41,0.5,0.0,536.0,436.0,100.0,797.0,95460.0,0.0
2023-01-11 11:00:00+05:30,25.3,33,0.42,0.0,689.0,580.0,109.0,862.7,95400.0,0.0
2023-01-11 12:00:00+05:30,27.5,27,0.51,0.0,779.0,665.0,114.0,894.1,95300.0,0.0
2023-01-11 13:00:00+05:30,28.6,25,1.49,0.0,795.0,681.0,114.0,900.2,95170.0,0.0
2023-01-11 14:00:00+05:30,29.4,24,2.0,0.0,735.0,624.0,111.0,879.4,95080.0,0.0
2023-01-11 15:00:00+05:30,29.7,22,2.69,0.0,605.0,502.0,103.0,828.0,95020.0,0.0
2023-01-11 16:00:00+05:30,29.0,21,3.4,0.0,421.0,332.0,89.0,731.9,94990.0,0.0
2023-01-11 17:00:00+05:30,27.0,25,2.87,0.0,209.0,144.0,65.0,549.7,94990.0,0.0
2023-01-11 18:00:00+05:30,23.5,32,2.88,0.0,31.0,15.0,16.0,148.2,94970.0,0.0
2023-01-11 19:00:00+05:30,21.7,37,2.92,0.0,0.0,0.0,0.0,0.0,95030.0,0.0
2023-01-11 20:00:00+05:30,19.8,44,2.37,0.0,0.0,0.0,0.0,0.0,95090.0,0.0
2023-01-11 21:00:00+05:30,17.8,53,1.93,0.0,0.0,0.0,0.0,0.0,95070.0,0.0
2023-01-11 22:00:00+05:30,15.9,63,2.73,0.0,0.0,0.0,0.0,0.0,95060.0,0.0
2023-01-11 23:00:00+05:30,16.4,60,1.92,0.0,0.0,0.0,0.0,0.0,95050.0,0.0
2023-01-12 00:00:00+05:30,15.8,61,1.14,0.0,0.0,0.0,0.0,0.0,94990.0,0.0
2023-01-12 01:00:00+05:30,14.2,67,1.22,0.0,0.0,0.0,0.0,0.0,94880.0,0.0
2023-01-12 02:00:00+05:30,13.8,67,1.57,0.0,0.0,0.0,0.0,0.0,94820.0,0.0
2023-01-12 03:00:00+05:30,15.2,60,0.9,0.0,0.0,0.0,0.0,0.0,94800.0,0.0
2023-01-12 04:00:00+05:30,12.4,74,1.17,0.0,0.0,0.0,0.0,0.0,94770.0,0.0
2023-01-12 05:00:00+05:30,12.4,73,1.0,0.0,0.0,0.0,0.0,0.0,94800.0,0.0
2023-01-12 06:00:00+05:30,10.1,85,1.66,0.0,0.0,0.0,0.0,0.0,94850.0,0.0
2023-01-12 07:00:00+05:30,9.6,90,1.3,0.0,4.0,1.0,3.0,18.7,94900.0,0.0
2023-01-12 08:00:00+05:30,13.4,71,1.22,0.0,124.0,77.0,47.0,448.2,95060.0,0.0
2023-01-12 09:00:00+05:30,17.8,53,0.92,0.0,340.0,259.0,81.0,687.9,95210.0,0.0
2023-01-12 10:00:00+05:30,21.9,39,0.73,0.0,543.0,444.0,99.0,810.8,95290.0,0.0
2023-01-12 11:00:00+05:30,25.0,28,0.61,0.0,697.0,588.0,109.0,873.2,95250.0,0.0
2023-01-12 12:00:00+05:30,27.0,22,0.51,0.0,788.0,674.0,114.0,904.4,95160.0,0.0
2023-01-12 13:00:00+05:30,28.0,21,1.36,0.0,806.0,692.0,114.0,912.5,95030.0,0.0
2023-01-12 14:00:00+05:30,28.8,21,1.58,0.0,746.0,635.0,111.0,892.1,94920.0,0.0
2023-01-12 15:00:00+05:30,29.2,17,2.55,0.0,615.0,512.0,103.0,841.0,94860.0,0.0
2023-01-12 16:00:00+05:30,28.4,16,3.62,0.0,431.0,342.0,89.0,749.6,94860.0,0.0
2023-01-12 17:00:00+05:30,25.8,22,2.86,0.0,216.0,151.0,65.0,570.7,94860.0,0.0
2023-01-12 18:00:00+05:30,22.2,30,2.42,0.0,33.0,16.0,17.0,156.0,94880.0,0.0
2023-01-12 19:00:00+05:30,20.3,39,2.64,0.0,0.0,0.0,0.0,0.0,94940.0,0.0
2023-01-12 20:00:00+05:30,18.6,51,2.28,0.0,0.0,0.0,0.0,0.0,95000.0,0.0
2023-01-12 21:00:00+05:30,17.1,69,1.99,0.0,0.0,0.0,0.0,0.0,95000.0,0.0
2023-01-12 22:00:00+05:30,15.5,83,2.02,0.0,0.0,0.0,0.0,0.0,95010.0,0.0
2023-01-12 23:00:00+05:30,14.6,90,2.21,0.0,0.0,0.0,0.0,0.0,94970.0,0.0
2023-01-13 00:00:00+05:30,13.9,90,2.2,0.0,0.0,0.0,0.0,0.0,94910.0,0.0
2023-01-13 01:00:00+05:30,13.4,91,2.09,0.0,0.0,0.0,0.0,0.0,94870.0,0.0
2023-01-13 02:00:00+05:30,13.0,91,2.16,0.0,0.0,0.0,0.0,0.0,94820.0,0.0
2023-01-13 03:00:00+05:30,12.8,90,2.1,0.0,0.0,0.0,0.0,0.0,94780.0,0.0
2023-01-13 04:00:00+05:30,12.2,90,2.41,0.0,0.0,0.0,0.0,0.0,94780.0,0.0
2023-01-13 05:00:00+05:30,12.3,89,2.6,0.0,0.0,0.0,0.0,0.0,94860.0,0.0
2023-01-13 06:00:00+05:30,12.4,89,2.25,0.03,0.0,0.0,0.0,0.0,94940.0,0.0
2023-01-13 07:00:00+05:30,12.4,93,2.15,0.24,4.0,1.0,3.0,18.7,95020.0,0.0
2023-01-13 08:00:00+05:30,16.9,81,1.3,0.33,108.0,55.0,53.0,320.6,95200.0,0.0
2023-01-13 09:00:00+05:30,19.2,76,0.98,0.26,295.0,186.0,109.0,493.8,95300.0,0.0
2023-01-13 10:00:00+05:30,22.1,61,0.91,0.03,516.0,392.0,124.0,715.1,95340.0,0.0
2023-01-13 11:00:00+05:30,24.9,44,1.41,0.0,687.0,573.0,114.0,849.6,95300.0,0.0
2023-01-13 12:00:00+05:30,26.8,34,1.68,0.0,780.0,664.0,116.0,889.1,95200.0,0.0
2023-01-13 13:00:00+05:30,28.0,29,2.18,0.0,798.0,682.0,116.0,897.0,95060.0,0.0
2023-01-13 14:00:00+05:30,28.5,27,2.94,0.0,740.0,628.0,112.0,879.4,94970.0,0.0
2023-01-13 15:00:00+05:30,28.1,28,3.32,0.0,613.0,510.0,103.0,834.3,94910.0,0.0
2023-01-13 16:00:00+05:30,27.1,32,3.26,0.0,430.0,340.0,90.0,740.9,94920.0,0.0
2023-01-13 17:00:00+05:30,24.7,40,2.38,0.0,215.0,149.0,66.0,557.5,94940.0,0.0
2023-01-13 18:00:00+05:30,21.1,53,1.93,0.0,34.0,16.0,18.0,154.0,94940.0,0.0
2023-01-13 19:00:00+05:30,19.8,61,2.36,0.0,0.0,0.0,0.0,0.0,94980.0,0.0
2023-01-13 20:00:00+05:30,18.4,69,2.56,0.0,0.0,0.0,0.0,0.0,95050.0,0.0
2023-01-13 21:00:00+05:30,16.6,79,1.68,0.0,0.0,0.0,0.0,0.0,95080.0,0.0
2023-01-13 22:00:00+05:30,15.4,86,1.53,0.0,0.0,0.0,0.0,0.0,95070.0,0.0
2023-01-13 23:00:00+05:30,13.9,93,1.99,0.0,0.0,0.0,0.0,0.0,95010.0,0.0
2023-01-14 00:00:00+05:30,13.3,94,1.72,0.0,0.0,0.0,0.0,0.0,94960.0,0.0
2023-01-14 01:00:00+05:30,14.0,92,0.51,0.0,0.0,0.0,0.0,0.0,94950.0,0.0
2023-01-14 02:00:00+05:30,12.2,97,1.27,0.0,0.0,0.0,0.0,0.0,94880.0,0.0
2023-01-14 03:00:00+05:30,12.9,97,0.86,0.0,0.0,0.0,0.0,0.0,94870.0,0.0
2023-01-14 04:00:00+05:30,11.5,100,1.21,1.0,0.0,0.0,0.0,0.0,94830.0,0.0
2023-01-14 05:00:00+05:30,11.9,100,0.64,1.0,0.0,0.0,0.0,0.0,94900.0,0.0
2023-01-14 06:00:00+05:30,11.9,100,0.71,1.0,0.0,0.0,0.0,0.0,94960.0,0.0
2023-01-14 07:00:00+05:30,11.7,100,0.81,1.0,2.0,0.0,2.0,0.0,95050.0,0.0
2023-01-14 08:00:00+05:30,12.6,97,0.36,1.0,74.0,19.0,55.0,110.9,95160.0,0.0
2023-01-14 09:00:00+05:30,15.1,84,0.3,0.0,205.0,65.0,140.0,172.4,95280.0,0.0
2023-01-14 10:00:00+05:30,19.2,64,1.02,0.0,521.0,399.0,122.0,726.9,95290.0,0.0
2023-01-14 11:00:00+05:30,22.9,49,1.24,0.0,686.0,569.0,117.0,842.2,95220.0,0.0
2023-01-14 12:00:00+05:30,25.4,42,0.81,0.0,778.0,661.0,117.0,883.2,95110.0,0.0
2023-01-14 13:00:00+05:30,27.4,39,0.41,0.0,795.0,677.0,118.0,888.1,94980.0,0.0
2023-01-14 14:00:00+05:30,29.0,33,1.71,0.0,734.0,619.0,115.0,864.0,94890.0,0.0
2023-01-14 15:00:00+05:30,29.2,26,3.14,0.0,608.0,503.0,105.0,819.4,94850.0,0.0
2023-01-14 16:00:00+05:30,28.0,28,3.65,0.0,429.0,339.0,90.0,734.5,94870.0,0.0
2023-01-14 17:00:00+05:30,25.1,37,2.95,0.0,216.0,150.0,66.0,555.8,94900.0,0.0
2023-01-14 18:00:00+05:30,21.8,48,2.39,0.0,35.0,17.0,18.0,161.5,94930.0,0.0
2023-01-14 19:00:00+05:30,19.8,56,2.39,0.0,0.0,0.0,0.0,0.0,94980.0,0.0
2023-01-14 20:00:00+05:30,17.5,65,1.66,0.0,0.0,0.0,0.0,0.0,94990.0,0.0
2023-01-14 21:00:00+05:30,15.6,75,2.38,0.0,0.0,0.0,0.0,0.0,94990.0,0.0
2023-01-14 22:00:00+05:30,15.6,74,1.58,0.0,0.0,0.0,0.0,0.0,95010.0,0.0
2023-01-14 23:00:00+05:30,14.6,80,1.4,0.08,0.0,0.0,0.0,0.0,94970.0,0.0
2023-01-15 00:00:00+05:30,14.5,82,1.2,0.2,0.0,0.0,0.0,0.0,94950.0,0.0
2023-01-15 01:00:00+05:30,14.1,83,0.71,0.87,0.0,0.0,0.0,0.0,94920.0,0.0
2023-01-15 02:00:00+05:30,13.6,84,0.3,0.93,0.0,0.0,0.0,0.0,94860.0,0.0
2023-01-15 03:00:00+05:30,11.5,94,0.78,0.79,0.0,0.0,0.0,0.0,94770.0,0.0
2023-01-15 04:00:00+05:30,10.7,96,0.92,0.79,0.0,0.0,0.0,0.0,94730.0,0.0
2023-01-15 05:00:00+05:30,10.9,96,0.67,0.54,0.0,0.0,0.0,0.0,94770.0,0.0
2023-01-15 06:00:00+05:30,11.2,94,0.72,0.0,0.0,0.0,0.0,0.0,94840.0,0.0
2023-01-15 07:00:00+05:30,10.7,95,0.85,0.0,4.0,1.0,3.0,18.8,94930.0,0.0
2023-01-15 08:00:00+05:30,13.9,80,1.1,0.0,119.0,71.0,48.0,414.4,95060.0,0.0
2023-01-15 09:00:00+05:30,18.2,63,0.73,0.0,331.0,247.0,84.0,654.7,95190.0,0.0
2023-01-15 10:00:00+05:30,21.8,53,1.4,0.0,534.0,432.0,102.0,785.9,95180.0,0.0
2023-01-15 11:00:00+05:30,24.7,46,1.6,0.0,690.0,578.0,112.0,853.9,95100.0,0.0
2023-01-15 12:00:00+05:30,27.1,41,1.0,0.0,782.0,665.0,117.0,886.5,95010.0,0.0
2023-01-15 13:00:00+05:30,28.8,36,0.28,0.0,797.0,680.0,117.0,889.6,94910.0,0.0
2023-01-15 14:00:00+05:30,29.8,32,1.3,0.0,737.0,624.0,113.0,868.1,94790.0,0.0
2023-01-15 15:00:00+05:30,30.0,30,2.63,0.0,610.0,505.0,105.0,819.3,94730.0,0.0
2023-01-15 16:00:00+05:30,29.0,29,3.31,0.0,429.0,337.0,92.0,726.0,94720.0,0.0
2023-01-15 17:00:00+05:30,27.2,33,2.8,0.0,217.0,150.0,67.0,550.4,94730.0,0.0
2023-01-15 18:00:00+05:30,23.7,43,3.1,0.0,36.0,17.0,19.0,159.5,94760.0,0.0
2023-01-15 19:00:00+05:30,21.2,55,2.94,0.0,0.0,0.0,0.0,0.0,94840.0,0.0
2023-01-15 20:00:00+05:30,18.9,65,1.75,0.0,0.0,0.0,0.0,0.0,94870.0,0.0
2023-01-15 21:00:00+05:30,17.0,75,1.6,0.0,0.0,0.0,0.0,0.0,94880.0,0.0
2023-01-15 22:00:00+05:30,15.7,83,1.94,0.0,0.0,0.0,0.0,0.0,94880.0,0.0
2023-01-15 23:00:00+05:30,14.8,90,1.8,0.0,0.0,0.0,0.0,0.0,94840.0,0.0
2023-01-16 00:00:00+05:30,14.6,90,1.42,0.0,0.0,0.0,0.0,0.0,94810.0,0.0
2023-01-16 01:00:00+05:30,13.6,94,1.58,0.0,0.0,0.0,0.0,0.0,94770.0,0.0
2023-01-16 02:00:00+05:30,13.6,93,1.39,0.0,0.0,0.0,0.0,0.0,94710.0,0.0
2023-01-16 03:00:00+05:30,14.2,91,0.41,0.0,0.0,0.0,0.0,0.0,94720.0,0.0
2023-01-16 04:00:00+05:30,13.4,95,0.58,0.0,0.0,0.0,0.0,0.0,94710.0,0.0
2023-01-16 05:00:00+05:30,11.6,99,0.98,0.0,0.0,0.0,0.0,0.0,94700.0,0.0
2023-01-16 06:00:00+05:30,11.4,99,0.86,0.0,0.0,0.0,0.0,0.0,94780.0,0.0
2023-01-16 07:00:00+05:30,10.9,100,0.76,0.0,4.0,1.0,3.0,18.8,94850.0,0.0
2023-01-16 08:00:00+05:30,14.3,86,0.86,0.0,122.0,74.0,48.0,431.9,95020.0,0.0
2023-01-16 09:00:00+05:30,18.9,63,0.32,0.0,339.0,257.0,82.0,680.4,95160.0,0.0
2023-01-16 10:00:00+05:30,23.1,46,0.36,0.0,543.0,443.0,100.0,804.6,95210.0,0.0
2023-01-16 11:00:00+05:30,26.2,34,0.32,0.0,700.0,590.0,110.0,869.9,95170.0,0.0
2023-01-16 12:00:00+05:30,28.8,29,1.56,0.0,792.0,677.0,115.0,900.4,95070.0,0.0
2023-01-16 13:00:00+05:30,30.5,18,3.14,0.0,809.0,694.0,115.0,905.4,94960.0,0.0
2023-01-16 14:00:00+05:30,30.4,18,3.98,0.0,755.0,644.0,111.0,892.9,94860.0,0.0
2023-01-16 15:00:00+05:30,29.6,20,3.92,0.0,630.0,527.0,103.0,851.4,94820.0,0.0
2023-01-16 16:00:00+05:30,28.5,23,3.71,0.0,445.0,354.0,91.0,758.3,94810.0,0.0
2023-01-16 17:00:00+05:30,26.6,30,2.21,0.0,226.0,159.0,67.0,577.9,94840.0,0.0
2023-01-16 18:00:00+05:30,22.5,40,2.02,0.0,38.0,19.0,19.0,176.1,94830.0,0.0
2023-01-16 19:00:00+05:30,20.8,48,2.4,0.0,0.0,0.0,0.0,0.0,94880.0,0.0
2023-01-16 20:00:00+05:30,18.6,59,1.97,0.0,0.0,0.0,0.0,0.0,94930.0,0.0
2023-01-16 21:00:00+05:30,16.4,73,2.01,0.0,0.0,0.0,0.0,0.0,94930.0,0.0
2023-01-16 22:00:00+05:30,15.4,79,2.02,0.0,0.0,0.0,0.0,0.0,94910.0,0.0
2023-01-16 23:00:00+05:30,14.8,84,1.3,0.0,0.0,0.0,0.0,0.0,94920.0,0.0
2023-01-17 00:00:00+05:30,15.6,81,0.58,0.0,0.0,0.0,0.0,0.0,94900.0,0.0
2023-01-17 01:00:00+05:30,14.6,86,0.63,0.0,0.0,0.0,0.0,0.0,94850.0,0.0
2023-01-17 02:00:00+05:30,14.6,86,0.72,0.0,0.0,0.0,0.0,0.0,94830.0,0.0
2023-01-17 03:00:00+05:30,13.6,89,1.0,0.0,0.0,0.0,0.0,0.0,94760.0,0.0
2023-01-17 04:00:00+05:30,12.9,89,1.14,0.0,0.0,0.0,0.0,0.0,94750.0,0.0
2023-01-17 05:00:00+05:30,11.9,93,1.17,0.0,0.0,0.0,0.0,0.0,94760.0,0.0
2023-01-17 06:00:00+05:30,12.6,94,0.73,0.0,0.0,0.0,0.0,0.0,94820.0,0.0
2023-01-17 07:00:00+05:30,10.8,97,1.04,0.0,3.0,1.0,2.0,18.8,94880.0,0.0
2023-01-17 08:00:00+05:30,14.5,79,0.98,0.0,120.0,72.0,48.0,419.9,95060.0,0.0
2023-01-17 09:00:00+05:30,19.0,56,0.14,0.03,333.0,250.0,83.0,661.0,95210.0,0.0
2023-01-17 10:00:00+05:30,22.8,44,0.32,0.0,536.0,435.0,101.0,788.7,95270.0,0.0
2023-01-17 11:00:00+05:30,25.8,35,0.7,0.0,693.0,581.0,112.0,854.9,95240.0,0.0
2023-01-17 12:00:00+05:30,27.7,31,0.5,0.0,785.0,669.0,116.0,887.7,95150.0,0.0
2023-01-17 13:00:00+05:30,28.9,29,0.64,0.0,804.0,687.0,117.0,893.7,95040.0,0.0
2023-01-17 14:00:00+05:30,29.8,29,0.81,0.0,745.0,632.0,113.0,873.3,94940.0,0.0
2023-01-17 15:00:00+05:30,30.2,27,1.49,0.0,616.0,511.0,105.0,822.1,94870.0,0.0
2023-01-17 16:00:00+05:30,29.8,26,2.6,0.0,434.0,342.0,92.0,728.4,94860.0,0.0
2023-01-17 17:00:00+05:30,27.5,29,2.84,0.0,221.0,153.0,68.0,550.9,94920.0,0.0
2023-01-17 18:00:00+05:30,24.2,37,2.75,0.0,38.0,19.0,19.0,173.9,94950.0,0.0
2023-01-17 19:00:00+05:30,22.0,46,2.69,0.0,0.0,0.0,0.0,0.0,95000.0,0.0
2023-01-17 20:00:00+05:30,18.9,61,2.45,0.0,0.0,0.0,0.0,0.0,95030.0,0.0
2023-01-17 21:00:00+05:30,18.0,65,2.09,0.0,0.0,0.0,0.0,0.0,95080.0,0.0
2023-01-17 22:00:00+05:30,16.6,74,1.72,0.0,0.0,0.0,0.0,0.0,95050.0,0.0
2023-01-17 23:00:00+05:30,15.4,83,1.92,0.0,0.0,0.0,0.0,0.0,94990.0,0.0
2023-01-18 00:00:00+05:30,14.6,88,2.15,0.0,0.0,0.0,0.0,0.0,94940.0,0.0
2023-01-18 01:00:00+05:30,14.9,87,1.41,0.0,0.0,0.0,0.0,0.0,94930.0,0.0
2023-01-18 02:00:00+05:30,15.2,84,0.5,0.0,0.0,0.0,0.0,0.0,94910.0,0.0
2023-01-18 03:00:00+05:30,13.1,93,1.6,0.0,0.0,0.0,0.0,0.0,94830.0,0.0
2023-01-18 04:00:00+05:30,14.9,84,1.12,0.0,0.0,0.0,0.0,0.0,94880.0,0.0
2023-01-18 05:00:00+05:30,14.4,87,0.72,0.0,0.0,0.0,0.0,0.0,94940.0,0.0
2023-01-18 06:00:00+05:30,14.1,87,0.41,0.0,0.0,0.0,0.0,0.0,95020.0,0.0
2023-01-18 07:00:00+05:30,13.8,89,0.1,0.0,3.0,1.0,2.0,18.8,95110.0,0.0
2023-01-18 08:00:00+05:30,15.6,80,0.61,0.0,119.0,72.0,47.0,419.4,95240.0,0.0
2023-01-18 09:00:00+05:30,19.5,61,0.58,0.0,333.0,249.0,84.0,657.2,95380.0,0.0
2023-01-18 10:00:00+05:30,23.0,46,1.58,0.0,537.0,435.0,102.0,787.2,95440.0,0.0
2023-01-18 11:00:00+05:30,25.8,36,2.31,0.0,694.0,581.0,113.0,853.0,95400.0,0.0
2023-01-18 12:00:00+05:30,27.9,31,2.06,0.0,787.0,670.0,117.0,886.8,95300.0,0.0
2023-01-18 13:00:00+05:30,29.0,28,0.92,0.0,807.0,689.0,118.0,893.7,95180.0,0.0
2023-01-18 14:00:00+05:30,29.7,26,0.36,0.0,748.0,634.0,114.0,873.1,95080.0,0.0
2023-01-18 15:00:00+05:30,29.9,26,0.57,0.0,622.0,516.0,106.0,826.6,95020.0,0.0
2023-01-18 16:00:00+05:30,29.6,26,0.81,0.0,439.0,347.0,92.0,734.9,95000.0,0.0
2023-01-18 17:00:00+05:30,28.9,31,1.53,0.0,224.0,156.0,68.0,556.5,94970.0,0.0
2023-01-18 18:00:00+05:30,24.2,40,2.18,0.0,39.0,19.0,20.0,171.9,94960.0,0.0
2023-01-18 19:00:00+05:30,23.5,37,3.61,0.0,0.0,0.0,0.0,0.0,95070.0,0.0
2023-01-18 20:00:00+05:30,20.4,43,2.25,0.0,0.0,0.0,0.0,0.0,95120.0,0.0
2023-01-18 21:00:00+05:30,18.7,49,2.28,0.0,0.0,0.0,0.0,0.0,95160.0,0.0
2023-01-18 22:00:00+05:30,17.5,55,1.92,0.0,0.0,0.0,0.0,0.0,95130.0,0.0
2023-01-18 23:00:00+05:30,16.4,61,2.28,0.0,0.0,0.0,0.0,0.0,95070.0,0.0
2023-01-19 00:00:00+05:30,15.6,64,1.72,0.0,0.0,0.0,0.0,0.0,95060.0,0.0
2023-01-19 01:00:00+05:30,16.5,61,0.41,0.0,0.0,0.0,0.0,0.0,95010.0,0.0
2023-01-19 02:00:00+05:30,14.0,72,1.3,0.0,0.0,0.0,0.0,0.0,94890.0,0.0
2023-01-19 03:00:00+05:30,13.1,74,1.79,0.0,0.0,0.0,0.0,0.0,94850.0,0.0
2023-01-19 04:00:00+05:30,13.6,66,1.36,0.0,0.0,0.0,0.0,0.0,94860.0,0.0
2023-01-19 05:00:00+05:30,14.6,63,0.5,0.0,0.0,0.0,0.0,0.0,94990.0,0.0
2023-01-19 06:00:00+05:30,14.1,67,0.61,0.0,0.0,0.0,0.0,0.0,95050.0,0.0
2023-01-19 07:00:00+05:30,13.5,70,0.54,0.0,3.0,1.0,2.0,18.8,95130.0,0.0
2023-01-19 08:00:00+05:30,15.8,64,0.76,0.0,118.0,70.0,48.0,407.0,95260.0,0.0
2023-01-19 09:00:00+05:30,20.2,48,0.78,0.0,330.0,246.0,84.0,648.1,95410.0,0.0
2023-01-19 10:00:00+05:30,24.5,39,0.81,0.0,532.0,430.0,102.0,776.5,95440.0,0.0
2023-01-19 11:00:00+05:30,27.8,35,1.43,0.0,690.0,576.0,114.0,843.7,95400.0,0.0
2023-01-19 12:00:00+05:30,29.6,28,1.61,0.0,782.0,664.0,118.0,876.6,95290.0,0.0
2023-01-19 13:00:00+05:30,30.4,25,1.8,0.0,801.0,683.0,118.0,883.3,95160.0,0.0
2023-01-19 14:00:00+05:30,30.6,25,1.71,0.0,746.0,631.0,115.0,866.0,95070.0,0.0
2023-01-19 15:00:00+05:30,30.6,25,1.0,0.0,621.0,514.0,107.0,819.9,95000.0,0.0
2023-01-19 16:00:00+05:30,30.3,25,0.22,0.0,439.0,347.0,92.0,730.7,94970.0,0.0
2023-01-19 17:00:00+05:30,29.0,57,0.91,0.0,225.0,156.0,69.0,551.4,94960.0,0.0
2023-01-19 18:00:00+05:30,25.0,35,1.92,0.0,40.0,20.0,20.0,178.8,94940.0,0.0
2023-01-19 19:00:00+05:30,23.6,40,3.44,0.0,0.0,0.0,0.0,0.0,95050.0,0.0
2023-01-19 20:00:00+05:30,20.6,51,1.87,0.0,0.0,0.0,0.0,0.0,95060.0,0.0
2023-01-19 21:00:00+05:30,20.0,55,1.8,0.0,0.0,0.0,0.0,0.0,95130.0,0.0
2023-01-19 22:00:00+05:30,18.5,63,1.56,0.0,0.0,0.0,0.0,0.0,95130.0,0.0
2023-01-19 23:00:00+05:30,18.5,65,1.22,0.0,0.0,0.0,0.0,0.0,95080.0,0.0
2023-01-20 00:00:00+05:30,16.5,74,1.43,0.0,0.0,0.0,0.0,0.0,95000.0,0.0
2023-01-20 01:00:00+05:30,15.2,80,1.97,0.0,0.0,0.0,0.0,0.0,94900.0,0.0
2023-01-20 02:00:00+05:30,14.7,80,2.06,0.0,0.0,0.0,0.0,0.0,94830.0,0.0
2023-01-20 03:00:00+05:30,14.8,75,1.88,0.0,0.0,0.0,0.0,0.0,94780.0,0.0
2023-01-20 04:00:00+05:30,15.9,66,1.41,0.0,0.0,0.0,0.0,0.0,94790.0,0.0
2023-01-20 05:00:00+05:30,15.6,83,0.58,0.0,0.0,0.0,0.0,0.0,94840.0,0.0
2023-01-20 06:00:00+05:30,13.7,91,1.6,0.04,0.0,0.0,0.0,0.0,94900.0,0.0
2023-01-20 07:00:00+05:30,15.1,85,1.04,0.0,3.0,1.0,2.0,18.7,95050.0,0.0
2023-01-20 08:00:00+05:30,16.6,78,1.03,0.0,117.0,69.0,48.0,400.3,95180.0,0.0
2023-01-20 09:00:00+05:30,20.8,61,0.8,0.07,328.0,243.0,85.0,638.8,95340.0,0.0
2023-01-20 10:00:00+05:30,24.7,46,0.72,0.09,529.0,424.0,105.0,764.0,95410.0,0.0
2023-01-20 11:00:00+05:30,27.4,37,0.91,0.35,684.0,568.0,116.0,830.0,95350.0,0.0
2023-01-20 12:00:00+05:30,29.0,30,0.82,0.71,775.0,653.0,122.0,859.7,95250.0,0.0
2023-01-20 13:00:00+05:30,29.9,27,1.34,0.54,796.0,674.0,122.0,869.1,95130.0,0.0
2023-01-20 14:00:00+05:30,30.3,26,1.86,0.42,742.0,625.0,117.0,854.7,95020.0,0.0
2023-01-20 15:00:00+05:30,30.2,26,2.56,0.67,618.0,509.0,109.0,808.4,94980.0,0.0
2023-01-20 16:00:00+05:30,29.4,26,3.2,0.05,438.0,344.0,94.0,720.3,94970.0,0.0
2023-01-20 17:00:00+05:30,28.2,27,2.69,0.0,226.0,156.0,70.0,546.3,94970.0,0.0
2023-01-20 18:00:00+05:30,24.7,36,3.62,0.26,41.0,21.0,20.0,185.5,94980.0,0.0
2023-01-20 19:00:00+05:30,22.1,41,2.56,0.18,0.0,0.0,0.0,0.0,95060.0,0.0
2023-01-20 20:00:00+05:30,20.2,45,1.65,0.0,0.0,0.0,0.0,0.0,95110.0,0.0
2023-01-20 21:00:00+05:30,18.6,51,2.12,0.0,0.0,0.0,0.0,0.0,95110.0,0.0
2023-01-20 22:00:00+05:30,17.9,57,1.91,0.0,0.0,0.0,0.0,0.0,95110.0,0.0
2023-01-20 23:00:00+05:30,16.9,64,1.78,0.0,0.0,0.0,0.0,0.0,95060.0,0.0
2023-01-21 00:00:00+05:30,15.9,70,1.84,0.0,0.0,0.0,0.0,0.0,95000.0,0.0
2023-01-21 01:00:00+05:30,15.5,73,1.61,0.0,0.0,0.0,0.0,0.0,94930.0,0.0
2023-01-21 02:00:00+05:30,16.6,67,0.36,0.05,0.0,0.0,0.0,0.0,94920.0,0.0
2023-01-21 03:00:00+05:30,16.2,69,0.57,0.16,0.0,0.0,0.0,0.0,94890.0,0.0
2023-01-21 04:00:00+05:30,14.0,77,1.02,0.02,0.0,0.0,0.0,0.0,94830.0,0.0
2023-01-21 05:00:00+05:30,13.6,83,1.53,0.43,0.0,0.0,0.0,0.0,94910.0,0.0
2023-01-21 06:00:00+05:30,13.1,83,1.3,0.97,0.0,0.0,0.0,0.0,95000.0,0.0
2023-01-21 07:00:00+05:30,14.6,74,0.41,0.86,3.0,1.0,2.0,18.7,95090.0,0.0
2023-01-21 08:00:00+05:30,16.6,66,0.58,0.25,117.0,67.0,50.0,387.6,95220.0,0.0
2023-01-21 09:00:00+05:30,20.6,52,0.32,0.53,328.0,243.0,85.0,637.3,95380.0,0.0
2023-01-21 10:00:00+05:30,24.2,41,0.45,0.0,530.0,426.0,104.0,765.7,95410.0,0.0
2023-01-21 11:00:00+05:30,26.6,34,0.58,0.0,687.0,571.0,116.0,832.3,95350.0,0.0
2023-01-21 12:00:00+05:30,28.0,31,0.36,0.0,780.0,659.0,121.0,865.2,95260.0,0.0
2023-01-21 13:00:00+05:30,28.6,29,1.12,0.0,800.0,679.0,121.0,872.8,95130.0,0.0
2023-01-21 14:00:00+05:30,29.0,30,1.17,0.0,746.0,628.0,118.0,855.7,95010.0,0.0
2023-01-21 15:00:00+05:30,29.1,30,1.22,0.0,622.0,512.0,110.0,809.7,94950.0,0.0
2023-01-21 16:00:00+05:30,28.9,29,1.58,0.0,440.0,345.0,95.0,718.2,94920.0,0.0
2023-01-21 17:00:00+05:30,27.6,30,2.38,0.01,227.0,155.0,72.0,537.8,94940.0,0.0
2023-01-21 18:00:00+05:30,24.7,35,3.26,0.01,42.0,21.0,21.0,183.4,94920.0,0.0
2023-01-21 19:00:00+05:30,22.4,43,3.35,0.0,0.0,0.0,0.0,0.0,95010.0,0.0
2023-01-21 20:00:00+05:30,20.4,50,1.82,0.0,0.0,0.0,0.0,0.0,95070.0,0.0
2023-01-21 21:00:00+05:30,18.8,56,1.5,0.0,0.0,0.0,0.0,0.0,95090.0,0.0
2023-01-21 22:00:00+05:30,18.2,56,1.7,0.0,0.0,0.0,0.0,0.0,95090.0,0.0
2023-01-21 23:00:00+05:30,16.9,61,2.14,0.0,0.0,0.0,0.0,0.0,95040.0,0.0
2023-01-22 00:00:00+05:30,16.8,60,1.28,0.0,0.0,0.0,0.0,0.0,95000.0,0.0
2023-01-22 01:00:00+05:30,15.6,65,1.5,0.0,0.0,0.0,0.0,0.0,94920.0,0.0
2023-01-22 02:00:00+05:30,15.4,66,1.28,0.0,0.0,0.0,0.0,0.0,94850.0,0.0
2023-01-22 03:00:00+05:30,14.9,66,1.68,0.0,0.0,0.0,0.0,0.0,94800.0,0.0
2023-01-22 04:00:00+05:30,15.4,63,1.61,0.0,0.0,0.0,0.0,0.0,94800.0,0.0
2023-01-22 05:00:00+05:30,15.5,63,0.92,0.0,0.0,0.0,0.0,0.0,94840.0,0.0
2023-01-22 06:00:00+05:30,15.1,65,0.14,0.6,0.0,0.0,0.0,0.0,94910.0,0.0
2023-01-22 07:00:00+05:30,13.5,77,1.03,0.63,3.0,1.0,2.0,18.6,94960.0,0.0
2023-01-22 08:00:00+05:30,16.9,63,0.7,0.57,118.0,69.0,49.0,397.8,95150.0,0.0
2023-01-22 09:00:00+05:30,20.4,48,0.14,0.04,329.0,243.0,86.0,635.7,95280.0,0.0
2023-01-22 10:00:00+05:30,23.4,41,0.5,0.0,531.0,426.0,105.0,763.8,95320.0,0.0
2023-01-22 11:00:00+05:30,25.8,34,0.54,0.0,688.0,572.0,116.0,831.5,95260.0,0.0
2023-01-22 12:00:00+05:30,27.4,32,0.9,0.0,781.0,660.0,121.0,864.0,95140.0,0.0
2023-01-22 13:00:00+05:30,28.7,30,1.43,0.0,802.0,681.0,121.0,872.5,95000.0,0.0
2023-01-22 14:00:00+05:30,29.4,29,2.0,0.0,749.0,631.0,118.0,856.7,94880.0,0.0
2023-01-22 15:00:00+05:30,29.3,29,2.28,0.0,624.0,515.0,109.0,810.8,94810.0,0.0
2023-01-22 16:00:00+05:30,28.6,29,2.81,0.0,444.0,349.0,95.0,722.3,94780.0,0.0
2023-01-22 17:00:00+05:30,27.2,33,2.9,0.0,232.0,161.0,71.0,553.5,94820.0,0.0
2023-01-22 18:00:00+05:30,24.4,39,4.04,0.0,43.0,22.0,21.0,189.9,94830.0,0.0
2023-01-22 19:00:00+05:30,21.2,48,3.58,0.0,0.0,0.0,0.0,0.0,94900.0,0.0
2023-01-22 20:00:00+05:30,19.7,54,2.2,0.0,0.0,0.0,0.0,0.0,94970.0,0.0
2023-01-22 21:00:00+05:30,18.6,58,1.73,0.0,0.0,0.0,0.0,0.0,95030.0,0.0
2023-01-22 22:00:00+05:30,17.9,62,1.43,0.0,0.0,0.0,0.0,0.0,95040.0,0.0
2023-01-22 23:00:00+05:30,16.2,69,1.5,0.0,0.0,0.0,0.0,0.0,94990.0,0.0
2023-01-23 00:00:00+05:30,15.6,73,1.64,0.0,0.0,0.0,0.0,0.0,94900.0,0.0
2023-01-23 01:00:00+05:30,14.9,76,2.0,0.0,0.0,0.0,0.0,0.0,94860.0,0.0
2023-01-23 02:00:00+05:30,14.7,76,1.22,0.0,0.0,0.0,0.0,0.0,94820.0,0.0
2023-01-23 03:00:00+05:30,15.6,70,0.41,0.0,0.0,0.0,0.0,0.0,94780.0,0.0
2023-01-23 04:00:00+05:30,13.9,80,0.73,0.0,0.0,0.0,0.0,0.0,94750.0,0.0
2023-01-23 05:00:00+05:30,13.4,86,0.82,0.0,0.0,0.0,0.0,0.0,94770.0,0.0
2023-01-23 06:00:00+05:30,13.3,85,0.63,0.0,0.0,0.0,0.0,0.0,94840.0,0.0
2023-01-23 07:00:00+05:30,12.3,91,1.03,0.0,3.0,1.0,2.0,18.5,94860.0,0.0
2023-01-23 08:00:00+05:30,16.0,72,0.64,0.0,119.0,70.0,49.0,402.1,95040.0,0.0
2023-01-23 09:00:00+05:30,19.6,56,0.28,0.0,331.0,245.0,86.0,639.1,95170.0,0.0
2023-01-23 10:00:00+05:30,23.2,44,0.57,0.0,535.0,429.0,106.0,767.1,95200.0,0.0
2023-01-23 11:00:00+05:30,26.0,38,0.81,0.0,693.0,576.0,117.0,835.0,95130.0,0.0
2023-01-23 12:00:00+05:30,28.0,33,2.02,0.0,788.0,666.0,122.0,869.3,95000.0,0.0
2023-01-23 13:00:00+05:30,29.0,31,2.2,0.0,809.0,687.0,122.0,877.3,94890.0,0.0
2023-01-23 14:00:00+05:30,29.5,29,2.59,0.0,752.0,634.0,118.0,857.5,94810.0,0.0
2023-01-23 15:00:00+05:30,29.1,27,3.32,0.0,629.0,520.0,109.0,815.0,94750.0,0.0
2023-01-23 16:00:00+05:30,28.2,28,3.51,0.0,451.0,356.0,95.0,732.5,94750.0,0.0
2023-01-23 17:00:00+05:30,26.4,34,2.66,0.0,237.0,165.0,72.0,562.0,94770.0,0.0
2023-01-23 18:00:00+05:30,23.4,44,3.08,0.0,46.0,23.0,23.0,196.2,94790.0,0.0
2023-01-23 19:00:00+05:30,21.5,47,3.72,0.0,0.0,0.0,0.0,0.0,94840.0,0.0
2023-01-23 20:00:00+05:30,19.5,55,1.9,0.0,0.0,0.0,0.0,0.0,94920.0,0.0
2023-01-23 21:00:00+05:30,17.9,64,1.4,0.0,0.0,0.0,0.0,0.0,94960.0,0.0
2023-01-23 22:00:00+05:30,16.9,70,1.7,0.0,0.0,0.0,0.0,0.0,94970.0,0.0
2023-01-23 23:00:00+05:30,17.5,67,1.0,0.0,0.0,0.0,0.0,0.0,94970.0,0.0
2023-01-24 00:00:00+05:30,15.4,79,1.36,0.0,0.0,0.0,0.0,0.0,94870.0,0.0
2023-01-24 01:00:00+05:30,14.6,84,1.5,0.0,0.0,0.0,0.0,0.0,94790.0,0.0
2023-01-24 02:00:00+05:30,14.1,90,1.7,0.0,0.0,0.0,0.0,0.0,94720.0,0.0
2023-01-24 03:00:00+05:30,13.9,92,1.61,0.0,0.0,0.0,0.0,0.0,94690.0,0.0
2023-01-24 04:00:00+05:30,14.0,91,1.43,0.0,0.0,0.0,0.0,0.0,94690.0,0.0
2023-01-24 05:00:00+05:30,14.5,92,0.64,0.0,0.0,0.0,0.0,0.0,94740.0,0.0
2023-01-24 06:00:00+05:30,12.9,96,1.21,0.0,0.0,0.0,0.0,0.0,94780.0,0.0
2023-01-24 07:00:00+05:30,13.4,92,0.58,0.0,3.0,1.0,2.0,18.4,94880.0,0.0
2023-01-24 08:00:00+05:30,16.0,80,0.45,0.01,116.0,67.0,49.0,383.2,95020.0,0.0
2023-01-24 09:00:00+05:30,19.9,62,0.45,0.0,326.0,237.0,89.0,616.4,95170.0,0.0
2023-01-24 10:00:00+05:30,23.2,49,0.67,0.0,527.0,419.0,108.0,747.1,95230.0,0.0
2023-01-24 11:00:00+05:30,25.8,45,0.36,0.0,684.0,564.0,120.0,815.3,95170.0,0.0
2023-01-24 12:00:00+05:30,27.9,43,1.27,0.0,777.0,651.0,126.0,847.1,95050.0,0.0
2023-01-24 13:00:00+05:30,29.6,37,3.04,0.22,793.0,660.0,133.0,840.1,94910.0,0.0
2023-01-24 14:00:00+05:30,29.5,37,3.58,0.01,710.0,567.0,143.0,764.0,94790.0,0.0
2023-01-24 15:00:00+05:30,29.1,37,3.9,0.0,621.0,507.0,114.0,791.1,94720.0,0.0
2023-01-24 16:00:00+05:30,27.8,37,4.4,0.0,443.0,345.0,98.0,705.8,94730.0,0.0
2023-01-24 17:00:00+05:30,24.9,41,3.89,0.0,234.0,161.0,73.0,543.4,94800.0,0.0
2023-01-24 18:00:00+05:30,22.5,46,3.0,0.0,46.0,23.0,23.0,194.0,94850.0,0.0
2023-01-24 19:00:00+05:30,20.6,54,3.1,0.0,0.0,0.0,0.0,0.0,94910.0,0.0
2023-01-24 20:00:00+05:30,19.0,63,2.73,0.0,0.0,0.0,0.0,0.0,94960.0,0.0
2023-01-24 21:00:00+05:30,17.9,70,2.45,0.0,0.0,0.0,0.0,0.0,94970.0,0.0
2023-01-24 22:00:00+05:30,17.0,75,1.81,0.0,0.0,0.0,0.0,0.0,94980.0,0.0
2023-01-24 23:00:00+05:30,16.1,79,1.2,0.0,0.0,0.0,0.0,0.0,94950.0,0.0
2023-01-25 00:00:00+05:30,15.4,84,1.52,0.0,0.0,0.0,0.0,0.0,94900.0,0.0
2023-01-25 01:00:00+05:30,15.1,83,1.1,0.07,0.0,0.0,0.0,0.0,94890.0,0.0
2023-01-25 02:00:00+05:30,14.9,83,1.3,0.09,0.0,0.0,0.0,0.0,94830.0,0.0
2023-01-25 03:00:00+05:30,14.5,83,0.91,0.05,0.0,0.0,0.0,0.0,94790.0,0.0
2023-01-25 04:00:00+05:30,13.9,86,1.2,0.04,0.0,0.0,0.0,0.0,94770.0,0.0
2023-01-25 05:00:00+05:30,14.9,84,0.94,0.02,0.0,0.0,0.0,0.0,94820.0,0.0
2023-01-25 06:00:00+05:30,14.9,82,0.51,0.16,0.0,0.0,0.0,0.0,94880.0,0.0
2023-01-25 07:00:00+05:30,14.9,82,0.85,0.07,3.0,0.0,3.0,0.0,94940.0,0.0
2023-01-25 08:00:00+05:30,17.5,69,0.51,0.01,112.0,61.0,51.0,347.3,95070.0,0.0
2023-01-25 09:00:00+05:30,20.3,58,0.3,0.0,319.0,227.0,92.0,588.5,95140.0,0.0
2023-01-25 10:00:00+05:30,23.2,50,0.51,0.02,519.0,406.0,113.0,721.8,95180.0,0.0
2023-01-25 11:00:00+05:30,25.4,46,0.91,0.01,672.0,545.0,127.0,785.5,95100.0,0.0
2023-01-25 12:00:00+05:30,26.9,44,0.67,0.03,770.0,641.0,129.0,831.5,95000.0,0.0
2023-01-25 13:00:00+05:30,29.1,39,0.42,0.54,789.0,654.0,135.0,829.6,94890.0,0.0
2023-01-25 14:00:00+05:30,29.5,39,2.62,0.43,667.0,461.0,206.0,618.8,94790.0,0.2
2023-01-25 15:00:00+05:30,29.3,39,3.22,0.12,560.0,405.0,155.0,629.1,94760.0,0.0
2023-01-25 16:00:00+05:30,28.2,39,3.51,0.05,414.0,304.0,110.0,618.3,94750.0,0.0
2023-01-25 17:00:00+05:30,25.9,44,3.36,0.0,225.0,148.0,77.0,495.0,94830.0,0.0
2023-01-25 18:00:00+05:30,24.0,47,2.75,0.0,46.0,22.0,24.0,183.4,94860.0,0.0
2023-01-25 19:00:00+05:30,22.3,49,2.83,0.03,0.0,0.0,0.0,0.0,94920.0,0.0
2023-01-25 20:00:00+05:30,20.9,52,1.84,0.15,0.0,0.0,0.0,0.0,94960.0,0.0
2023-01-25 21:00:00+05:30,19.6,59,1.75,0.24,0.0,0.0,0.0,0.0,94980.0,0.0
2023-01-25 22:00:00+05:30,19.5,60,1.06,0.4,0.0,0.0,0.0,0.0,94990.0,0.0
2023-01-25 23:00:00+05:30,20.0,56,0.36,0.24,0.0,0.0,0.0,0.0,94990.0,0.0
2023-01-26 00:00:00+05:30,19.6,57,0.63,0.22,0.0,0.0,0.0,0.0,94950.0,0.0
2023-01-26 01:00:00+05:30,17.8,67,0.5,0.37,0.0,0.0,0.0,0.0,94880.0,0.0
2023-01-26 02:00:00+05:30,17.1,68,0.61,0.06,0.0,0.0,0.0,0.0,94820.0,0.0
2023-01-26 03:00:00+05:30,16.5,72,0.73,0.22,0.0,0.0,0.0,0.0,94760.0,0.0
2023-01-26 04:00:00+05:30,17.6,65,1.1,0.11,0.0,0.0,0.0,0.0,94830.0,0.0
2023-01-26 05:00:00+05:30,16.9,75,1.32,0.0,0.0,0.0,0.0,0.0,94880.0,0.0
2023-01-26 06:00:00+05:30,16.6,78,1.62,0.15,0.0,0.0,0.0,0.0,94960.0,0.0
2023-01-26 07:00:00+05:30,16.9,82,1.14,0.07,3.0,0.0,3.0,0.0,95010.0,0.0
2023-01-26 08:00:00+05:30,19.2,75,1.52,0.01,112.0,59.0,53.0,334.2,95110.0,0.0
2023-01-26 09:00:00+05:30,21.5,68,2.0,0.04,322.0,230.0,92.0,594.2,95210.0,0.0
2023-01-26 10:00:00+05:30,24.1,58,2.52,0.01,515.0,395.0,120.0,700.1,95240.0,0.0
2023-01-26 11:00:00+05:30,26.6,52,3.42,0.06,677.0,547.0,130.0,785.9,95190.0,0.0
2023-01-26 12:00:00+05:30,28.2,45,2.86,0.43,676.0,501.0,175.0,647.8,95080.0,0.0
2023-01-26 13:00:00+05:30,29.0,42,1.79,0.27,673.0,467.0,206.0,590.4,94980.0,0.0
2023-01-26 14:00:00+05:30,29.5,39,1.58,0.19,655.0,493.0,162.0,659.2,94880.0,0.1
2023-01-26 15:00:00+05:30,29.4,39,2.27,0.24,569.0,432.0,137.0,668.0,94850.0,0.1
2023-01-26 16:00:00+05:30,28.6,41,1.7,0.23,389.0,264.0,125.0,533.8,94860.0,0.0
2023-01-26 17:00:00+05:30,27.6,42,1.3,0.22,200.0,119.0,81.0,394.4,94870.0,0.0
2023-01-26 18:00:00+05:30,26.9,44,0.81,0.09,44.0,20.0,24.0,164.9,94910.0,0.0
2023-01-26 19:00:00+05:30,23.9,55,1.65,0.04,0.0,0.0,0.0,0.0,94930.0,0.0
2023-01-26 20:00:00+05:30,22.8,58,3.33,0.01,0.0,0.0,0.0,0.0,95010.0,0.0
2023-01-26 21:00:00+05:30,21.0,65,1.7,0.0,0.0,0.0,0.0,0.0,95020.0,0.0
2023-01-26 22:00:00+05:30,19.5,72,1.92,0.0,0.0,0.0,0.0,0.0,95010.0,0.0
2023-01-26 23:00:00+05:30,19.0,74,0.89,0.16,0.0,0.0,0.0,0.0,94990.0,0.0
2023-01-27 00:00:00+05:30,18.7,78,0.78,0.28,0.0,0.0,0.0,0.0,94960.0,0.0
2023-01-27 01:00:00+05:30,19.3,74,1.1,0.33,0.0,0.0,0.0,0.0,94960.0,0.0
2023-01-27 02:00:00+05:30,18.6,76,1.48,0.23,0.0,0.0,0.0,0.0,94900.0,0.0
2023-01-27 03:00:00+05:30,18.0,79,1.9,0.1,0.0,0.0,0.0,0.0,94850.0,0.0
2023-01-27 04:00:00+05:30,17.5,83,1.91,0.02,0.0,0.0,0.0,0.0,94830.0,0.0
2023-01-27 05:00:00+05:30,17.5,86,1.84,0.08,0.0,0.0,0.0,0.0,94890.0,0.0
2023-01-27 06:00:00+05:30,16.9,89,1.62,0.05,0.0,0.0,0.0,0.0,94960.0,0.0
2023-01-27 07:00:00+05:30,17.1,91,1.41,0.0,4.0,1.0,3.0,18.0,95040.0,0.0
2023-01-27 08:00:00+05:30,20.0,78,1.66,0.0,116.0,65.0,51.0,366.2,95190.0,0.0
2023-01-27 09:00:00+05:30,22.8,63,2.73,0.0,327.0,237.0,90.0,610.1,95280.0,0.0
2023-01-27 10:00:00+05:30,25.5,48,3.1,0.0,531.0,422.0,109.0,745.5,95310.0,0.0
2023-01-27 11:00:00+05:30,27.6,40,3.21,0.0,692.0,572.0,120.0,819.3,95240.0,0.0
2023-01-27 12:00:00+05:30,29.4,33,3.28,0.0,788.0,663.0,125.0,854.5,95120.0,0.0
2023-01-27 13:00:00+05:30,30.4,30,3.3,0.0,812.0,688.0,124.0,866.7,95000.0,0.0
2023-01-27 14:00:00+05:30,30.9,29,3.08,0.0,760.0,640.0,120.0,852.5,94890.0,0.0
2023-01-27 15:00:00+05:30,31.1,28,2.65,0.22,623.0,508.0,115.0,781.9,94830.0,0.0
2023-01-27 16:00:00+05:30,30.8,27,2.51,0.36,397.0,272.0,125.0,546.8,94820.0,0.0
2023-01-27 17:00:00+05:30,28.7,31,4.12,0.66,172.0,88.0,84.0,289.1,94860.0,0.0
2023-01-27 18:00:00+05:30,26.2,35,2.33,0.21,46.0,23.0,23.0,187.5,94920.0,0.0
2023-01-27 19:00:00+05:30,25.0,37,3.2,0.03,0.0,0.0,0.0,0.0,94970.0,0.0
2023-01-27 20:00:00+05:30,23.9,38,3.0,0.02,0.0,0.0,0.0,0.0,95030.0,0.0
2023-01-27 21:00:00+05:30,21.1,47,2.47,0.03,0.0,0.0,0.0,0.0,95020.0,0.0
2023-01-27 22:00:00+05:30,22.2,42,1.08,0.02,0.0,0.0,0.0,0.0,95050.0,0.0
2023-01-27 23:00:00+05:30,19.3,53,1.43,0.03,0.0,0.0,0.0,0.0,94960.0,0.0
2023-01-28 00:00:00+05:30,18.0,60,1.78,0.06,0.0,0.0,0.0,0.0,94860.0,0.0
2023-01-28 01:00:00+05:30,18.0,58,1.7,0.0,0.0,0.0,0.0,0.0,94870.0,0.0
2023-01-28 02:00:00+05:30,17.2,61,1.75,0.0,0.0,0.0,0.0,0.0,94810.0,0.0
2023-01-28 03:00:00+05:30,17.2,59,2.21,0.0,0.0,0.0,0.0,0.0,94770.0,0.0
2023-01-28 04:00:00+05:30,17.0,58,2.16,0.0,0.0,0.0,0.0,0.0,94790.0,0.0
2023-01-28 05:00:00+05:30,15.1,72,2.24,0.0,0.0,0.0,0.0,0.0,94790.0,0.0
2023-01-28 06:00:00+05:30,14.7,76,2.28,0.0,0.0,0.0,0.0,0.0,94880.0,0.0
2023-01-28 07:00:00+05:30,14.7,78,1.98,0.0,4.0,1.0,3.0,17.9,94950.0,0.0
2023-01-28 08:00:00+05:30,17.7,65,1.3,0.0,123.0,74.0,49.0,414.4,95100.0,0.0
2023-01-28 09:00:00+05:30,21.3,52,1.43,0.0,340.0,254.0,86.0,651.4,95220.0,0.0
2023-01-28 10:00:00+05:30,25.1,40,2.2,0.0,547.0,443.0,104.0,780.0,95230.0,0.0
2023-01-28 11:00:00+05:30,28.1,29,3.4,0.0,710.0,595.0,115.0,849.5,95160.0,0.0
2023-01-28 12:00:00+05:30,29.5,23,4.02,0.0,809.0,690.0,119.0,886.4,95030.0,0.0
2023-01-28 13:00:00+05:30,30.4,20,3.67,0.0,834.0,714.0,120.0,896.3,94910.0,0.0
2023-01-28 14:00:00+05:30,31.0,18,2.83,0.0,781.0,665.0,116.0,882.3,94820.0,0.0
2023-01-28 15:00:00+05:30,30.9,18,2.09,0.0,655.0,546.0,109.0,836.6,94760.0,0.0
2023-01-28 16:00:00+05:30,30.5,18,1.9,0.0,471.0,376.0,95.0,751.5,94740.0,0.0
2023-01-28 17:00:00+05:30,29.2,24,1.0,0.0,253.0,180.0,73.0,586.1,94720.0,0.0
2023-01-28 18:00:00+05:30,26.2,29,1.3,0.0,53.0,28.0,25.0,225.8,94700.0,0.0
2023-01-28 19:00:00+05:30,23.5,35,2.69,0.0,0.0,0.0,0.0,0.0,94710.0,0.0
2023-01-28 20:00:00+05:30,22.0,39,2.1,0.0,0.0,0.0,0.0,0.0,94840.0,0.0
2023-01-28 21:00:00+05:30,19.5,59,1.81,0.0,0.0,0.0,0.0,0.0,94840.0,0.0
2023-01-28 22:00:00+05:30,18.2,68,2.24,0.0,0.0,0.0,0.0,0.0,94840.0,0.0
2023-01-28 23:00:00+05:30,17.8,71,1.53,0.0,0.0,0.0,0.0,0.0,94810.0,0.0
2023-01-29 00:00:00+05:30,17.5,74,2.0,0.0,0.0,0.0,0.0,0.0,94760.0,0.0
2023-01-29 01:00:00+05:30,15.9,82,1.79,0.0,0.0,0.0,0.0,0.0,94680.0,0.0
2023-01-29 02:00:00+05:30,15.2,86,1.44,0.0,0.0,0.0,0.0,0.0,94620.0,0.0
2023-01-29 03:00:00+05:30,14.4,92,1.98,0.0,0.0,0.0,0.0,0.0,94540.0,0.0
2023-01-29 04:00:00+05:30,15.6,85,1.12,0.0,0.0,0.0,0.0,0.0,94590.0,0.0
2023-01-29 05:00:00+05:30,15.3,88,0.2,0.0,0.0,0.0,0.0,0.0,94590.0,0.0
2023-01-29 06:00:00+05:30,13.4,96,1.51,0.08,0.0,0.0,0.0,0.0,94630.0,0.0
2023-01-29 07:00:00+05:30,13.6,97,1.36,0.58,4.0,1.0,3.0,17.7,94700.0,0.0
2023-01-29 08:00:00+05:30,17.4,80,0.73,0.95,122.0,72.0,50.0,400.7,94840.0,0.0
2023-01-29 09:00:00+05:30,21.9,63,0.14,0.16,338.0,250.0,88.0,638.6,94990.0,0.0
2023-01-29 10:00:00+05:30,25.0,52,0.63,0.55,546.0,441.0,105.0,773.9,95030.0,0.0
2023-01-29 11:00:00+05:30,27.1,43,1.13,1.0,705.0,588.0,117.0,836.7,94970.0,0.0
2023-01-29 12:00:00+05:30,29.1,32,2.22,1.0,796.0,664.0,132.0,850.1,94860.0,0.0
2023-01-29 13:00:00+05:30,29.6,31,3.36,0.99,813.0,674.0,139.0,843.1,94750.0,0.0
2023-01-29 14:00:00+05:30,30.2,29,3.33,0.97,714.0,575.0,139.0,759.9,94620.0,0.0
2023-01-29 15:00:00+05:30,29.8,32,4.6,0.78,545.0,391.0,154.0,596.4,94530.0,0.0
2023-01-29 16:00:00+05:30,28.7,35,4.97,0.55,412.0,290.0,122.0,576.3,94530.0,0.0
2023-01-29 17:00:00+05:30,28.0,34,3.83,0.15,240.0,161.0,79.0,519.6,94570.0,0.0
2023-01-29 18:00:00+05:30,24.1,60,5.4,0.79,51.0,25.0,26.0,199.5,94620.0,0.0
2023-01-29 19:00:00+05:30,21.8,79,2.79,0.92,0.0,0.0,0.0,0.0,94740.0,0.0
2023-01-29 20:00:00+05:30,20.9,88,2.8,0.98,0.0,0.0,0.0,0.0,94840.0,0.0
2023-01-29 21:00:00+05:30,20.4,91,2.75,0.99,0.0,0.0,0.0,0.0,94910.0,0.0
2023-01-29 22:00:00+05:30,20.4,90,1.66,1.0,0.0,0.0,0.0,0.0,94940.0,0.0
2023-01-29 23:00:00+05:30,19.0,96,1.75,0.75,0.0,0.0,0.0,0.0,94880.0,0.0
2023-01-30 00:00:00+05:30,18.8,96,0.71,0.02,0.0,0.0,0.0,0.0,94880.0,0.0
2023-01-30 01:00:00+05:30,17.1,100,1.36,1.0,0.0,0.0,0.0,0.0,94820.0,0.0
2023-01-30 02:00:00+05:30,17.1,100,0.36,1.0,0.0,0.0,0.0,0.0,94830.0,0.0
2023-01-30 03:00:00+05:30,17.8,99,0.82,1.0,0.0,0.0,0.0,0.0,94820.0,0.0
2023-01-30 04:00:00+05:30,17.9,99,0.64,1.0,0.0,0.0,0.0,0.0,94850.0,0.0
2023-01-30 05:00:00+05:30,18.0,99,0.71,1.0,0.0,0.0,0.0,0.0,94890.0,0.0
2023-01-30 06:00:00+05:30,18.0,98,0.81,1.0,0.0,0.0,0.0,0.0,94980.0,0.0
2023-01-30 07:00:00+05:30,18.0,99,1.24,1.0,2.0,0.0,2.0,0.0,95060.0,0.0
2023-01-30 08:00:00+05:30,19.0,90,1.58,0.43,69.0,3.0,66.0,16.6,95180.0,0.0
2023-01-30 09:00:00+05:30,21.4,75,1.71,0.87,298.0,177.0,121.0,450.3,95270.0,0.0
2023-01-30 10:00:00+05:30,23.7,63,1.43,0.56,491.0,332.0,159.0,580.6,95300.0,0.0
2023-01-30 11:00:00+05:30,26.4,51,1.93,1.0,696.0,568.0,128.0,805.6,95260.0,0.0
2023-01-30 12:00:00+05:30,28.5,39,1.7,0.75,768.0,621.0,147.0,792.4,95150.0,0.0
2023-01-30 13:00:00+05:30,29.6,32,1.22,0.16,794.0,655.0,139.0,816.4,95040.0,0.0
2023-01-30 14:00:00+05:30,30.1,29,1.58,0.44,696.0,519.0,177.0,683.2,94940.0,0.0
2023-01-30 15:00:00+05:30,30.1,28,1.75,0.33,608.0,468.0,140.0,710.6,94890.0,0.0
2023-01-30 16:00:00+05:30,29.6,28,1.51,0.23,414.0,282.0,132.0,557.2,94890.0,0.0
2023-01-30 17:00:00+05:30,28.0,32,0.72,0.06,245.0,166.0,79.0,531.2,94930.0,0.0
2023-01-30 18:00:00+05:30,26.0,38,1.14,0.05,53.0,27.0,26.0,213.1,94920.0,0.0
2023-01-30 19:00:00+05:30,23.9,44,2.34,0.03,0.0,0.0,0.0,0.0,94990.0,0.0
2023-01-30 20:00:00+05:30,22.1,64,2.64,0.04,0.0,0.0,0.0,0.0,95060.0,0.0
2023-01-30 21:00:00+05:30,20.0,77,2.24,0.0,0.0,0.0,0.0,0.0,95070.0,0.0
2023-01-30 22:00:00+05:30,21.1,70,1.39,0.0,0.0,0.0,0.0,0.0,95140.0,0.0
2023-01-30 23:00:00+05:30,18.6,82,1.84,0.0,0.0,0.0,0.0,0.0,95060.0,0.0
2023-01-31 00:00:00+05:30,19.6,77,0.5,0.0,0.0,0.0,0.0,0.0,95070.0,0.0
2023-01-31 01:00:00+05:30,19.4,78,1.43,0.0,0.0,0.0,0.0,0.0,95020.0,0.0
2023-01-31 02:00:00+05:30,17.0,84,2.63,0.0,0.0,0.0,0.0,0.0,94940.0,0.0
2023-01-31 03:00:00+05:30,18.6,70,2.06,0.0,0.0,0.0,0.0,0.0,94940.0,0.0
2023-01-31 04:00:00+05:30,16.5,80,2.2,0.0,0.0,0.0,0.0,0.0,94930.0,0.0
2023-01-31 05:00:00+05:30,17.7,81,2.21,0.0,0.0,0.0,0.0,0.0,94970.0,0.0
2023-01-31 06:00:00+05:30,17.3,85,1.55,0.25,0.0,0.0,0.0,0.0,95040.0,0.0
2023-01-31 07:00:00+05:30,17.2,89,1.57,0.05,4.0,1.0,3.0,17.4,95090.0,0.0
2023-01-31 08:00:00+05:30,19.8,78,1.77,0.08,116.0,64.0,52.0,351.3,95250.0,0.0
2023-01-31 09:00:00+05:30,22.1,68,2.53,0.09,330.0,235.0,95.0,595.3,95330.0,0.0
2023-01-31 10:00:00+05:30,24.4,58,3.08,0.0,536.0,422.0,114.0,735.3,95390.0,0.0
2023-01-31 11:00:00+05:30,26.6,50,3.41,0.17,699.0,575.0,124.0,812.7,95320.0,0.0
2023-01-31 12:00:00+05:30,28.4,39,3.4,0.07,748.0,592.0,156.0,752.8,95210.0,0.0
2023-01-31 13:00:00+05:30,29.4,33,2.6,0.22,734.0,555.0,179.0,689.3,95090.0,0.0
2023-01-31 14:00:00+05:30,30.1,30,2.6,0.35,719.0,581.0,138.0,761.8,94960.0,0.0
2023-01-31 15:00:00+05:30,30.0,30,2.95,0.14,579.0,435.0,144.0,657.5,94890.0,0.0
2023-01-31 16:00:00+05:30,29.5,30,2.8,0.8,451.0,343.0,108.0,673.9,94880.0,0.0
2023-01-31 17:00:00+05:30,27.7,35,3.81,0.37,239.0,157.0,82.0,498.1,94880.0,0.0
2023-01-31 18:00:00+05:30,25.8,42,3.1,0.2,49.0,23.0,26.0,179.7,94920.0,0.0
2023-01-31 19:00:00+05:30,22.8,53,2.38,0.23,0.0,0.0,0.0,0.0,94930.0,0.0
2023-01-31 20:00:00+05:30,24.4,46,1.58,0.08,0.0,0.0,0.0,0.0,95040.0,0.0
2023-01-31 21:00:00+05:30,23.6,49,1.14,0.09,0.0,0.0,0.0,0.0,95050.0,0.0
2023-01-31 22:00:00+05:30,22.8,52,0.14,0.03,0.0,0.0,0.0,0.0,95060.0,0.0
2023-01-31 23:00:00+05:30,20.1,63,1.51,0.15,0.0,0.0,0.0,0.0,95010.0,0.0
2023-02-01 00:00:00+05:30,19.1,66,1.99,0.21,0.0,0.0,0.0,0.0,94980.0,0.0
2023-02-01 01:00:00+05:30,19.2,63,1.7,0.21,0.0,0.0,0.0,0.0,94960.0,0.0
2023-02-01 02:00:00+05:30,18.2,70,1.66,0.66,0.0,0.0,0.0,0.0,94910.0,0.0
2023-02-01 03:00:00+05:30,17.5,77,1.8,0.6,0.0,0.0,0.0,0.0,94870.0,0.0
2023-02-01 04:00:00+05:30,17.0,80,1.75,0.59,0.0,0.0,0.0,0.0,94870.0,0.0
2023-02-01 05:00:00+05:30,16.6,85,2.47,0.98,0.0,0.0,0.0,0.0,94920.0,0.0
2023-02-01 06:00:00+05:30,17.2,84,1.53,0.84,0.0,0.0,0.0,0.0,95010.0,0.0
2023-02-01 07:00:00+05:30,17.3,85,1.25,0.26,4.0,1.0,3.0,17.2,95140.0,0.0
2023-02-01 08:00:00+05:30,20.1,72,1.4,0.75,114.0,57.0,57.0,310.6,95250.0,0.0
2023-02-01 09:00:00+05:30,22.5,63,2.9,0.19,317.0,204.0,113.0,514.5,95360.0,0.0
2023-02-01 10:00:00+05:30,24.9,54,3.8,0.04,518.0,380.0,138.0,659.7,95390.0,0.0
2023-02-01 11:00:00+05:30,26.6,47,3.8,0.29,692.0,561.0,131.0,790.2,95320.0,0.1
2023-02-01 12:00:00+05:30,27.6,41,3.1,0.1,707.0,540.0,167.0,684.3,95230.0,0.0
2023-02-01 13:00:00+05:30,28.9,37,2.4,0.21,776.0,627.0,149.0,775.9,95120.0,0.0
2023-02-01 14:00:00+05:30,29.5,34,2.22,0.17,709.0,547.0,162.0,714.4,95020.0,0.0
2023-02-01 15:00:00+05:30,29.8,31,2.43,0.45,588.0,459.0,129.0,690.6,94950.0,0.0
2023-02-01 16:00:00+05:30,29.5,31,2.4,0.62,406.0,297.0,109.0,580.2,94930.0,0.0
2023-02-01 17:00:00+05:30,26.0,46,2.52,0.58,216.0,132.0,84.0,415.3,94960.0,0.0
2023-02-01 18:00:00+05:30,24.6,51,1.36,0.47,46.0,19.0,27.0,146.9,94980.0,0.1
2023-02-01 19:00:00+05:30,23.5,55,1.72,0.34,0.0,0.0,0.0,0.0,95060.0,0.0
2023-02-01 20:00:00+05:30,23.0,57,2.88,0.31,0.0,0.0,0.0,0.0,95120.0,0.0
2023-02-01 21:00:00+05:30,22.5,58,2.86,0.16,0.0,0.0,0.0,0.0,95160.0,0.0
2023-02-01 22:00:00+05:30,21.8,61,2.4,0.2,0.0,0.0,0.0,0.0,95180.0,0.0
2023-02-01 23:00:00+05:30,20.7,65,1.61,0.11,0.0,0.0,0.0,0.0,95130.0,0.0
2023-02-02 00:00:00+05:30,20.0,68,1.7,0.16,0.0,0.0,0.0,0.0,95070.0,0.0
2023-02-02 01:00:00+05:30,19.2,72,1.66,0.17,0.0,0.0,0.0,0.0,95000.0,0.0
2023-02-02 02:00:00+05:30,18.4,76,1.94,0.01,0.0,0.0,0.0,0.0,94960.0,0.0
2023-02-02 03:00:00+05:30,17.6,79,1.81,0.0,0.0,0.0,0.0,0.0,94920.0,0.0
2023-02-02 04:00:00+05:30,17.0,82,1.8,0.02,0.0,0.0,0.0,0.0,94920.0,0.0
2023-02-02 05:00:00+05:30,18.0,78,1.41,0.01,0.0,0.0,0.0,0.0,94990.0,0.0
2023-02-02 06:00:00+05:30,16.8,84,1.84,0.03,0.0,0.0,0.0,0.0,95030.0,0.0
2023-02-02 07:00:00+05:30,16.3,87,1.49,0.04,4.0,1.0,3.0,17.0,95120.0,0.0
2023-02-02 08:00:00+05:30,19.6,72,1.17,0.0,123.0,69.0,54.0,373.1,95270.0,0.0
2023-02-02 09:00:00+05:30,22.4,58,2.21,0.0,340.0,249.0,91.0,625.2,95390.0,0.0
2023-02-02 10:00:00+05:30,24.9,49,3.4,0.0,546.0,435.0,111.0,752.3,95420.0,0.0
2023-02-02 11:00:00+05:30,27.0,41,4.12,0.0,708.0,585.0,123.0,821.1,95360.0,0.0
2023-02-02 12:00:00+05:30,28.6,35,4.31,0.0,808.0,679.0,129.0,857.4,95240.0,0.0
2023-02-02 13:00:00+05:30,29.5,31,3.9,0.0,834.0,706.0,128.0,870.5,95110.0,0.0
2023-02-02 14:00:00+05:30,30.0,29,3.6,0.0,784.0,661.0,123.0,859.9,95000.0,0.0
2023-02-02 15:00:00+05:30,30.0,28,3.21,0.0,660.0,545.0,115.0,816.4,94930.0,0.0
2023-02-02 16:00:00+05:30,29.9,28,2.96,0.21,480.0,380.0,100.0,738.3,94920.0,0.0
2023-02-02 17:00:00+05:30,28.5,30,2.56,0.09,246.0,162.0,84.0,505.5,94950.0,0.0
2023-02-02 18:00:00+05:30,25.1,40,1.94,0.13,57.0,27.0,30.0,206.7,94900.0,0.0
2023-02-02 19:00:00+05:30,25.8,36,0.7,0.05,0.0,0.0,0.0,0.0,95030.0,0.0
2023-02-02 20:00:00+05:30,24.3,39,1.49,0.05,0.0,0.0,0.0,0.0,95100.0,0.0
2023-02-02 21:00:00+05:30,23.5,41,1.48,0.0,0.0,0.0,0.0,0.0,95150.0,0.0
2023-02-02 22:00:00+05:30,21.4,49,1.7,0.0,0.0,0.0,0.0,0.0,95140.0,0.0
2023-02-02 23:00:00+05:30,21.2,49,1.43,0.0,0.0,0.0,0.0,0.0,95160.0,0.0
2023-02-03 00:00:00+05:30,19.7,54,1.89,0.0,0.0,0.0,0.0,0.0,95080.0,0.0
2023-02-03 01:00:00+05:30,17.5,62,2.69,0.0,0.0,0.0,0.0,0.0,94990.0,0.0
2023-02-03 02:00:00+05:30,19.6,52,1.75,0.0,0.0,0.0,0.0,0.0,95010.0,0.0
2023-02-03 03:00:00+05:30,16.9,64,1.6,1.0,0.0,0.0,0.0,0.0,94950.0,0.0
2023-02-03 04:00:00+05:30,15.6,69,1.79,0.49,0.0,0.0,0.0,0.0,94910.0,0.0
2023-02-03 05:00:00+05:30,16.5,65,1.5,0.59,0.0,0.0,0.0,0.0,95030.0,0.0
2023-02-03 06:00:00+05:30,16.0,66,1.25,0.97,0.0,0.0,0.0,0.0,95080.0,0.0
2023-02-03 07:00:00+05:30,15.6,68,0.76,0.92,5.0,1.0,4.0,16.8,95150.0,0.0
2023-02-03 08:00:00+05:30,17.5,63,0.67,0.27,129.0,76.0,53.0,407.7,95270.0,0.0
2023-02-03 09:00:00+05:30,21.0,51,1.08,0.28,350.0,260.0,90.0,649.7,95420.0,0.0
2023-02-03 10:00:00+05:30,24.3,38,2.28,0.16,561.0,452.0,109.0,778.7,95460.0,0.0
2023-02-03 11:00:00+05:30,27.0,30,3.3,0.45,725.0,605.0,120.0,846.1,95400.0,0.0
2023-02-03 12:00:00+05:30,28.6,26,3.22,0.2,824.0,699.0,125.0,879.6,95280.0,0.0
2023-02-03 13:00:00+05:30,29.4,24,2.5,0.95,851.0,725.0,126.0,890.7,95160.0,0.0
2023-02-03 14:00:00+05:30,29.8,22,2.3,0.96,800.0,678.0,122.0,878.6,95030.0,0.0
2023-02-03 15:00:00+05:30,30.0,21,2.24,0.71,677.0,562.0,115.0,838.1,94980.0,0.0
2023-02-03 16:00:00+05:30,29.7,21,2.19,0.42,493.0,393.0,100.0,759.3,94960.0,0.0
2023-02-03 17:00:00+05:30,28.6,22,0.45,0.0,272.0,195.0,77.0,603.5,94990.0,0.0
2023-02-03 18:00:00+05:30,28.0,24,0.98,0.0,63.0,34.0,29.0,257.7,95020.0,0.0
2023-02-03 19:00:00+05:30,27.0,25,0.41,0.0,0.0,0.0,0.0,0.0,95080.0,0.0
2023-02-03 20:00:00+05:30,21.1,40,2.22,0.0,0.0,0.0,0.0,0.0,95050.0,0.0
2023-02-03 21:00:00+05:30,19.5,44,2.09,0.0,0.0,0.0,0.0,0.0,95080.0,0.0
2023-02-03 22:00:00+05:30,18.6,47,2.25,0.0,0.0,0.0,0.0,0.0,95130.0,0.0
2023-02-03 23:00:00+05:30,21.2,42,1.75,0.0,0.0,0.0,0.0,0.0,95170.0,0.0
2023-02-04 00:00:00+05:30,21.0,44,0.67,0.0,0.0,0.0,0.0,0.0,95130.0,0.0
2023-02-04 01:00:00+05:30,20.0,47,0.9,0.0,0.0,0.0,0.0,0.0,95040.0,0.0
2023-02-04 02:00:00+05:30,16.6,61,1.92,0.0,0.0,0.0,0.0,0.0,94910.0,0.0
2023-02-04 03:00:00+05:30,18.5,53,0.92,0.0,0.0,0.0,0.0,0.0,94890.0,0.0
2023-02-04 04:00:00+05:30,17.0,59,1.51,0.0,0.0,0.0,0.0,0.0,94870.0,0.0
2023-02-04 05:00:00+05:30,13.4,78,2.01,0.0,0.0,0.0,0.0,0.0,94860.0,0.0
2023-02-04 06:00:00+05:30,13.6,73,1.8,0.0,0.0,0.0,0.0,0.0,94920.0,0.0
2023-02-04 07:00:00+05:30,13.9,72,1.12,0.0,5.0,1.0,4.0,16.6,94970.0,0.0
2023-02-04 08:00:00+05:30,16.6,61,1.0,0.0,133.0,81.0,52.0,430.9,95130.0,0.0
2023-02-04 09:00:00+05:30,20.3,48,0.81,0.0,358.0,270.0,88.0,671.5,95240.0,0.0
2023-02-04 10:00:00+05:30,23.9,35,1.49,0.0,571.0,465.0,106.0,798.0,95280.0,0.0
2023-02-04 11:00:00+05:30,27.0,27,2.12,0.2,737.0,620.0,117.0,864.0,95230.0,0.0
2023-02-04 12:00:00+05:30,29.0,24,2.1,0.5,837.0,714.0,123.0,895.3,95130.0,0.0
2023-02-04 13:00:00+05:30,30.1,22,1.04,0.67,862.0,738.0,124.0,903.4,95010.0,0.0
2023-02-04 14:00:00+05:30,30.8,20,0.8,0.71,809.0,688.0,121.0,888.1,94910.0,0.0
2023-02-04 15:00:00+05:30,30.9,20,1.06,0.73,683.0,570.0,113.0,846.3,94850.0,0.0
2023-02-04 16:00:00+05:30,30.5,19,1.25,0.2,497.0,397.0,100.0,762.9,94840.0,0.0
2023-02-04 17:00:00+05:30,29.3,21,0.99,0.4,275.0,198.0,77.0,607.9,94870.0,0.0
2023-02-04 18:00:00+05:30,24.6,31,2.52,0.0,65.0,36.0,29.0,270.2,94810.0,0.0
2023-02-04 19:00:00+05:30,23.4,32,2.04,0.0,0.0,0.0,0.0,0.0,94840.0,0.0
2023-02-04 20:00:00+05:30,21.7,38,2.84,0.0,0.0,0.0,0.0,0.0,94880.0,0.0
2023-02-04 21:00:00+05:30,23.5,32,0.9,0.0,0.0,0.0,0.0,0.0,95020.0,0.0
2023-02-04 22:00:00+05:30,18.6,48,1.81,0.0,0.0,0.0,0.0,0.0,94980.0,0.0
2023-02-04 23:00:00+05:30,17.9,54,2.16,0.0,0.0,0.0,0.0,0.0,94940.0,0.0
2023-02-05 00:00:00+05:30,18.3,51,2.08,0.0,0.0,0.0,0.0,0.0,94920.0,0.0
2023-02-05 01:00:00+05:30,18.6,48,0.8,0.0,0.0,0.0,0.0,0.0,94880.0,0.0
2023-02-05 02:00:00+05:30,17.6,55,0.85,0.0,0.0,0.0,0.0,0.0,94800.0,0.0
2023-02-05 03:00:00+05:30,17.8,55,0.71,0.0,0.0,0.0,0.0,0.0,94770.0,0.0
2023-02-05 04:00:00+05:30,16.6,59,0.94,0.0,0.0,0.0,0.0,0.0,94750.0,0.0
2023-02-05 05:00:00+05:30,14.3,70,1.24,0.0,0.0,0.0,0.0,0.0,94720.0,0.0
2023-02-05 06:00:00+05:30,14.4,66,1.57,0.0,0.0,0.0,0.0,0.0,94790.0,0.0
2023-02-05 07:00:00+05:30,13.4,70,1.92,0.0,5.0,1.0,4.0,16.4,94860.0,0.0
2023-02-05 08:00:00+05:30,17.2,54,0.98,0.0,135.0,83.0,52.0,437.8,95010.0,0.0
2023-02-05 09:00:00+05:30,21.0,44,0.99,0.0,361.0,273.0,88.0,675.6,95150.0,0.0
2023-02-05 10:00:00+05:30,24.5,35,1.39,0.0,575.0,469.0,106.0,801.6,95220.0,0.0
2023-02-05 11:00:00+05:30,27.5,28,1.63,0.0,740.0,623.0,117.0,865.0,95170.0,0.0
2023-02-05 12:00:00+05:30,29.5,25,1.1,0.28,839.0,717.0,122.0,895.9,95070.0,0.0
2023-02-05 13:00:00+05:30,30.6,23,0.45,0.54,863.0,739.0,124.0,901.3,94980.0,0.0
2023-02-05 14:00:00+05:30,31.0,23,1.06,0.44,809.0,689.0,120.0,886.0,94880.0,0.0
2023-02-05 15:00:00+05:30,31.2,23,1.21,0.35,683.0,570.0,113.0,842.6,94810.0,0.0
2023-02-05 16:00:00+05:30,31.0,23,1.58,0.0,496.0,397.0,99.0,758.8,94790.0,0.0
2023-02-05 17:00:00+05:30,30.1,24,2.2,0.0,274.0,197.0,77.0,600.2,94800.0,0.0
2023-02-05 18:00:00+05:30,26.1,30,1.94,0.0,65.0,36.0,29.0,267.7,94780.0,0.0
2023-02-05 19:00:00+05:30,24.9,33,3.77,0.0,0.0,0.0,0.0,0.0,94870.0,0.0
2023-02-05 20:00:00+05:30,22.8,40,1.92,0.0,0.0,0.0,0.0,0.0,94920.0,0.0
2023-02-05 21:00:00+05:30,21.9,43,1.97,0.0,0.0,0.0,0.0,0.0,94980.0,0.0
2023-02-05 22:00:00+05:30,20.0,49,1.87,0.0,0.0,0.0,0.0,0.0,94970.0,0.0
2023-02-05 23:00:00+05:30,21.3,44,0.92,0.0,0.0,0.0,0.0,0.0,94980.0,0.0
2023-02-06 00:00:00+05:30,17.7,58,1.72,0.07,0.0,0.0,0.0,0.0,94890.0,0.0
2023-02-06 01:00:00+05:30,16.8,63,1.77,0.02,0.0,0.0,0.0,0.0,94850.0,0.0
2023-02-06 02:00:00+05:30,16.5,66,1.75,0.0,0.0,0.0,0.0,0.0,94800.0,0.0
2023-02-06 03:00:00+05:30,17.2,62,0.57,0.05,0.0,0.0,0.0,0.0,94760.0,0.0
2023-02-06 04:00:00+05:30,14.7,72,1.58,0.6,0.0,0.0,0.0,0.0,94700.0,0.0
2023-02-06 05:00:00+05:30,15.8,70,1.04,0.3,0.0,0.0,0.0,0.0,94730.0,0.0
2023-02-06 06:00:00+05:30,15.1,72,0.92,0.38,0.0,0.0,0.0,0.0,94800.0,0.0
2023-02-06 07:00:00+05:30,15.1,72,0.61,0.0,5.0,1.0,4.0,16.2,94870.0,0.0
2023-02-06 08:00:00+05:30,17.8,63,0.41,0.0,136.0,83.0,53.0,433.9,94970.0,0.0
2023-02-06 09:00:00+05:30,22.1,47,0.81,0.0,361.0,273.0,88.0,672.2,95160.0,0.0
2023-02-06 10:00:00+05:30,26.3,33,0.85,0.0,574.0,467.0,107.0,795.0,95240.0,0.0
2023-02-06 11:00:00+05:30,29.0,26,0.85,0.0,740.0,623.0,117.0,861.8,95200.0,0.0
2023-02-06 12:00:00+05:30,30.9,22,1.96,0.35,839.0,716.0,123.0,891.5,95090.0,0.0
2023-02-06 13:00:00+05:30,32.0,19,3.14,0.85,864.0,741.0,123.0,900.5,94960.0,0.0
2023-02-06 14:00:00+05:30,31.9,18,4.0,1.0,813.0,692.0,121.0,886.4,94870.0,0.0
2023-02-06 15:00:00+05:30,31.4,19,4.02,0.53,687.0,573.0,114.0,843.4,94820.0,0.0
2023-02-06 16:00:00+05:30,30.5,20,3.94,0.03,503.0,404.0,99.0,768.2,94820.0,0.0
2023-02-06 17:00:00+05:30,29.1,21,3.89,0.0,280.0,202.0,78.0,610.7,94850.0,0.0
2023-02-06 18:00:00+05:30,26.1,26,2.78,0.02,68.0,38.0,30.0,280.0,94870.0,0.0
2023-02-06 19:00:00+05:30,24.0,30,2.84,0.0,0.0,0.0,0.0,0.0,94880.0,0.0
2023-02-06 20:00:00+05:30,22.1,36,2.6,0.0,0.0,0.0,0.0,0.0,94940.0,0.0
2023-02-06 21:00:00+05:30,20.5,47,2.12,0.0,0.0,0.0,0.0,0.0,94940.0,0.0
2023-02-06 22:00:00+05:30,19.5,56,2.04,0.0,0.0,0.0,0.0,0.0,94930.0,0.0
2023-02-06 23:00:00+05:30,18.5,60,1.84,0.0,0.0,0.0,0.0,0.0,94890.0,0.0
2023-02-07 00:00:00+05:30,17.2,64,2.5,0.0,0.0,0.0,0.0,0.0,94860.0,0.0
2023-02-07 01:00:00+05:30,19.4,53,1.0,0.0,0.0,0.0,0.0,0.0,94870.0,0.0
2023-02-07 02:00:00+05:30,18.6,57,0.1,0.0,0.0,0.0,0.0,0.0,94810.0,0.0
2023-02-07 03:00:00+05:30,15.1,73,1.7,0.0,0.0,0.0,0.0,0.0,94690.0,0.0
2023-02-07 04:00:00+05:30,15.9,68,0.91,0.0,0.0,0.0,0.0,0.0,94710.0,0.0
2023-02-07 05:00:00+05:30,15.9,74,0.64,0.07,0.0,0.0,0.0,0.0,94720.0,0.0
2023-02-07 06:00:00+05:30,16.0,73,0.22,0.92,0.0,0.0,0.0,0.0,94820.0,0.0
2023-02-07 07:00:00+05:30,15.4,75,0.51,0.94,6.0,1.0,5.0,16.0,94880.0,0.0
2023-02-07 08:00:00+05:30,17.5,67,0.36,0.45,137.0,83.0,54.0,429.9,94990.0,0.0
2023-02-07 09:00:00+05:30,21.9,50,0.41,0.24,364.0,275.0,89.0,673.6,95140.0,0.0
2023-02-07 10:00:00+05:30,25.6,36,1.1,0.11,577.0,470.0,107.0,796.8,95210.0,0.0
2023-02-07 11:00:00+05:30,28.2,27,1.41,0.0,744.0,627.0,117.0,864.2,95190.0,0.0
2023-02-07 12:00:00+05:30,29.9,24,0.82,0.67,845.0,722.0,123.0,895.7,95090.0,0.0
2023-02-07 13:00:00+05:30,30.9,22,0.89,0.83,869.0,745.0,124.0,902.1,94980.0,0.0
2023-02-07 14:00:00+05:30,31.3,22,1.58,0.82,815.0,692.0,123.0,883.1,94860.0,0.0
2023-02-07 15:00:00+05:30,31.4,21,1.55,0.94,691.0,577.0,114.0,845.7,94790.0,0.0
2023-02-07 16:00:00+05:30,31.1,23,0.81,0.73,504.0,403.0,101.0,762.3,94760.0,0.0
2023-02-07 17:00:00+05:30,30.5,22,0.3,1.0,279.0,201.0,78.0,603.2,94780.0,0.0
2023-02-07 18:00:00+05:30,25.8,30,2.16,1.0,68.0,37.0,31.0,270.2,94730.0,0.0
2023-02-07 19:00:00+05:30,25.2,25,3.75,1.0,0.0,0.0,0.0,0.0,94820.0,0.0
2023-02-07 20:00:00+05:30,21.9,34,2.44,1.0,0.0,0.0,0.0,0.0,94850.0,0.0
2023-02-07 21:00:00+05:30,20.4,40,2.15,1.0,0.0,0.0,0.0,0.0,94900.0,0.0
2023-02-07 22:00:00+05:30,20.8,41,1.06,0.87,0.0,0.0,0.0,0.0,94940.0,0.0
2023-02-07 23:00:00+05:30,19.0,48,1.4,0.07,0.0,0.0,0.0,0.0,94890.0,0.0
2023-02-08 00:00:00+05:30,18.5,50,1.3,0.65,0.0,0.0,0.0,0.0,94840.0,0.0
2023-02-08 01:00:00+05:30,19.1,47,0.58,0.99,0.0,0.0,0.0,0.0,94840.0,0.0
2023-02-08 02:00:00+05:30,16.7,56,1.14,0.99,0.0,0.0,0.0,0.0,94730.0,0.0
2023-02-08 03:00:00+05:30,15.7,59,1.39,1.0,0.0,0.0,0.0,0.0,94690.0,0.0
2023-02-08 04:00:00+05:30,16.7,54,0.99,1.0,0.0,0.0,0.0,0.0,94730.0,0.0
2023-02-08 05:00:00+05:30,15.5,63,0.86,0.97,0.0,0.0,0.0,0.0,94810.0,0.0
2023-02-08 06:00:00+05:30,15.7,61,0.89,0.06,0.0,0.0,0.0,0.0,94920.0,0.0
2023-02-08 07:00:00+05:30,15.8,61,0.51,0.07,6.0,1.0,5.0,15.7,94990.0,0.0
2023-02-08 08:00:00+05:30,18.0,56,0.36,0.7,139.0,84.0,55.0,431.0,95120.0,0.0
2023-02-08 09:00:00+05:30,21.6,45,0.67,0.93,364.0,274.0,90.0,667.6,95270.0,0.0
2023-02-08 10:00:00+05:30,25.0,38,1.58,0.99,575.0,461.0,114.0,778.2,95330.0,0.0
2023-02-08 11:00:00+05:30,27.9,33,2.14,0.86,741.0,615.0,126.0,844.4,95290.0,0.0
2023-02-08 12:00:00+05:30,30.0,29,2.0,0.8,844.0,717.0,127.0,886.3,95180.0,0.0
2023-02-08 13:00:00+05:30,31.4,25,1.6,0.86,869.0,742.0,127.0,895.2,95060.0,0.0
2023-02-08 14:00:00+05:30,32.2,23,1.33,0.67,818.0,692.0,126.0,879.7,94950.0,0.0
2023-02-08 15:00:00+05:30,32.4,23,1.03,0.09,696.0,582.0,114.0,849.4,94870.0,0.0
2023-02-08 16:00:00+05:30,32.2,23,0.92,0.12,509.0,409.0,100.0,769.7,94840.0,0.0
2023-02-08 17:00:00+05:30,31.6,25,1.0,0.08,282.0,204.0,78.0,607.7,94890.0,0.0
2023-02-08 18:00:00+05:30,28.4,31,1.61,0.0,70.0,39.0,31.0,282.3,94890.0,0.0
2023-02-08 19:00:00+05:30,26.1,35,2.01,0.0,0.0,0.0,0.0,0.0,94900.0,0.0
2023-02-08 20:00:00+05:30,26.1,34,0.8,0.23,0.0,0.0,0.0,0.0,95000.0,0.0
2023-02-08 21:00:00+05:30,22.1,44,1.84,0.48,0.0,0.0,0.0,0.0,95010.0,0.0
2023-02-08 22:00:00+05:30,23.8,38,1.64,0.96,0.0,0.0,0.0,0.0,95070.0,0.0
2023-02-08 23:00:00+05:30,22.6,41,1.58,0.91,0.0,0.0,0.0,0.0,95040.0,0.0
2023-02-09 00:00:00+05:30,18.4,54,2.1,0.56,0.0,0.0,0.0,0.0,94910.0,0.0
2023-02-09 01:00:00+05:30,17.4,59,2.2,0.61,0.0,0.0,0.0,0.0,94850.0,0.0
2023-02-09 02:00:00+05:30,18.7,53,1.17,0.01,0.0,0.0,0.0,0.0,94820.0,0.0
2023-02-09 03:00:00+05:30,16.9,60,0.61,0.14,0.0,0.0,0.0,0.0,94770.0,0.0
2023-02-09 04:00:00+05:30,15.6,66,0.91,0.2,0.0,0.0,0.0,0.0,94770.0,0.0
2023-02-09 05:00:00+05:30,14.8,70,1.2,0.41,0.0,0.0,0.0,0.0,94810.0,0.0
2023-02-09 06:00:00+05:30,14.3,72,1.34,0.82,0.0,0.0,0.0,0.0,94890.0,0.0
2023-02-09 07:00:00+05:30,14.9,70,0.64,0.61,6.0,2.0,4.0,31.0,94970.0,0.0
2023-02-09 08:00:00+05:30,17.8,62,0.45,0.94,143.0,88.0,55.0,447.1,95100.0,0.0
2023-02-09 09:00:00+05:30,22.2,47,0.4,0.88,372.0,282.0,90.0,683.3,95250.0,0.0
2023-02-09 10:00:00+05:30,26.1,38,1.0,0.86,589.0,481.0,108.0,808.5,95350.0,0.0
2023-02-09 11:00:00+05:30,29.0,30,1.63,0.82,756.0,637.0,119.0,871.3,95320.0,0.0
2023-02-09 12:00:00+05:30,31.1,22,1.51,0.64,858.0,734.0,124.0,904.0,95210.0,0.0
2023-02-09 13:00:00+05:30,32.5,17,1.36,0.57,885.0,760.0,125.0,913.6,95080.0,0.0
2023-02-09 14:00:00+05:30,33.2,14,1.12,0.55,835.0,713.0,122.0,902.9,94980.0,0.0
2023-02-09 15:00:00+05:30,33.4,14,0.58,0.8,711.0,596.0,115.0,866.2,94940.0,0.0
2023-02-09 16:00:00+05:30,33.0,16,1.12,0.89,521.0,420.0,101.0,786.5,94920.0,0.0
2023-02-09 17:00:00+05:30,32.2,20,0.81,0.53,290.0,209.0,81.0,618.1,94950.0,0.0
2023-02-09 18:00:00+05:30,27.2,27,2.1,0.47,73.0,41.0,32.0,294.3,94930.0,0.0
2023-02-09 19:00:00+05:30,26.2,28,2.18,0.23,0.0,0.0,0.0,0.0,94980.0,0.0
2023-02-09 20:00:00+05:30,25.0,31,3.05,0.01,0.0,0.0,0.0,0.0,95120.0,0.0
2023-02-09 21:00:00+05:30,22.4,37,2.37,0.0,0.0,0.0,0.0,0.0,95130.0,0.0
2023-02-09 22:00:00+05:30,20.8,40,2.97,0.0,0.0,0.0,0.0,0.0,95150.0,0.0
2023-02-09 23:00:00+05:30,23.6,31,1.22,0.1,0.0,0.0,0.0,0.0,95180.0,0.0
2023-02-10 00:00:00+05:30,20.1,41,1.2,0.12,0.0,0.0,0.0,0.0,95090.0,0.0
2023-02-10 01:00:00+05:30,21.8,35,0.64,0.18,0.0,0.0,0.0,0.0,95070.0,0.0
2023-02-10 02:00:00+05:30,19.7,41,1.0,0.0,0.0,0.0,0.0,0.0,94980.0,0.0
2023-02-10 03:00:00+05:30,19.7,41,0.81,0.02,0.0,0.0,0.0,0.0,94960.0,0.0
2023-02-10 04:00:00+05:30,18.9,43,0.22,0.09,0.0,0.0,0.0,0.0,94960.0,0.0
2023-02-10 05:00:00+05:30,18.0,47,0.86,0.28,0.0,0.0,0.0,0.0,95000.0,0.0
2023-02-10 06:00:00+05:30,16.8,52,0.85,0.24,0.0,0.0,0.0,0.0,95050.0,0.0
2023-02-10 07:00:00+05:30,15.6,58,0.3,0.18,7.0,2.0,5.0,30.6,95080.0,0.0
2023-02-10 08:00:00+05:30,18.7,53,0.42,0.82,144.0,89.0,55.0,447.6,95250.0,0.0
2023-02-10 09:00:00+05:30,23.6,39,0.14,0.44,373.0,283.0,90.0,681.8,95420.0,0.0
2023-02-10 10:00:00+05:30,27.4,32,0.61,0.0,588.0,481.0,107.0,804.9,95490.0,0.0
2023-02-10 11:00:00+05:30,30.2,25,1.2,0.08,756.0,637.0,119.0,867.9,95470.0,0.0
2023-02-10 12:00:00+05:30,32.0,21,0.7,0.0,857.0,733.0,124.0,899.5,95360.0,0.0
2023-02-10 13:00:00+05:30,33.0,18,0.54,0.0,883.0,758.0,125.0,907.8,95250.0,0.0
2023-02-10 14:00:00+05:30,33.5,17,1.14,0.0,830.0,708.0,122.0,893.2,95140.0,0.0
2023-02-10 15:00:00+05:30,33.5,15,1.44,0.0,702.0,589.0,113.0,852.5,95050.0,0.0
2023-02-10 16:00:00+05:30,33.2,16,1.26,0.0,515.0,414.0,101.0,771.3,94980.0,0.0
2023-02-10 17:00:00+05:30,32.2,17,0.81,0.0,289.0,210.0,79.0,616.7,94980.0,0.0
2023-02-10 18:00:00+05:30,31.0,19,1.24,0.0,74.0,41.0,33.0,291.8,95000.0,0.0
2023-02-10 19:00:00+05:30,25.1,29,2.25,0.0,0.0,0.0,0.0,0.0,94970.0,0.0
2023-02-10 20:00:00+05:30,23.0,36,2.42,0.0,0.0,0.0,0.0,0.0,95060.0,0.0
2023-02-10 21:00:00+05:30,21.8,37,2.62,0.0,0.0,0.0,0.0,0.0,95090.0,0.0
2023-02-10 22:00:00+05:30,21.8,33,2.64,0.0,0.0,0.0,0.0,0.0,95160.0,0.0
2023-02-10 23:00:00+05:30,20.4,35,0.4,0.0,0.0,0.0,0.0,0.0,95140.0,0.0
2023-02-11 00:00:00+05:30,19.2,42,1.22,0.0,0.0,0.0,0.0,0.0,95110.0,0.0
2023-02-11 01:00:00+05:30,20.1,39,0.14,0.0,0.0,0.0,0.0,0.0,95070.0,0.0
2023-02-11 02:00:00+05:30,17.4,47,1.63,0.0,0.0,0.0,0.0,0.0,94970.0,0.0
2023-02-11 03:00:00+05:30,16.8,47,1.94,0.0,0.0,0.0,0.0,0.0,94930.0,0.0
2023-02-11 04:00:00+05:30,19.1,38,0.81,0.0,0.0,0.0,0.0,0.0,94990.0,0.0
2023-02-11 05:00:00+05:30,18.0,46,1.42,0.0,0.0,0.0,0.0,0.0,94990.0,0.0
2023-02-11 06:00:00+05:30,16.9,49,1.58,0.0,0.0,0.0,0.0,0.0,95060.0,0.0
2023-02-11 07:00:00+05:30,17.1,48,0.81,0.0,7.0,2.0,5.0,30.1,95150.0,0.0
2023-02-11 08:00:00+05:30,19.6,46,0.54,0.0,145.0,90.0,55.0,447.8,95300.0,0.0
2023-02-11 09:00:00+05:30,24.3,35,0.28,0.0,375.0,286.0,89.0,685.0,95460.0,0.0
2023-02-11 10:00:00+05:30,27.9,27,0.98,0.0,591.0,483.0,108.0,804.6,95520.0,0.0
2023-02-11 11:00:00+05:30,30.5,23,1.24,0.0,758.0,639.0,119.0,867.2,95480.0,0.0
2023-02-11 12:00:00+05:30,32.2,19,0.63,0.0,859.0,735.0,124.0,898.6,95380.0,0.0
2023-02-11 13:00:00+05:30,33.2,17,0.1,0.0,885.0,759.0,126.0,905.7,95260.0,0.0
2023-02-11 14:00:00+05:30,33.8,16,0.32,0.0,832.0,710.0,122.0,892.3,95130.0,0.0
2023-02-11 15:00:00+05:30,34.0,16,1.08,0.21,705.0,591.0,114.0,851.8,95060.0,0.0
2023-02-11 16:00:00+05:30,33.8,15,2.69,0.0,519.0,417.0,102.0,773.1,95010.0,0.0
2023-02-11 17:00:00+05:30,32.2,14,4.03,0.0,293.0,214.0,79.0,624.1,95040.0,0.0
2023-02-11 18:00:00+05:30,28.7,15,3.47,0.0,76.0,43.0,33.0,303.5,95040.0,0.0
2023-02-11 19:00:00+05:30,26.4,17,3.19,0.0,0.0,0.0,0.0,0.0,95090.0,0.0
2023-02-11 20:00:00+05:30,23.7,22,2.02,0.0,0.0,0.0,0.0,0.0,95150.0,0.0
2023-02-11 21:00:00+05:30,22.1,31,2.01,0.0,0.0,0.0,0.0,0.0,95190.0,0.0
2023-02-11 22:00:00+05:30,21.7,38,1.8,0.0,0.0,0.0,0.0,0.0,95230.0,0.0
2023-02-11 23:00:00+05:30,22.5,36,0.86,0.0,0.0,0.0,0.0,0.0,95270.0,0.0
2023-02-12 00:00:00+05:30,21.6,37,1.8,0.0,0.0,0.0,0.0,0.0,95220.0,0.0
2023-02-12 01:00:00+05:30,20.9,36,1.8,0.0,0.0,0.0,0.0,0.0,95170.0,0.0
2023-02-12 02:00:00+05:30,20.0,36,1.52,0.0,0.0,0.0,0.0,0.0,95120.0,0.0
2023-02-12 03:00:00+05:30,19.0,37,1.4,0.0,0.0,0.0,0.0,0.0,95080.0,0.0
2023-02-12 04:00:00+05:30,18.5,39,0.72,0.0,0.0,0.0,0.0,0.0,95080.0,0.0
2023-02-12 05:00:00+05:30,18.0,43,0.76,0.0,0.0,0.0,0.0,0.0,95130.0,0.0
2023-02-12 06:00:00+05:30,17.3,45,1.0,0.0,0.0,0.0,0.0,0.0,95170.0,0.0
2023-02-12 07:00:00+05:30,16.8,47,0.8,0.0,8.0,2.0,6.0,29.6,95250.0,0.0
2023-02-12 08:00:00+05:30,18.9,46,0.54,0.0,150.0,93.0,57.0,457.8,95350.0,0.0
2023-02-12 09:00:00+05:30,22.6,38,0.81,0.0,382.0,292.0,90.0,695.2,95480.0,0.0
2023-02-12 10:00:00+05:30,26.0,31,1.58,0.0,600.0,491.0,109.0,814.2,95520.0,0.0
2023-02-12 11:00:00+05:30,29.0,24,2.32,0.0,768.0,648.0,120.0,875.9,95460.0,0.0
2023-02-12 12:00:00+05:30,31.1,21,2.4,0.0,869.0,744.0,125.0,906.2,95380.0,0.0
2023-02-12 13:00:00+05:30,32.7,18,1.84,0.0,893.0,767.0,126.0,911.9,95280.0,0.0
2023-02-12 14:00:00+05:30,33.4,14,1.58,0.0,839.0,717.0,122.0,897.7,95180.0,0.0
2023-02-12 15:00:00+05:30,33.6,13,1.36,0.0,713.0,598.0,115.0,858.3,95120.0,0.0
2023-02-12 16:00:00+05:30,33.3,14,1.62,0.0,526.0,424.0,102.0,782.2,95100.0,0.0
2023-02-12 17:00:00+05:30,31.8,17,2.53,0.0,298.0,218.0,80.0,631.4,95120.0,0.0
2023-02-12 18:00:00+05:30,26.4,26,2.9,0.0,78.0,44.0,34.0,308.0,95080.0,0.0
2023-02-12 19:00:00+05:30,26.0,25,2.8,0.0,0.0,0.0,0.0,0.0,95160.0,0.0
2023-02-12 20:00:00+05:30,25.5,25,3.55,0.0,0.0,0.0,0.0,0.0,95260.0,0.0
2023-02-12 21:00:00+05:30,24.5,27,3.35,0.0,0.0,0.0,0.0,0.0,95320.0,0.0
2023-02-12 22:00:00+05:30,23.4,31,3.28,0.0,0.0,0.0,0.0,0.0,95360.0,0.0
2023-02-12 23:00:00+05:30,21.8,35,2.47,0.0,0.0,0.0,0.0,0.0,95350.0,0.0
2023-02-13 00:00:00+05:30,19.6,42,1.97,0.0,0.0,0.0,0.0,0.0,95280.0,0.0
2023-02-13 01:00:00+05:30,18.0,48,2.55,0.0,0.0,0.0,0.0,0.0,95210.0,0.0
2023-02-13 02:00:00+05:30,17.3,51,2.43,0.0,0.0,0.0,0.0,0.0,95160.0,0.0
2023-02-13 03:00:00+05:30,16.8,53,2.4,0.0,0.0,0.0,0.0,0.0,95100.0,0.0
2023-02-13 04:00:00+05:30,15.9,56,2.22,0.0,0.0,0.0,0.0,0.0,95080.0,0.0
2023-02-13 05:00:00+05:30,15.3,58,2.2,0.0,0.0,0.0,0.0,0.0,95110.0,0.0
2023-02-13 06:00:00+05:30,15.1,58,1.94,0.0,0.0,0.0,0.0,0.0,95190.0,0.0
2023-02-13 07:00:00+05:30,14.4,66,1.86,0.0,8.0,2.0,6.0,29.2,95260.0,0.0
2023-02-13 08:00:00+05:30,18.4,50,1.43,0.0,151.0,94.0,57.0,457.6,95440.0,0.0
2023-02-13 09:00:00+05:30,22.2,39,1.91,0.0,385.0,293.0,92.0,693.4,95570.0,0.0
2023-02-13 10:00:00+05:30,25.4,31,3.2,0.0,604.0,494.0,110.0,815.3,95610.0,0.0
2023-02-13 11:00:00+05:30,28.2,23,3.81,0.0,775.0,655.0,120.0,881.7,95560.0,0.0
2023-02-13 12:00:00+05:30,30.1,19,3.7,0.0,878.0,752.0,126.0,912.5,95450.0,0.0
2023-02-13 13:00:00+05:30,31.4,17,3.3,0.0,906.0,779.0,127.0,922.7,95310.0,0.0
2023-02-13 14:00:00+05:30,32.1,16,3.1,0.0,853.0,729.0,124.0,909.3,95190.0,0.0
2023-02-13 15:00:00+05:30,32.5,15,3.0,0.0,725.0,609.0,116.0,870.5,95100.0,0.0
2023-02-13 16:00:00+05:30,32.5,14,2.81,0.0,535.0,432.0,103.0,793.1,95080.0,0.0
2023-02-13 17:00:00+05:30,31.5,14,2.0,0.0,304.0,223.0,81.0,641.5,95110.0,0.0
2023-02-13 18:00:00+05:30,25.9,20,2.85,0.0,81.0,46.0,35.0,319.5,95040.0,0.0
2023-02-13 19:00:00+05:30,24.0,21,2.68,0.0,0.0,0.0,0.0,0.0,95060.0,0.0
2023-02-13 20:00:00+05:30,22.1,23,2.63,0.0,0.0,0.0,0.0,0.0,95130.0,0.0
2023-02-13 21:00:00+05:30,21.6,23,2.22,0.0,0.0,0.0,0.0,0.0,95210.0,0.0
2023-02-13 22:00:00+05:30,19.9,27,2.41,0.0,0.0,0.0,0.0,0.0,95230.0,0.0
2023-02-13 23:00:00+05:30,18.7,33,2.94,0.0,0.0,0.0,0.0,0.0,95180.0,0.0
2023-02-14 00:00:00+05:30,17.8,39,2.88,0.0,0.0,0.0,0.0,0.0,95140.0,0.0
2023-02-14 01:00:00+05:30,16.5,43,2.28,0.0,0.0,0.0,0.0,0.0,95110.0,0.0
2023-02-14 02:00:00+05:30,15.4,46,1.9,0.0,0.0,0.0,0.0,0.0,95060.0,0.0
2023-02-14 03:00:00+05:30,16.6,42,1.41,0.0,0.0,0.0,0.0,0.0,95060.0,0.0
2023-02-14 04:00:00+05:30,14.6,49,1.93,0.0,0.0,0.0,0.0,0.0,95050.0,0.0
2023-02-14 05:00:00+05:30,15.1,47,1.57,0.0,0.0,0.0,0.0,0.0,95110.0,0.0
2023-02-14 06:00:00+05:30,14.5,50,1.1,0.0,0.0,0.0,0.0,0.0,95220.0,0.0
2023-02-14 07:00:00+05:30,14.1,52,1.03,0.0,8.0,2.0,6.0,28.7,95300.0,0.0
2023-02-14 08:00:00+05:30,16.7,47,0.86,0.0,156.0,98.0,58.0,471.6,95430.0,0.0
2023-02-14 09:00:00+05:30,21.1,38,1.14,0.0,394.0,301.0,93.0,707.9,95560.0,0.0
2023-02-14 10:00:00+05:30,24.7,29,2.24,0.0,615.0,504.0,111.0,827.9,95580.0,0.0
2023-02-14 11:00:00+05:30,27.8,22,2.9,0.0,786.0,665.0,121.0,891.6,95540.0,0.0
2023-02-14 12:00:00+05:30,29.8,17,2.81,0.0,889.0,762.0,127.0,921.1,95420.0,0.0
2023-02-14 13:00:00+05:30,31.2,14,2.3,0.12,915.0,788.0,127.0,929.9,95300.0,0.0
2023-02-14 14:00:00+05:30,32.1,12,2.04,0.0,862.0,737.0,125.0,915.8,95170.0,0.0
2023-02-14 15:00:00+05:30,32.5,11,1.93,0.0,733.0,616.0,117.0,877.0,95070.0,0.0
2023-02-14 16:00:00+05:30,32.0,11,1.66,0.0,542.0,438.0,104.0,800.3,95040.0,0.0
2023-02-14 17:00:00+05:30,30.9,13,1.81,0.0,309.0,227.0,82.0,648.7,95050.0,0.0
2023-02-14 18:00:00+05:30,27.1,18,2.31,0.02,83.0,47.0,36.0,323.9,95020.0,0.0
2023-02-14 19:00:00+05:30,26.0,18,2.06,0.0,0.0,0.0,0.0,0.0,95050.0,0.0
2023-02-14 20:00:00+05:30,22.0,25,2.88,0.04,0.0,0.0,0.0,0.0,95050.0,0.0
2023-02-14 21:00:00+05:30,21.0,27,1.7,0.01,0.0,0.0,0.0,0.0,95080.0,0.0
2023-02-14 22:00:00+05:30,19.2,31,1.92,0.0,0.0,0.0,0.0,0.0,95120.0,0.0
2023-02-14 23:00:00+05:30,19.6,29,2.12,0.0,0.0,0.0,0.0,0.0,95090.0,0.0
2023-02-15 00:00:00+05:30,19.9,28,1.0,0.0,0.0,0.0,0.0,0.0,95060.0,0.0
2023-02-15 01:00:00+05:30,19.2,29,0.63,0.0,0.0,0.0,0.0,0.0,95010.0,0.0
2023-02-15 02:00:00+05:30,18.5,31,0.5,0.0,0.0,0.0,0.0,0.0,94930.0,0.0
2023-02-15 03:00:00+05:30,17.5,34,0.64,0.0,0.0,0.0,0.0,0.0,94870.0,0.0
2023-02-15 04:00:00+05:30,14.2,45,1.21,0.0,0.0,0.0,0.0,0.0,94830.0,0.0
2023-02-15 05:00:00+05:30,13.1,51,1.08,0.0,0.0,0.0,0.0,0.0,94860.0,0.0
2023-02-15 06:00:00+05:30,13.7,48,0.78,0.0,0.0,0.0,0.0,0.0,94980.0,0.0
2023-02-15 07:00:00+05:30,13.8,48,0.1,0.0,9.0,3.0,6.0,42.3,95050.0,0.0
2023-02-15 08:00:00+05:30,16.5,45,0.1,0.0,159.0,101.0,58.0,480.5,95180.0,0.0
2023-02-15 09:00:00+05:30,21.2,30,0.42,0.0,398.0,306.0,92.0,715.1,95340.0,0.0
2023-02-15 10:00:00+05:30,25.4,23,1.49,0.0,619.0,509.0,110.0,832.1,95390.0,0.0
2023-02-15 11:00:00+05:30,28.7,19,2.6,0.0,790.0,669.0,121.0,893.2,95370.0,0.0
2023-02-15 12:00:00+05:30,31.0,14,2.9,0.0,893.0,766.0,127.0,922.4,95300.0,0.0
2023-02-15 13:00:00+05:30,32.3,12,3.01,0.13,919.0,790.0,129.0,928.9,95180.0,0.0
2023-02-15 14:00:00+05:30,33.1,12,3.11,0.0,865.0,740.0,125.0,916.1,95070.0,0.0
2023-02-15 15:00:00+05:30,33.3,12,3.13,0.0,735.0,618.0,117.0,876.3,94990.0,0.0
2023-02-15 16:00:00+05:30,32.8,12,2.84,0.0,542.0,438.0,104.0,796.6,94950.0,0.0
2023-02-15 17:00:00+05:30,32.0,12,2.41,0.0,308.0,227.0,81.0,644.5,94930.0,0.0
2023-02-15 18:00:00+05:30,26.1,19,2.83,0.0,84.0,48.0,36.0,328.3,94850.0,0.0
2023-02-15 19:00:00+05:30,28.4,15,1.61,0.0,0.0,0.0,0.0,0.0,94970.0,0.0
2023-02-15 20:00:00+05:30,21.8,25,2.69,0.0,0.0,0.0,0.0,0.0,94960.0,0.0
2023-02-15 21:00:00+05:30,20.2,28,3.16,0.0,0.0,0.0,0.0,0.0,94980.0,0.0
2023-02-15 22:00:00+05:30,19.2,29,3.09,0.0,0.0,0.0,0.0,0.0,95010.0,0.0
2023-02-15 23:00:00+05:30,21.0,25,2.55,0.0,0.0,0.0,0.0,0.0,95050.0,0.0
2023-02-16 00:00:00+05:30,22.0,23,1.79,0.0,0.0,0.0,0.0,0.0,95050.0,0.0
2023-02-16 01:00:00+05:30,17.8,32,2.1,0.0,0.0,0.0,0.0,0.0,94950.0,0.0
2023-02-16 02:00:00+05:30,19.6,27,1.5,0.0,0.0,0.0,0.0,0.0,94930.0,0.0
2023-02-16 03:00:00+05:30,19.0,30,0.98,0.0,0.0,0.0,0.0,0.0,94910.0,0.0
2023-02-16 04:00:00+05:30,18.1,33,0.2,0.0,0.0,0.0,0.0,0.0,94900.0,0.0
2023-02-16 05:00:00+05:30,15.8,42,0.2,0.0,0.0,0.0,0.0,0.0,94910.0,0.0
2023-02-16 06:00:00+05:30,16.5,40,0.67,0.0,0.0,0.0,0.0,0.0,95000.0,0.0
2023-02-16 07:00:00+05:30,16.5,41,1.12,0.0,9.0,3.0,6.0,41.6,95090.0,0.0
2023-02-16 08:00:00+05:30,18.6,40,1.08,0.0,160.0,101.0,59.0,474.9,95210.0,0.0
2023-02-16 09:00:00+05:30,23.1,31,1.41,0.0,399.0,306.0,93.0,710.5,95380.0,0.0
2023-02-16 10:00:00+05:30,27.0,25,2.6,0.0,619.0,508.0,111.0,826.5,95440.0,0.0
2023-02-16 11:00:00+05:30,30.5,19,3.4,0.0,790.0,668.0,122.0,888.2,95410.0,0.0
2023-02-16 12:00:00+05:30,32.4,15,3.91,0.0,894.0,766.0,128.0,918.9,95330.0,0.0
2023-02-16 13:00:00+05:30,33.7,13,3.83,0.0,919.0,790.0,129.0,925.5,95220.0,0.0
2023-02-16 14:00:00+05:30,34.5,11,4.34,0.0,861.0,735.0,126.0,906.5,95100.0,0.0
2023-02-16 15:00:00+05:30,34.5,11,4.46,0.0,733.0,615.0,118.0,868.6,95020.0,0.0
2023-02-16 16:00:00+05:30,34.3,9,4.33,0.0,542.0,438.0,104.0,792.9,94990.0,0.0
2023-02-16 17:00:00+05:30,32.5,11,4.39,0.0,311.0,229.0,82.0,646.1,95020.0,0.0
2023-02-16 18:00:00+05:30,28.6,14,2.51,0.0,85.0,48.0,37.0,325.9,95020.0,0.0
2023-02-16 19:00:00+05:30,26.4,16,3.0,0.0,0.0,0.0,0.0,0.0,95060.0,0.0
2023-02-16 20:00:00+05:30,25.4,18,3.01,0.0,0.0,0.0,0.0,0.0,95130.0,0.0
2023-02-16 21:00:00+05:30,23.4,23,2.28,0.0,0.0,0.0,0.0,0.0,95160.0,0.0
2023-02-16 22:00:00+05:30,20.5,33,3.13,0.0,0.0,0.0,0.0,0.0,95140.0,0.0
2023-02-16 23:00:00+05:30,19.7,35,2.31,0.0,0.0,0.0,0.0,0.0,95140.0,0.0
2023-02-17 00:00:00+05:30,18.6,40,3.09,0.0,0.0,0.0,0.0,0.0,95080.0,0.0
2023-02-17 01:00:00+05:30,21.9,31,2.08,0.0,0.0,0.0,0.0,0.0,95120.0,0.0
2023-02-17 02:00:00+05:30,20.0,36,1.26,0.0,0.0,0.0,0.0,0.0,95060.0,0.0
2023-02-17 03:00:00+05:30,19.2,39,1.12,0.0,0.0,0.0,0.0,0.0,95000.0,0.0
2023-02-17 04:00:00+05:30,19.5,38,0.28,0.0,0.0,0.0,0.0,0.0,95000.0,0.0
2023-02-17 05:00:00+05:30,18.3,39,0.3,0.0,0.0,0.0,0.0,0.0,95000.0,0.0
2023-02-17 06:00:00+05:30,18.0,40,0.51,0.0,0.0,0.0,0.0,0.0,95080.0,0.0
2023-02-17 07:00:00+05:30,17.2,42,0.72,0.0,10.0,3.0,7.0,40.9,95150.0,0.0
2023-02-17 08:00:00+05:30,19.3,42,0.76,0.0,161.0,101.0,60.0,469.3,95260.0,0.0
2023-02-17 09:00:00+05:30,24.0,33,0.85,0.0,398.0,305.0,93.0,703.6,95400.0,0.0
2023-02-17 10:00:00+05:30,27.6,26,2.0,0.0,618.0,507.0,111.0,820.8,95460.0,0.0
2023-02-17 11:00:00+05:30,30.6,20,2.92,0.0,789.0,666.0,123.0,881.9,95430.0,0.0
2023-02-17 12:00:00+05:30,32.8,15,3.51,0.0,891.0,763.0,128.0,911.9,95330.0,0.0
2023-02-17 13:00:00+05:30,34.1,12,3.91,0.0,914.0,785.0,129.0,916.3,95220.0,0.0
2023-02-17 14:00:00+05:30,34.5,11,4.22,0.0,863.0,737.0,126.0,905.6,95100.0,0.0
2023-02-17 15:00:00+05:30,34.6,11,3.76,0.0,736.0,617.0,119.0,868.0,95030.0,0.0
2023-02-17 16:00:00+05:30,34.1,11,3.61,0.0,544.0,439.0,105.0,791.1,95000.0,0.0
2023-02-17 17:00:00+05:30,33.2,11,2.94,0.0,312.0,229.0,83.0,642.1,95000.0,0.0
2023-02-17 18:00:00+05:30,27.3,17,2.58,0.0,86.0,49.0,37.0,330.2,94960.0,0.0
2023-02-17 19:00:00+05:30,25.8,17,2.37,0.0,0.0,0.0,0.0,0.0,95030.0,0.0
2023-02-17 20:00:00+05:30,22.7,23,3.34,0.0,0.0,0.0,0.0,0.0,95040.0,0.0
2023-02-17 21:00:00+05:30,25.0,19,2.02,0.0,0.0,0.0,0.0,0.0,95150.0,0.0
2023-02-17 22:00:00+05:30,24.2,20,1.87,0.0,0.0,0.0,0.0,0.0,95210.0,0.0
2023-02-17 23:00:00+05:30,22.8,23,2.02,0.0,0.0,0.0,0.0,0.0,95180.0,0.0
2023-02-18 00:00:00+05:30,22.9,24,1.84,0.0,0.0,0.0,0.0,0.0,95150.0,0.0
2023-02-18 01:00:00+05:30,22.1,26,1.14,0.0,0.0,0.0,0.0,0.0,95100.0,0.0
2023-02-18 02:00:00+05:30,21.1,27,0.67,0.0,0.0,0.0,0.0,0.0,95040.0,0.0
2023-02-18 03:00:00+05:30,20.4,29,0.63,0.0,0.0,0.0,0.0,0.0,94990.0,0.0
2023-02-18 04:00:00+05:30,19.8,31,0.76,0.0,0.0,0.0,0.0,0.0,94950.0,0.0
2023-02-18 05:00:00+05:30,18.3,34,0.22,0.0,0.0,0.0,0.0,0.0,94940.0,0.0
2023-02-18 06:00:00+05:30,17.9,35,0.51,0.0,0.0,0.0,0.0,0.0,95000.0,0.0
2023-02-18 07:00:00+05:30,17.7,36,0.78,0.0,10.0,3.0,7.0,40.2,95120.0,0.0
2023-02-18 08:00:00+05:30,19.5,37,0.85,0.0,165.0,105.0,60.0,482.0,95250.0,0.0
2023-02-18 09:00:00+05:30,23.6,30,1.17,0.0,405.0,311.0,94.0,712.8,95410.0,0.0
2023-02-18 10:00:00+05:30,27.1,25,2.41,0.0,627.0,514.0,113.0,828.1,95470.0,0.0
2023-02-18 11:00:00+05:30,29.9,18,3.24,0.0,800.0,676.0,124.0,891.4,95430.0,0.0
2023-02-18 12:00:00+05:30,31.6,14,3.21,0.0,908.0,778.0,130.0,926.3,95300.0,0.0
2023-02-18 13:00:00+05:30,32.8,12,3.01,0.0,933.0,802.0,131.0,932.7,95180.0,0.0
2023-02-18 14:00:00+05:30,33.5,11,2.75,0.0,877.0,749.0,128.0,917.0,95080.0,0.0
2023-02-18 15:00:00+05:30,33.8,10,2.62,0.0,746.0,627.0,119.0,878.6,95000.0,0.0
2023-02-18 16:00:00+05:30,33.5,11,2.42,0.0,553.0,447.0,106.0,801.9,94970.0,0.0
2023-02-18 17:00:00+05:30,32.5,12,1.96,0.0,318.0,234.0,84.0,652.1,94990.0,0.0
2023-02-18 18:00:00+05:30,27.5,19,2.73,0.0,88.0,50.0,38.0,334.6,94940.0,0.0
2023-02-18 19:00:00+05:30,28.5,16,1.52,0.0,0.0,0.0,0.0,0.0,95070.0,0.0
2023-02-18 20:00:00+05:30,22.3,25,2.78,0.0,0.0,0.0,0.0,0.0,95060.0,0.0
2023-02-18 21:00:00+05:30,22.5,23,2.41,0.0,0.0,0.0,0.0,0.0,95140.0,0.0
2023-02-18 22:00:00+05:30,22.1,23,2.12,0.0,0.0,0.0,0.0,0.0,95160.0,0.0
2023-02-18 23:00:00+05:30,23.2,21,1.4,0.0,0.0,0.0,0.0,0.0,95160.0,0.0
2023-02-19 00:00:00+05:30,22.5,22,0.85,0.0,0.0,0.0,0.0,0.0,95110.0,0.0
2023-02-19 01:00:00+05:30,17.4,33,1.96,0.0,0.0,0.0,0.0,0.0,94980.0,0.0
2023-02-19 02:00:00+05:30,18.1,31,1.17,0.0,0.0,0.0,0.0,0.0,94940.0,0.0
2023-02-19 03:00:00+05:30,16.0,37,0.67,0.0,0.0,0.0,0.0,0.0,94870.0,0.0
2023-02-19 04:00:00+05:30,14.9,41,0.72,0.0,0.0,0.0,0.0,0.0,94860.0,0.0
2023-02-19 05:00:00+05:30,14.6,43,0.58,0.0,0.0,0.0,0.0,0.0,94880.0,0.0
2023-02-19 06:00:00+05:30,15.7,40,0.32,0.0,0.0,0.0,0.0,0.0,95020.0,0.0
2023-02-19 07:00:00+05:30,16.2,40,0.3,0.0,11.0,3.0,8.0,39.5,95160.0,0.0
2023-02-19 08:00:00+05:30,18.8,40,0.22,0.0,167.0,105.0,62.0,476.3,95310.0,0.0
2023-02-19 09:00:00+05:30,23.1,31,0.63,0.0,406.0,310.0,96.0,705.8,95440.0,0.0
2023-02-19 10:00:00+05:30,26.5,26,2.3,0.0,627.0,514.0,113.0,824.0,95470.0,0.0
2023-02-19 11:00:00+05:30,29.4,22,3.7,0.0,799.0,674.0,125.0,885.1,95420.0,0.0
2023-02-19 12:00:00+05:30,31.1,19,4.03,0.0,902.0,771.0,131.0,914.5,95290.0,0.0
2023-02-19 13:00:00+05:30,32.3,17,3.62,0.0,928.0,796.0,132.0,922.4,95170.0,0.0
2023-02-19 14:00:00+05:30,33.2,15,3.52,0.0,874.0,746.0,128.0,910.0,95080.0,0.0
2023-02-19 15:00:00+05:30,33.6,14,3.21,0.0,744.0,623.0,121.0,869.7,95020.0,0.0
2023-02-19 16:00:00+05:30,33.2,14,2.6,0.0,550.0,443.0,107.0,791.2,94970.0,0.0
2023-02-19 17:00:00+05:30,32.5,14,1.71,0.0,317.0,232.0,85.0,642.6,95000.0,0.0
2023-02-19 18:00:00+05:30,29.3,19,1.98,0.0,89.0,50.0,39.0,332.2,94950.0,0.0
2023-02-19 19:00:00+05:30,26.0,24,2.18,0.0,0.0,0.0,0.0,0.0,94940.0,0.0
2023-02-19 20:00:00+05:30,27.0,21,1.0,0.0,0.0,0.0,0.0,0.0,95050.0,0.0
2023-02-19 21:00:00+05:30,22.4,27,2.3,0.0,0.0,0.0,0.0,0.0,95050.0,0.0
2023-02-19 22:00:00+05:30,23.4,24,0.63,0.0,0.0,0.0,0.0,0.0,95120.0,0.0
2023-02-19 23:00:00+05:30,18.5,37,1.66,0.0,0.0,0.0,0.0,0.0,95000.0,0.0
2023-02-20 00:00:00+05:30,17.2,43,1.72,0.0,0.0,0.0,0.0,0.0,94930.0,0.0
2023-02-20 01:00:00+05:30,17.7,41,0.51,0.0,0.0,0.0,0.0,0.0,94910.0,0.0
2023-02-20 02:00:00+05:30,15.4,50,1.63,0.0,0.0,0.0,0.0,0.0,94840.0,0.0
2023-02-20 03:00:00+05:30,15.1,51,1.46,0.0,0.0,0.0,0.0,0.0,94800.0,0.0
2023-02-20 04:00:00+05:30,14.6,50,1.92,0.0,0.0,0.0,0.0,0.0,94800.0,0.0
2023-02-20 05:00:00+05:30,15.2,50,1.68,0.0,0.0,0.0,0.0,0.0,94870.0,0.0
2023-02-20 06:00:00+05:30,15.4,48,0.85,0.0,0.0,0.0,0.0,0.0,94970.0,0.0
2023-02-20 07:00:00+05:30,15.0,51,0.54,0.0,11.0,3.0,8.0,38.9,95060.0,0.0
2023-02-20 08:00:00+05:30,18.3,47,0.22,0.0,165.0,104.0,61.0,466.0,95200.0,0.0
2023-02-20 09:00:00+05:30,23.6,34,0.57,0.0,402.0,307.0,95.0,694.4,95360.0,0.0
2023-02-20 10:00:00+05:30,27.7,28,1.36,0.0,622.0,508.0,114.0,810.4,95420.0,0.0
2023-02-20 11:00:00+05:30,30.6,25,1.3,0.0,791.0,666.0,125.0,870.9,95390.0,0.0
2023-02-20 12:00:00+05:30,32.3,21,1.2,0.0,893.0,762.0,131.0,900.4,95280.0,0.0
2023-02-20 13:00:00+05:30,33.5,18,1.2,0.0,917.0,786.0,131.0,907.6,95180.0,0.0
2023-02-20 14:00:00+05:30,34.0,16,1.53,0.0,863.0,734.0,129.0,892.2,95090.0,0.0
2023-02-20 15:00:00+05:30,34.3,14,1.63,0.0,735.0,615.0,120.0,855.3,95030.0,0.0
2023-02-20 16:00:00+05:30,34.0,14,1.22,0.0,546.0,439.0,107.0,780.7,94990.0,0.0
2023-02-20 17:00:00+05:30,32.5,17,1.33,0.0,316.0,231.0,85.0,636.1,94990.0,0.0
2023-02-20 18:00:00+05:30,27.0,27,2.51,0.0,89.0,50.0,39.0,330.0,94910.0,0.0
2023-02-20 19:00:00+05:30,26.3,26,2.73,0.0,0.0,0.0,0.0,0.0,95000.0,0.0
2023-02-20 20:00:00+05:30,24.1,43,2.19,0.0,0.0,0.0,0.0,0.0,95080.0,0.0
2023-02-20 21:00:00+05:30,21.4,53,2.06,0.0,0.0,0.0,0.0,0.0,95100.0,0.0
2023-02-20 22:00:00+05:30,20.4,55,2.27,0.0,0.0,0.0,0.0,0.0,95100.0,0.0
2023-02-20 23:00:00+05:30,20.0,51,2.2,0.0,0.0,0.0,0.0,0.0,95070.0,0.0
2023-02-21 00:00:00+05:30,18.8,53,2.31,0.0,0.0,0.0,0.0,0.0,95010.0,0.0
2023-02-21 01:00:00+05:30,18.9,51,1.56,0.0,0.0,0.0,0.0,0.0,94970.0,0.0
2023-02-21 02:00:00+05:30,19.0,50,1.17,0.0,0.0,0.0,0.0,0.0,94940.0,0.0
2023-02-21 03:00:00+05:30,17.0,54,1.55,0.0,0.0,0.0,0.0,0.0,94860.0,0.0
2023-02-21 04:00:00+05:30,17.2,50,1.43,0.0,0.0,0.0,0.0,0.0,94870.0,0.0
2023-02-21 05:00:00+05:30,16.6,57,1.51,0.0,0.0,0.0,0.0,0.0,94920.0,0.0
2023-02-21 06:00:00+05:30,17.5,52,1.2,0.0,0.0,0.0,0.0,0.0,95010.0,0.0
2023-02-21 07:00:00+05:30,16.2,64,1.49,0.0,12.0,4.0,8.0,50.9,95070.0,0.0
2023-02-21 08:00:00+05:30,20.6,46,1.0,0.0,168.0,106.0,62.0,469.2,95240.0,0.0
2023-02-21 09:00:00+05:30,25.5,35,0.2,0.0,405.0,309.0,96.0,694.2,95400.0,0.0
2023-02-21 10:00:00+05:30,29.7,27,0.54,0.0,625.0,510.0,115.0,809.6,95440.0,0.0
2023-02-21 11:00:00+05:30,32.2,19,0.22,0.0,796.0,670.0,126.0,872.6,95390.0,0.0
2023-02-21 12:00:00+05:30,33.2,18,0.6,0.0,899.0,767.0,132.0,902.9,95330.0,0.0
2023-02-21 13:00:00+05:30,33.9,16,1.17,0.0,923.0,790.0,133.0,908.9,95220.0,0.0
2023-02-21 14:00:00+05:30,34.5,13,0.98,0.0,868.0,739.0,129.0,895.1,95140.0,0.0
2023-02-21 15:00:00+05:30,35.0,11,0.45,0.0,743.0,621.0,122.0,860.4,95060.0,0.0
2023-02-21 16:00:00+05:30,34.9,12,0.67,0.0,555.0,446.0,109.0,789.7,95020.0,0.0
2023-02-21 17:00:00+05:30,34.2,13,0.7,0.0,321.0,235.0,86.0,643.4,95020.0,0.0
2023-02-21 18:00:00+05:30,28.0,22,2.72,0.0,90.0,50.0,40.0,327.8,94940.0,0.0
2023-02-21 19:00:00+05:30,26.6,28,3.22,0.07,0.0,0.0,0.0,0.0,95050.0,0.0
2023-02-21 20:00:00+05:30,24.5,34,2.28,1.0,0.0,0.0,0.0,0.0,95080.0,0.0
2023-02-21 21:00:00+05:30,22.5,39,2.4,1.0,0.0,0.0,0.0,0.0,95090.0,0.0
2023-02-21 22:00:00+05:30,22.2,39,1.39,0.24,0.0,0.0,0.0,0.0,95120.0,0.0
2023-02-21 23:00:00+05:30,20.5,43,2.12,0.18,0.0,0.0,0.0,0.0,95060.0,0.0
2023-02-22 00:00:00+05:30,23.1,33,0.58,0.14,0.0,0.0,0.0,0.0,95120.0,0.0
2023-02-22 01:00:00+05:30,22.9,34,0.51,0.88,0.0,0.0,0.0,0.0,95090.0,0.0
2023-02-22 02:00:00+05:30,19.1,43,1.26,0.43,0.0,0.0,0.0,0.0,94940.0,0.0
2023-02-22 03:00:00+05:30,18.9,42,0.85,0.0,0.0,0.0,0.0,0.0,94900.0,0.0
2023-02-22 04:00:00+05:30,20.6,35,0.36,0.0,0.0,0.0,0.0,0.0,94940.0,0.0
2023-02-22 05:00:00+05:30,18.5,43,0.41,0.0,0.0,0.0,0.0,0.0,94950.0,0.0
2023-02-22 06:00:00+05:30,18.3,44,0.51,0.0,0.0,0.0,0.0,0.0,95010.0,0.0
2023-02-22 07:00:00+05:30,17.7,46,0.45,0.0,12.0,4.0,8.0,50.1,95080.0,0.0
2023-02-22 08:00:00+05:30,20.4,44,0.22,0.2,171.0,107.0,64.0,467.9,95190.0,0.0
2023-02-22 09:00:00+05:30,25.0,33,0.41,0.98,408.0,309.0,99.0,689.6,95360.0,0.0
2023-02-22 10:00:00+05:30,28.8,24,0.81,1.0,626.0,504.0,122.0,796.1,95410.0,0.0
2023-02-22 11:00:00+05:30,31.2,20,1.3,1.0,764.0,572.0,192.0,741.9,95360.0,0.0
2023-02-22 12:00:00+05:30,32.8,18,0.81,0.91,853.0,638.0,215.0,748.3,95280.0,0.0
2023-02-22 13:00:00+05:30,33.9,16,0.14,0.96,922.0,782.0,140.0,896.6,95160.0,0.0
2023-02-22 14:00:00+05:30,34.2,15,0.8,0.25,865.0,723.0,142.0,872.7,95030.0,0.0
2023-02-22 15:00:00+05:30,34.3,14,1.22,0.0,742.0,618.0,124.0,853.1,94970.0,0.0
2023-02-22 16:00:00+05:30,34.2,14,1.24,0.0,552.0,444.0,108.0,782.9,94930.0,0.0
2023-02-22 17:00:00+05:30,33.2,14,1.2,0.0,320.0,234.0,86.0,637.1,94960.0,0.0
2023-02-22 18:00:00+05:30,29.0,21,2.02,0.0,92.0,51.0,41.0,332.2,94890.0,0.0
2023-02-22 19:00:00+05:30,27.4,27,3.94,0.0,0.0,0.0,0.0,0.0,94960.0,0.0
2023-02-22 20:00:00+05:30,24.1,40,1.75,0.0,0.0,0.0,0.0,0.0,95000.0,0.0
2023-02-22 21:00:00+05:30,24.0,42,1.87,0.0,0.0,0.0,0.0,0.0,95040.0,0.0
2023-02-22 22:00:00+05:30,23.1,45,0.72,0.0,0.0,0.0,0.0,0.0,95080.0,0.0
2023-02-22 23:00:00+05:30,20.4,57,1.49,0.0,0.0,0.0,0.0,0.0,95030.0,0.0
2023-02-23 00:00:00+05:30,21.9,50,0.22,0.0,0.0,0.0,0.0,0.0,95050.0,0.0
2023-02-23 01:00:00+05:30,22.1,48,0.5,0.0,0.0,0.0,0.0,0.0,95020.0,0.0
2023-02-23 02:00:00+05:30,21.8,48,0.73,0.0,0.0,0.0,0.0,0.0,94950.0,0.0
2023-02-23 03:00:00+05:30,19.2,55,0.89,0.0,0.0,0.0,0.0,0.0,94890.0,0.0
2023-02-23 04:00:00+05:30,18.7,56,0.36,0.0,0.0,0.0,0.0,0.0,94870.0,0.0
2023-02-23 05:00:00+05:30,19.4,59,0.14,0.05,0.0,0.0,0.0,0.0,94910.0,0.0
2023-02-23 06:00:00+05:30,18.2,63,0.41,0.0,0.0,0.0,0.0,0.0,94960.0,0.0
2023-02-23 07:00:00+05:30,17.4,65,0.4,0.0,13.0,4.0,9.0,49.2,95030.0,0.0
2023-02-23 08:00:00+05:30,20.7,57,0.81,0.0,172.0,108.0,64.0,466.6,95160.0,0.0
2023-02-23 09:00:00+05:30,25.5,38,1.24,0.0,411.0,313.0,98.0,693.9,95300.0,0.0
2023-02-23 10:00:00+05:30,29.1,25,2.2,0.0,632.0,515.0,117.0,809.5,95340.0,0.0
2023-02-23 11:00:00+05:30,31.6,20,2.94,0.0,802.0,674.0,128.0,870.6,95300.0,0.0
2023-02-23 12:00:00+05:30,33.2,17,2.31,0.0,903.0,770.0,133.0,899.8,95200.0,0.0
2023-02-23 13:00:00+05:30,34.1,14,1.17,0.0,928.0,794.0,134.0,907.2,95080.0,0.0
2023-02-23 14:00:00+05:30,34.6,13,0.36,0.0,875.0,744.0,131.0,895.0,94980.0,0.0
2023-02-23 15:00:00+05:30,34.7,12,0.41,0.0,747.0,624.0,123.0,858.3,94900.0,0.0
2023-02-23 16:00:00+05:30,34.5,11,1.08,0.0,556.0,447.0,109.0,785.0,94870.0,0.0
2023-02-23 17:00:00+05:30,33.5,10,0.95,0.0,322.0,235.0,87.0,636.3,94930.0,0.0
2023-02-23 18:00:00+05:30,31.4,13,1.13,0.0,93.0,52.0,41.0,336.6,94910.0,0.0
2023-02-23 19:00:00+05:30,28.0,16,2.26,0.0,0.0,0.0,0.0,0.0,94890.0,0.0
2023-02-23 20:00:00+05:30,26.5,18,1.25,0.0,0.0,0.0,0.0,0.0,94970.0,0.0
2023-02-23 21:00:00+05:30,24.0,27,2.64,0.0,0.0,0.0,0.0,0.0,95030.0,0.0
2023-02-23 22:00:00+05:30,21.6,35,3.25,0.0,0.0,0.0,0.0,0.0,94980.0,0.0
2023-02-23 23:00:00+05:30,21.0,37,2.3,0.0,0.0,0.0,0.0,0.0,94970.0,0.0
2023-02-24 00:00:00+05:30,21.3,35,0.4,0.0,0.0,0.0,0.0,0.0,94950.0,0.0
2023-02-24 01:00:00+05:30,21.4,35,0.85,0.0,0.0,0.0,0.0,0.0,94930.0,0.0
2023-02-24 02:00:00+05:30,22.1,32,0.63,0.0,0.0,0.0,0.0,0.0,94930.0,0.0
2023-02-24 03:00:00+05:30,22.0,32,1.46,0.0,0.0,0.0,0.0,0.0,94930.0,0.0
2023-02-24 04:00:00+05:30,21.0,33,1.75,0.0,0.0,0.0,0.0,0.0,94930.0,0.0
2023-02-24 05:00:00+05:30,18.8,43,1.49,0.0,0.0,0.0,0.0,0.0,94940.0,0.0
2023-02-24 06:00:00+05:30,18.2,44,1.08,0.0,0.0,0.0,0.0,0.0,95020.0,0.0
2023-02-24 07:00:00+05:30,17.8,46,0.4,0.0,14.0,5.0,9.0,60.5,95110.0,0.0
2023-02-24 08:00:00+05:30,20.7,41,1.51,0.0,175.0,110.0,65.0,469.5,95260.0,0.0
2023-02-24 09:00:00+05:30,25.5,28,1.68,0.0,413.0,315.0,98.0,693.7,95420.0,0.0
2023-02-24 10:00:00+05:30,28.6,22,2.45,0.0,634.0,516.0,118.0,807.1,95470.0,0.0
2023-02-24 11:00:00+05:30,31.1,18,2.83,0.0,805.0,676.0,129.0,869.6,95420.0,0.0
2023-02-24 12:00:00+05:30,33.0,14,2.6,0.0,909.0,773.0,136.0,900.0,95330.0,0.0
2023-02-24 13:00:00+05:30,33.9,12,2.0,0.0,935.0,798.0,137.0,908.7,95220.0,0.0
2023-02-24 14:00:00+05:30,34.4,11,1.6,0.0,881.0,749.0,132.0,898.0,95130.0,0.0
2023-02-24 15:00:00+05:30,34.5,11,1.43,0.0,752.0,628.0,124.0,860.8,95050.0,0.0
2023-02-24 16:00:00+05:30,34.2,11,1.48,0.0,560.0,449.0,111.0,785.3,95010.0,0.0
2023-02-24 17:00:00+05:30,33.3,9,1.46,0.0,326.0,237.0,89.0,638.3,95070.0,0.0
2023-02-24 18:00:00+05:30,27.5,17,2.66,0.0,95.0,53.0,42.0,340.9,95020.0,0.0
2023-02-24 19:00:00+05:30,28.5,14,1.65,0.0,0.0,0.0,0.0,0.0,95110.0,0.0
2023-02-24 20:00:00+05:30,28.5,13,0.73,0.0,0.0,0.0,0.0,0.0,95190.0,0.0
2023-02-24 21:00:00+05:30,23.8,22,2.9,0.0,0.0,0.0,0.0,0.0,95250.0,0.0
2023-02-24 22:00:00+05:30,23.5,29,2.28,0.0,0.0,0.0,0.0,0.0,95280.0,0.0
2023-02-24 23:00:00+05:30,21.2,34,2.1,0.0,0.0,0.0,0.0,0.0,95220.0,0.0
2023-02-25 00:00:00+05:30,23.8,28,0.98,0.0,0.0,0.0,0.0,0.0,95250.0,0.0
2023-02-25 01:00:00+05:30,20.5,35,1.52,0.0,0.0,0.0,0.0,0.0,95160.0,0.0
2023-02-25 02:00:00+05:30,22.5,29,1.92,0.0,0.0,0.0,0.0,0.0,95150.0,0.0
2023-02-25 03:00:00+05:30,21.5,31,0.22,0.0,0.0,0.0,0.0,0.0,95120.0,0.0
2023-02-25 04:00:00+05:30,20.6,33,0.5,0.0,0.0,0.0,0.0,0.0,95120.0,0.0
2023-02-25 05:00:00+05:30,20.6,35,0.36,0.0,0.0,0.0,0.0,0.0,95160.0,0.0
2023-02-25 06:00:00+05:30,19.5,38,0.63,0.0,0.0,0.0,0.0,0.0,95210.0,0.0
2023-02-25 07:00:00+05:30,18.3,42,0.14,0.0,14.0,5.0,9.0,59.5,95260.0,0.0
2023-02-25 08:00:00+05:30,20.8,39,0.7,0.0,176.0,111.0,65.0,468.0,95390.0,0.0
2023-02-25 09:00:00+05:30,25.5,29,1.65,0.0,414.0,314.0,100.0,686.9,95540.0,0.0
2023-02-25 10:00:00+05:30,29.2,21,2.22,0.0,633.0,514.0,119.0,800.1,95610.0,0.0
2023-02-25 11:00:00+05:30,31.8,16,2.81,0.0,802.0,671.0,131.0,859.7,95570.0,0.0
2023-02-25 12:00:00+05:30,33.2,15,2.3,0.0,904.0,767.0,137.0,889.8,95450.0,0.0
2023-02-25 13:00:00+05:30,34.0,14,1.5,0.0,929.0,791.0,138.0,897.7,95330.0,0.0
2023-02-25 14:00:00+05:30,34.5,13,1.12,0.0,875.0,741.0,134.0,885.4,95210.0,0.0
2023-02-25 15:00:00+05:30,34.5,13,0.64,0.0,747.0,621.0,126.0,848.2,95140.0,0.0
2023-02-25 16:00:00+05:30,34.2,13,0.22,0.0,555.0,443.0,112.0,771.8,95110.0,0.0
2023-02-25 17:00:00+05:30,33.0,13,0.32,0.0,322.0,233.0,89.0,624.2,95160.0,0.0
2023-02-25 18:00:00+05:30,32.0,15,1.25,0.33,93.0,51.0,42.0,326.1,95180.0,0.0
2023-02-25 19:00:00+05:30,29.2,18,1.25,0.0,0.0,0.0,0.0,0.0,95210.0,0.0
2023-02-25 20:00:00+05:30,25.8,21,2.55,0.0,0.0,0.0,0.0,0.0,95260.0,0.0
2023-02-25 21:00:00+05:30,24.1,24,2.5,0.0,0.0,0.0,0.0,0.0,95310.0,0.0
2023-02-25 22:00:00+05:30,21.7,31,2.66,0.0,0.0,0.0,0.0,0.0,95310.0,0.0
2023-02-25 23:00:00+05:30,21.2,31,2.27,0.0,0.0,0.0,0.0,0.0,95280.0,0.0
2023-02-26 00:00:00+05:30,22.9,28,1.97,0.0,0.0,0.0,0.0,0.0,95310.0,0.0
2023-02-26 01:00:00+05:30,22.9,27,0.92,0.0,0.0,0.0,0.0,0.0,95280.0,0.0
2023-02-26 02:00:00+05:30,22.0,29,1.2,0.0,0.0,0.0,0.0,0.0,95210.0,0.0
2023-02-26 03:00:00+05:30,18.1,40,1.61,0.0,0.0,0.0,0.0,0.0,95140.0,0.0
2023-02-26 04:00:00+05:30,21.3,31,1.0,0.0,0.0,0.0,0.0,0.0,95200.0,0.0
2023-02-26 05:00:00+05:30,20.5,37,0.71,0.0,0.0,0.0,0.0,0.0,95220.0,0.0
2023-02-26 06:00:00+05:30,19.7,38,1.21,0.0,0.0,0.0,0.0,0.0,95260.0,0.0
2023-02-26 07:00:00+05:30,19.1,40,1.49,0.0,15.0,5.0,10.0,58.5,95330.0,0.0
2023-02-26 08:00:00+05:30,21.7,37,1.43,0.0,178.0,111.0,67.0,462.4,95480.0,0.0
2023-02-26 09:00:00+05:30,25.9,27,1.3,0.0,416.0,315.0,101.0,684.6,95630.0,0.0
2023-02-26 10:00:00+05:30,29.2,21,2.22,0.0,635.0,515.0,120.0,797.8,95660.0,0.0
2023-02-26 11:00:00+05:30,31.8,17,2.6,0.0,805.0,674.0,131.0,860.1,95590.0,0.0
2023-02-26 12:00:00+05:30,33.2,15,2.31,0.0,908.0,770.0,138.0,890.1,95500.0,0.0
2023-02-26 13:00:00+05:30,34.0,13,1.36,0.0,933.0,794.0,139.0,898.1,95380.0,0.0
2023-02-26 14:00:00+05:30,34.5,12,0.58,0.0,879.0,744.0,135.0,886.1,95300.0,0.0
2023-02-26 15:00:00+05:30,34.6,12,0.54,0.0,749.0,622.0,127.0,846.7,95220.0,0.0
2023-02-26 16:00:00+05:30,34.2,12,0.61,0.0,555.0,442.0,113.0,767.1,95180.0,0.0
2023-02-26 17:00:00+05:30,33.2,13,1.1,0.0,321.0,232.0,89.0,618.4,95210.0,0.0
2023-02-26 18:00:00+05:30,32.2,15,0.58,0.0,94.0,51.0,43.0,324.2,95240.0,0.0
2023-02-26 19:00:00+05:30,27.9,21,1.94,0.0,0.0,0.0,0.0,0.0,95240.0,0.0
2023-02-26 20:00:00+05:30,24.7,23,2.0,0.0,0.0,0.0,0.0,0.0,95290.0,0.0
2023-02-26 21:00:00+05:30,22.8,30,3.01,0.0,0.0,0.0,0.0,0.0,95330.0,0.0
2023-02-26 22:00:00+05:30,25.9,24,1.34,0.0,0.0,0.0,0.0,0.0,95420.0,0.0
2023-02-26 23:00:00+05:30,25.1,25,1.6,0.0,0.0,0.0,0.0,0.0,95380.0,0.0
2023-02-27 00:00:00+05:30,21.9,31,2.02,0.0,0.0,0.0,0.0,0.0,95290.0,0.0
2023-02-27 01:00:00+05:30,21.5,30,1.71,0.0,0.0,0.0,0.0,0.0,95230.0,0.0
2023-02-27 02:00:00+05:30,20.6,32,0.73,0.0,0.0,0.0,0.0,0.0,95170.0,0.0
2023-02-27 03:00:00+05:30,22.6,27,0.22,0.0,0.0,0.0,0.0,0.0,95200.0,0.0
2023-02-27 04:00:00+05:30,22.4,26,0.9,0.0,0.0,0.0,0.0,0.0,95200.0,0.0
2023-02-27 05:00:00+05:30,21.4,30,0.92,0.0,0.0,0.0,0.0,0.0,95230.0,0.0
2023-02-27 06:00:00+05:30,20.2,32,1.3,0.0,0.0,0.0,0.0,0.0,95290.0,0.0
2023-02-27 07:00:00+05:30,19.4,35,1.36,0.0,16.0,5.0,11.0,57.5,95350.0,0.0
2023-02-27 08:00:00+05:30,22.2,33,1.5,0.0,179.0,112.0,67.0,461.1,95490.0,0.0
2023-02-27 09:00:00+05:30,25.7,26,1.81,0.0,416.0,315.0,101.0,680.1,95600.0,0.0
2023-02-27 10:00:00+05:30,28.4,23,1.7,0.0,636.0,516.0,120.0,795.5,95630.0,0.0
2023-02-27 11:00:00+05:30,30.9,19,1.26,0.0,805.0,673.0,132.0,855.4,95600.0,0.0
2023-02-27 12:00:00+05:30,32.8,17,0.78,0.0,907.0,768.0,139.0,884.7,95500.0,0.0
2023-02-27 13:00:00+05:30,34.0,14,0.82,0.0,930.0,790.0,140.0,890.6,95390.0,0.0
2023-02-27 14:00:00+05:30,34.2,13,1.81,0.0,874.0,738.0,136.0,876.1,95280.0,0.0
2023-02-27 15:00:00+05:30,34.0,13,1.13,0.0,746.0,618.0,128.0,838.5,95190.0,0.0
2023-02-27 16:00:00+05:30,34.1,13,1.78,0.0,555.0,442.0,113.0,764.3,95130.0,0.0
2023-02-27 17:00:00+05:30,33.2,14,1.52,0.01,320.0,230.0,90.0,610.0,95130.0,0.0
2023-02-27 18:00:00+05:30,29.8,20,3.96,0.0,95.0,51.0,44.0,322.3,95170.0,0.0
2023-02-27 19:00:00+05:30,27.2,26,5.64,0.0,1.0,0.0,1.0,0.0,95230.0,0.0
2023-02-27 20:00:00+05:30,25.7,26,2.63,0.0,0.0,0.0,0.0,0.0,95270.0,0.0
2023-02-27 21:00:00+05:30,23.2,29,2.11,0.0,0.0,0.0,0.0,0.0,95280.0,0.0
2023-02-27 22:00:00+05:30,22.0,30,1.75,0.0,0.0,0.0,0.0,0.0,95280.0,0.0
2023-02-27 23:00:00+05:30,22.0,31,1.21,0.0,0.0,0.0,0.0,0.0,95260.0,0.0
2023-02-28 00:00:00+05:30,20.0,37,0.94,0.0,0.0,0.0,0.0,0.0,95190.0,0.0
2023-02-28 01:00:00+05:30,19.5,38,1.39,0.0,0.0,0.0,0.0,0.0,95110.0,0.0
2023-02-28 02:00:00+05:30,17.9,42,2.02,0.0,0.0,0.0,0.0,0.0,95020.0,0.0
2023-02-28 03:00:00+05:30,19.4,36,0.73,0.0,0.0,0.0,0.0,0.0,95040.0,0.0
2023-02-28 04:00:00+05:30,19.1,36,0.22,0.0,0.0,0.0,0.0,0.0,95040.0,0.0
2023-02-28 05:00:00+05:30,17.7,47,1.2,0.0,0.0,0.0,0.0,0.0,95070.0,0.0
2023-02-28 06:00:00+05:30,18.4,41,1.21,0.0,0.0,0.0,0.0,0.0,95180.0,0.0
2023-02-28 07:00:00+05:30,18.2,40,0.72,0.0,16.0,5.0,11.0,56.6,95290.0,0.0
2023-02-28 08:00:00+05:30,21.1,35,0.76,0.0,181.0,113.0,68.0,459.6,95430.0,0.0
2023-02-28 09:00:00+05:30,25.7,25,0.73,0.0,418.0,315.0,103.0,675.6,95560.0,0.0
2023-02-28 10:00:00+05:30,29.5,20,0.3,0.0,636.0,513.0,123.0,787.0,95620.0,0.0
2023-02-28 11:00:00+05:30,31.7,18,1.5,0.0,804.0,669.0,135.0,846.9,95600.0,0.0
2023-02-28 12:00:00+05:30,32.8,17,0.41,0.0,904.0,763.0,141.0,875.9,95520.0,0.0
2023-02-28 13:00:00+05:30,33.3,16,0.71,0.0,927.0,785.0,142.0,882.1,95430.0,0.0
2023-02-28 14:00:00+05:30,33.5,16,1.33,0.05,869.0,730.0,139.0,863.9,95310.0,0.0
2023-02-28 15:00:00+05:30,33.7,15,2.06,0.17,723.0,574.0,149.0,776.3,95190.0,0.0
2023-02-28 16:00:00+05:30,34.0,15,1.75,0.53,544.0,426.0,118.0,733.9,95110.0,0.0
2023-02-28 17:00:00+05:30,33.0,14,3.09,0.39,295.0,196.0,99.0,517.3,95120.0,0.0
2023-02-28 18:00:00+05:30,30.3,17,3.24,0.0,55.0,22.0,33.0,138.3,95160.0,0.0
2023-02-28 19:00:00+05:30,27.0,21,4.12,0.01,1.0,0.0,1.0,0.0,95220.0,0.0
2023-02-28 20:00:00+05:30,24.5,26,2.0,0.0,0.0,0.0,0.0,0.0,95280.0,0.0
2023-02-28 21:00:00+05:30,23.1,27,1.79,0.0,0.0,0.0,0.0,0.0,95320.0,0.0
2023-02-28 22:00:00+05:30,24.1,25,0.82,0.0,0.0,0.0,0.0,0.0,95400.0,0.0
2023-02-28 23:00:00+05:30,20.6,33,1.39,0.0,0.0,0.0,0.0,0.0,95330.0,0.0
2023-03-01 00:00:00+05:30,19.0,39,2.28,0.0,0.0,0.0,0.0,0.0,95230.0,0.0
2023-03-01 01:00:00+05:30,18.9,38,1.53,0.0,0.0,0.0,0.0,0.0,95160.0,0.0
2023-03-01 02:00:00+05:30,18.0,40,1.58,0.0,0.0,0.0,0.0,0.0,95090.0,0.0
2023-03-01 03:00:00+05:30,18.0,39,1.77,0.0,0.0,0.0,0.0,0.0,95060.0,0.0
2023-03-01 04:00:00+05:30,19.6,33,0.5,0.0,0.0,0.0,0.0,0.0,95110.0,0.0
2023-03-01 05:00:00+05:30,16.6,45,1.58,0.0,0.0,0.0,0.0,0.0,95090.0,0.0
2023-03-01 06:00:00+05:30,16.0,44,2.1,0.0,0.0,0.0,0.0,0.0,95140.0,0.0
2023-03-01 07:00:00+05:30,18.2,37,0.95,0.0,17.0,6.0,11.0,66.7,95300.0,0.0
2023-03-01 08:00:00+05:30,21.5,32,0.61,0.0,183.0,114.0,69.0,458.1,95460.0,0.0
2023-03-01 09:00:00+05:30,26.2,23,0.85,0.0,420.0,316.0,104.0,673.2,95620.0,0.0
2023-03-01 10:00:00+05:30,29.5,18,2.63,0.0,638.0,514.0,124.0,784.8,95700.0,0.0
2023-03-01 11:00:00+05:30,31.5,18,3.01,0.0,805.0,669.0,136.0,843.6,95670.0,0.0
2023-03-01 12:00:00+05:30,32.7,17,1.9,0.0,904.0,762.0,142.0,871.7,95560.0,0.0
2023-03-01 13:00:00+05:30,33.3,16,1.8,0.0,928.0,785.0,143.0,879.3,95440.0,0.0
2023-03-01 14:00:00+05:30,33.7,15,2.0,0.0,873.0,734.0,139.0,865.9,95320.0,0.0
2023-03-01 15:00:00+05:30,33.8,15,2.52,0.08,743.0,613.0,130.0,826.3,95220.0,0.0
2023-03-01 16:00:00+05:30,33.4,15,2.82,0.37,461.0,308.0,153.0,528.7,95170.0,0.0
2023-03-01 17:00:00+05:30,32.0,17,2.28,0.0,209.0,77.0,132.0,202.3,95230.0,0.0
2023-03-01 18:00:00+05:30,28.4,22,1.8,0.0,90.0,45.0,45.0,281.3,95200.0,0.0
2023-03-01 19:00:00+05:30,26.3,24,2.63,0.0,1.0,0.0,1.0,0.0,95200.0,0.0
2023-03-01 20:00:00+05:30,23.8,30,2.5,0.0,0.0,0.0,0.0,0.0,95270.0,0.0
2023-03-01 21:00:00+05:30,22.7,35,2.55,0.0,0.0,0.0,0.0,0.0,95390.0,0.0
2023-03-01 22:00:00+05:30,25.0,29,1.43,0.0,0.0,0.0,0.0,0.0,95460.0,0.0
2023-03-01 23:00:00+05:30,22.5,34,2.1,0.0,0.0,0.0,0.0,0.0,95380.0,0.0
2023-03-02 00:00:00+05:30,20.8,40,2.31,0.0,0.0,0.0,0.0,0.0,95280.0,0.0
2023-03-02 01:00:00+05:30,20.8,40,2.42,0.0,0.0,0.0,0.0,0.0,95230.0,0.0
2023-03-02 02:00:00+05:30,22.5,35,1.64,0.0,0.0,0.0,0.0,0.0,95190.0,0.0
2023-03-02 03:00:00+05:30,21.5,37,0.82,0.0,0.0,0.0,0.0,0.0,95160.0,0.0
2023-03-02 04:00:00+05:30,20.1,41,1.22,0.0,0.0,0.0,0.0,0.0,95150.0,0.0
2023-03-02 05:00:00+05:30,18.9,50,0.82,0.0,0.0,0.0,0.0,0.0,95180.0,0.0
2023-03-02 06:00:00+05:30,18.1,53,0.1,0.0,0.0,0.0,0.0,0.0,95310.0,0.0
2023-03-02 07:00:00+05:30,17.1,64,0.22,0.0,18.0,6.0,12.0,65.6,95390.0,0.0
2023-03-02 08:00:00+05:30,22.0,45,1.26,0.0,183.0,113.0,70.0,448.5,95580.0,0.0
2023-03-02 09:00:00+05:30,25.8,31,1.92,0.0,418.0,313.0,105.0,662.4,95730.0,0.0
2023-03-02 10:00:00+05:30,29.0,25,1.94,0.0,635.0,510.0,125.0,774.8,95750.0,0.0
2023-03-02 11:00:00+05:30,31.5,21,1.75,0.0,804.0,667.0,137.0,837.7,95680.0,0.0
2023-03-02 12:00:00+05:30,33.0,19,2.01,0.0,905.0,762.0,143.0,868.7,95580.0,0.0
2023-03-02 13:00:00+05:30,33.8,17,2.55,0.0,927.0,783.0,144.0,874.3,95460.0,0.0
2023-03-02 14:00:00+05:30,34.2,15,3.36,0.0,872.0,732.0,140.0,860.9,95340.0,0.0
2023-03-02 15:00:00+05:30,34.2,15,3.4,0.0,743.0,613.0,130.0,823.8,95250.0,0.0
2023-03-02 16:00:00+05:30,33.8,14,2.79,0.0,551.0,435.0,116.0,744.1,95210.0,0.0
2023-03-02 17:00:00+05:30,32.6,15,2.04,0.0,320.0,226.0,94.0,591.0,95270.0,0.0
2023-03-02 18:00:00+05:30,28.9,22,2.28,0.0,96.0,52.0,44.0,323.4,95250.0,0.0
2023-03-02 19:00:00+05:30,28.0,20,3.34,0.0,1.0,0.0,1.0,0.0,95270.0,0.0
2023-03-02 20:00:00+05:30,24.9,27,3.09,0.0,0.0,0.0,0.0,0.0,95350.0,0.0
2023-03-02 21:00:00+05:30,24.4,28,2.89,0.0,0.0,0.0,0.0,0.0,95480.0,0.0
2023-03-02 22:00:00+05:30,23.5,38,2.88,0.0,0.0,0.0,0.0,0.0,95490.0,0.0
2023-03-02 23:00:00+05:30,22.5,41,2.16,0.0,0.0,0.0,0.0,0.0,95440.0,0.0
2023-03-03 00:00:00+05:30,23.2,39,1.6,0.0,0.0,0.0,0.0,0.0,95440.0,0.0
2023-03-03 01:00:00+05:30,23.2,39,0.42,0.0,0.0,0.0,0.0,0.0,95400.0,0.0
2023-03-03 02:00:00+05:30,20.6,46,0.5,0.01,0.0,0.0,0.0,0.0,95280.0,0.0
2023-03-03 03:00:00+05:30,21.6,42,0.5,0.03,0.0,0.0,0.0,0.0,95260.0,0.0
2023-03-03 04:00:00+05:30,19.2,50,1.04,0.0,0.0,0.0,0.0,0.0,95220.0,0.0
2023-03-03 05:00:00+05:30,19.4,55,0.72,0.0,0.0,0.0,0.0,0.0,95300.0,0.0
2023-03-03 06:00:00+05:30,16.4,67,1.3,0.0,0.0,0.0,0.0,0.0,95310.0,0.0
2023-03-03 07:00:00+05:30,17.5,66,0.3,0.0,19.0,6.0,13.0,64.5,95440.0,0.0
2023-03-03 08:00:00+05:30,21.8,50,1.12,0.0,187.0,117.0,70.0,458.7,95610.0,0.0
2023-03-03 09:00:00+05:30,26.4,36,1.08,0.0,424.0,319.0,105.0,670.5,95760.0,0.0
2023-03-03 10:00:00+05:30,30.0,26,1.3,0.0,642.0,518.0,124.0,783.1,95780.0,0.0
2023-03-03 11:00:00+05:30,32.2,21,1.14,0.0,810.0,673.0,137.0,841.9,95740.0,0.0
2023-03-03 12:00:00+05:30,33.7,17,2.24,0.0,908.0,764.0,144.0,868.0,95630.0,0.0
2023-03-03 13:00:00+05:30,34.3,16,3.38,0.0,929.0,784.0,145.0,872.6,95490.0,0.0
2023-03-03 14:00:00+05:30,34.7,15,3.86,0.01,871.0,727.0,144.0,852.5,95380.0,0.0
2023-03-03 15:00:00+05:30,34.3,15,4.12,0.01,640.0,400.0,240.0,535.9,95280.0,0.0
2023-03-03 16:00:00+05:30,33.8,15,3.76,0.28,506.0,362.0,144.0,617.1,95250.0,0.0
2023-03-03 17:00:00+05:30,33.3,16,3.06,0.23,279.0,159.0,120.0,413.9,95280.0,0.0
2023-03-03 18:00:00+05:30,30.5,19,3.69,0.34,80.0,36.0,44.0,222.8,95300.0,0.0
2023-03-03 19:00:00+05:30,28.4,20,2.69,0.19,1.0,0.0,1.0,0.0,95320.0,0.0
2023-03-03 20:00:00+05:30,28.5,17,0.76,0.02,0.0,0.0,0.0,0.0,95450.0,0.0
2023-03-03 21:00:00+05:30,25.0,30,3.49,0.02,0.0,0.0,0.0,0.0,95500.0,0.0
2023-03-03 22:00:00+05:30,24.6,35,2.64,0.0,0.0,0.0,0.0,0.0,95490.0,0.0
2023-03-03 23:00:00+05:30,22.8,39,2.06,0.0,0.0,0.0,0.0,0.0,95420.0,0.0
2023-03-04 00:00:00+05:30,24.0,35,1.9,0.0,0.0,0.0,0.0,0.0,95390.0,0.0
2023-03-04 01:00:00+05:30,20.5,45,0.82,0.12,0.0,0.0,0.0,0.0,95270.0,0.0
2023-03-04 02:00:00+05:30,21.2,42,1.17,0.16,0.0,0.0,0.0,0.0,95230.0,0.0
2023-03-04 03:00:00+05:30,19.5,49,0.7,0.55,0.0,0.0,0.0,0.0,95180.0,0.0
2023-03-04 04:00:00+05:30,21.2,43,1.06,0.72,0.0,0.0,0.0,0.0,95240.0,0.0
2023-03-04 05:00:00+05:30,20.8,48,0.32,0.39,0.0,0.0,0.0,0.0,95340.0,0.0
2023-03-04 06:00:00+05:30,19.4,56,0.5,1.0,0.0,0.0,0.0,0.0,95360.0,0.0
2023-03-04 07:00:00+05:30,19.8,52,1.14,0.37,16.0,4.0,12.0,42.3,95450.0,0.0
2023-03-04 08:00:00+05:30,23.0,44,0.72,0.02,164.0,89.0,75.0,344.6,95620.0,0.0
2023-03-04 09:00:00+05:30,27.0,34,0.41,0.0,415.0,302.0,113.0,630.4,95750.0,0.0
2023-03-04 10:00:00+05:30,30.9,26,1.08,0.0,634.0,506.0,128.0,761.3,95790.0,0.0
2023-03-04 11:00:00+05:30,33.2,20,1.8,0.0,800.0,659.0,141.0,821.1,95730.0,0.0
2023-03-04 12:00:00+05:30,34.5,18,1.4,0.08,894.0,742.0,152.0,840.1,95600.0,0.0
2023-03-04 13:00:00+05:30,34.8,17,1.08,0.12,789.0,558.0,231.0,619.1,95450.0,0.0
2023-03-04 14:00:00+05:30,35.0,17,1.36,0.34,728.0,482.0,246.0,563.5,95310.0,0.0
2023-03-04 15:00:00+05:30,34.7,17,1.58,0.56,585.0,379.0,206.0,506.2,95250.0,0.0
2023-03-04 16:00:00+05:30,34.3,17,1.03,0.36,408.0,218.0,190.0,370.4,95190.0,0.0
2023-03-04 17:00:00+05:30,33.2,18,0.64,0.87,269.0,146.0,123.0,378.4,95210.0,0.0
2023-03-04 18:00:00+05:30,31.0,24,1.7,0.82,57.0,19.0,38.0,117.0,95220.0,0.0
2023-03-04 19:00:00+05:30,30.0,22,1.06,0.76,1.0,0.0,1.0,0.0,95320.0,0.0
2023-03-04 20:00:00+05:30,27.8,31,4.46,0.2,0.0,0.0,0.0,0.0,95420.0,0.0
2023-03-04 21:00:00+05:30,24.5,39,1.99,0.01,0.0,0.0,0.0,0.0,95430.0,0.0
2023-03-04 22:00:00+05:30,23.9,39,2.5,0.02,0.0,0.0,0.0,0.0,95450.0,0.0
2023-03-04 23:00:00+05:30,23.3,39,2.25,0.05,0.0,0.0,0.0,0.0,95410.0,0.0
2023-03-05 00:00:00+05:30,21.8,42,1.92,0.01,0.0,0.0,0.0,0.0,95360.0,0.0
2023-03-05 01:00:00+05:30,23.5,37,1.26,0.01,0.0,0.0,0.0,0.0,95320.0,0.0
2023-03-05 02:00:00+05:30,23.5,36,0.5,0.14,0.0,0.0,0.0,0.0,95270.0,0.0
2023-03-05 03:00:00+05:30,21.1,43,0.45,0.98,0.0,0.0,0.0,0.0,95210.0,0.0
2023-03-05 04:00:00+05:30,22.1,41,0.22,0.99,0.0,0.0,0.0,0.0,95230.0,0.0
2023-03-05 05:00:00+05:30,20.0,50,0.92,0.02,0.0,0.0,0.0,0.0,95270.0,0.0
2023-03-05 06:00:00+05:30,21.0,46,0.22,0.0,0.0,0.0,0.0,0.0,95380.0,0.0
2023-03-05 07:00:00+05:30,19.6,53,0.81,0.0,20.0,7.0,13.0,72.8,95420.0,0.0
2023-03-05 08:00:00+05:30,23.6,43,1.52,0.0,189.0,116.0,73.0,443.6,95590.0,0.0
2023-03-05 09:00:00+05:30,28.0,33,2.09,0.0,422.0,315.0,107.0,653.1,95730.0,0.0
2023-03-05 10:00:00+05:30,30.8,26,2.31,0.0,637.0,510.0,127.0,763.5,95740.0,0.0
2023-03-05 11:00:00+05:30,32.8,21,1.24,0.0,804.0,664.0,140.0,824.1,95680.0,0.0
2023-03-05 12:00:00+05:30,34.0,19,0.92,0.0,904.0,760.0,144.0,857.5,95550.0,0.0
2023-03-05 13:00:00+05:30,34.8,18,0.92,0.11,918.0,769.0,149.0,850.6,95420.0,0.0
2023-03-05 14:00:00+05:30,35.2,17,1.39,0.44,787.0,602.0,185.0,701.7,95290.0,0.0
2023-03-05 15:00:00+05:30,34.7,17,2.28,0.93,596.0,387.0,209.0,515.4,95200.0,0.0
2023-03-05 16:00:00+05:30,32.2,22,0.58,0.46,273.0,105.0,168.0,177.8,95170.0,0.0
2023-03-05 17:00:00+05:30,33.2,18,2.42,0.34,209.0,110.0,99.0,283.9,95180.0,0.0
2023-03-05 18:00:00+05:30,30.1,21,3.83,0.4,87.0,42.0,45.0,257.4,95190.0,0.0
2023-03-05 19:00:00+05:30,28.5,23,3.09,0.29,1.0,0.0,1.0,0.0,95220.0,0.0
2023-03-05 20:00:00+05:30,27.2,31,3.14,0.58,0.0,0.0,0.0,0.0,95330.0,0.0
2023-03-05 21:00:00+05:30,24.6,41,2.01,0.38,0.0,0.0,0.0,0.0,95390.0,0.0
2023-03-05 22:00:00+05:30,24.4,40,1.08,0.11,0.0,0.0,0.0,0.0,95430.0,0.0
2023-03-05 23:00:00+05:30,22.6,45,1.98,0.12,0.0,0.0,0.0,0.0,95340.0,0.0
2023-03-06 00:00:00+05:30,22.9,44,1.94,0.19,0.0,0.0,0.0,0.0,95320.0,0.0
2023-03-06 01:00:00+05:30,20.9,49,2.5,0.43,0.0,0.0,0.0,0.0,95210.0,0.0
2023-03-06 02:00:00+05:30,21.9,46,2.14,0.88,0.0,0.0,0.0,0.0,95180.0,0.0
2023-03-06 03:00:00+05:30,21.4,49,2.08,0.66,0.0,0.0,0.0,0.0,95150.0,0.0
2023-03-06 04:00:00+05:30,21.2,46,1.84,0.15,0.0,0.0,0.0,0.0,95160.0,0.0
2023-03-06 05:00:00+05:30,21.9,59,2.18,0.01,0.0,0.0,0.0,0.0,95220.0,0.0
2023-03-06 06:00:00+05:30,22.4,57,1.28,0.0,0.0,0.0,0.0,0.0,95300.0,0.0
2023-03-06 07:00:00+05:30,21.0,64,1.14,0.0,21.0,7.0,14.0,71.6,95360.0,0.0
2023-03-06 08:00:00+05:30,24.6,50,2.12,0.02,187.0,113.0,74.0,426.8,95500.0,0.0
2023-03-06 09:00:00+05:30,27.5,41,3.4,0.04,417.0,307.0,110.0,632.1,95610.0,0.0
2023-03-06 10:00:00+05:30,30.2,32,4.4,0.0,622.0,484.0,138.0,721.0,95610.0,0.0
2023-03-06 11:00:00+05:30,32.1,25,3.95,0.25,796.0,653.0,143.0,807.2,95530.0,0.0
2023-03-06 12:00:00+05:30,32.6,22,3.96,0.53,726.0,527.0,199.0,592.6,95420.0,0.0
2023-03-06 13:00:00+05:30,33.7,20,2.32,0.55,812.0,547.0,265.0,603.2,95270.0,0.0
2023-03-06 14:00:00+05:30,33.7,20,2.69,1.0,714.0,459.0,255.0,533.5,95150.0,0.0
2023-03-06 15:00:00+05:30,30.2,26,3.62,0.81,239.0,44.0,195.0,58.4,95130.0,0.0
2023-03-06 16:00:00+05:30,29.1,28,1.7,0.38,322.0,141.0,181.0,238.0,95080.0,0.0
2023-03-06 17:00:00+05:30,29.2,28,1.61,0.73,272.0,155.0,117.0,398.5,95080.0,0.0
2023-03-06 18:00:00+05:30,26.6,33,2.7,0.79,79.0,36.0,43.0,219.6,95110.0,0.0
2023-03-06 19:00:00+05:30,24.6,43,5.2,0.66,1.0,0.0,1.0,0.0,95220.0,0.0
2023-03-06 20:00:00+05:30,23.5,48,2.41,0.17,0.0,0.0,0.0,0.0,95270.0,0.0
2023-03-06 21:00:00+05:30,21.7,57,1.88,0.19,0.0,0.0,0.0,0.0,95310.0,0.0
2023-03-06 22:00:00+05:30,20.5,61,2.26,0.31,0.0,0.0,0.0,0.0,95280.0,0.0
2023-03-06 23:00:00+05:30,22.2,53,1.35,0.09,0.0,0.0,0.0,0.0,95310.0,0.0
2023-03-07 00:00:00+05:30,20.7,58,1.63,0.11,0.0,0.0,0.0,0.0,95260.0,0.0
2023-03-07 01:00:00+05:30,21.6,54,1.43,0.62,0.0,0.0,0.0,0.0,95200.0,0.0
2023-03-07 02:00:00+05:30,19.2,65,4.0,0.99,0.0,0.0,0.0,0.0,95260.0,0.3
2023-03-07 03:00:00+05:30,19.1,70,4.36,0.7,0.0,0.0,0.0,0.0,95140.0,0.1
2023-03-07 04:00:00+05:30,17.9,75,1.93,1.0,0.0,0.0,0.0,0.0,95220.0,0.0
2023-03-07 05:00:00+05:30,17.5,86,3.49,0.6,0.0,0.0,0.0,0.0,95260.0,0.0
2023-03-07 06:00:00+05:30,17.2,87,2.5,0.2,0.0,0.0,0.0,0.0,95380.0,0.0
2023-03-07 07:00:00+05:30,17.6,85,2.43,0.44,20.0,6.0,14.0,60.3,95450.0,0.0
2023-03-07 08:00:00+05:30,19.8,73,3.71,0.16,159.0,76.0,83.0,283.5,95540.0,0.0
2023-03-07 09:00:00+05:30,23.5,54,3.61,0.31,412.0,291.0,121.0,595.1,95580.0,0.0
2023-03-07 10:00:00+05:30,27.2,38,3.14,0.86,605.0,432.0,173.0,640.4,95620.0,0.0
2023-03-07 11:00:00+05:30,28.1,33,2.97,0.89,619.0,329.0,290.0,405.1,95590.0,0.0
2023-03-07 12:00:00+05:30,29.4,29,2.32,0.11,749.0,445.0,304.0,498.7,95480.0,0.1
2023-03-07 13:00:00+05:30,28.4,35,2.88,0.68,823.0,607.0,216.0,667.4,95390.0,0.9
2023-03-07 14:00:00+05:30,29.2,27,1.55,0.53,727.0,486.0,241.0,563.3,95290.0,0.0
2023-03-07 15:00:00+05:30,28.8,28,1.3,0.18,517.0,334.0,183.0,442.2,95200.0,0.0
2023-03-07 16:00:00+05:30,29.0,27,1.89,0.35,514.0,372.0,142.0,626.1,95150.0,0.0
2023-03-07 17:00:00+05:30,27.5,34,2.69,0.45,295.0,187.0,108.0,478.8,95240.0,0.0
2023-03-07 18:00:00+05:30,25.6,39,2.22,0.22,91.0,45.0,46.0,273.3,95210.0,0.0
2023-03-07 19:00:00+05:30,23.9,44,2.8,0.45,1.0,0.0,1.0,0.0,95210.0,0.0
2023-03-07 20:00:00+05:30,23.0,47,2.61,0.11,0.0,0.0,0.0,0.0,95260.0,0.0
2023-03-07 21:00:00+05:30,21.9,51,2.56,0.02,0.0,0.0,0.0,0.0,95300.0,0.0
2023-03-07 22:00:00+05:30,20.6,54,1.63,0.0,0.0,0.0,0.0,0.0,95280.0,0.0
2023-03-07 23:00:00+05:30,20.5,55,0.22,0.03,0.0,0.0,0.0,0.0,95260.0,0.0
2023-03-08 00:00:00+05:30,20.6,54,0.78,0.07,0.0,0.0,0.0,0.0,95220.0,0.0
2023-03-08 01:00:00+05:30,18.1,65,1.51,0.08,0.0,0.0,0.0,0.0,95130.0,0.0
2023-03-08 02:00:00+05:30,17.7,66,1.4,0.01,0.0,0.0,0.0,0.0,95080.0,0.0
2023-03-08 03:00:00+05:30,17.0,70,1.55,0.0,0.0,0.0,0.0,0.0,95030.0,0.0
2023-03-08 04:00:00+05:30,17.5,68,1.25,0.0,0.0,0.0,0.0,0.0,95060.0,0.0
2023-03-08 05:00:00+05:30,16.9,77,1.49,0.0,0.0,0.0,0.0,0.0,95040.0,0.0
2023-03-08 06:00:00+05:30,16.9,78,0.1,0.0,0.0,0.0,0.0,0.0,95110.0,0.0
2023-03-08 07:00:00+05:30,17.0,77,1.92,0.0,23.0,8.0,15.0,79.1,95240.0,0.0
2023-03-08 08:00:00+05:30,20.9,59,1.57,0.0,196.0,121.0,75.0,445.9,95430.0,0.0
2023-03-08 09:00:00+05:30,24.5,46,1.99,0.0,431.0,320.0,111.0,649.9,95560.0,0.0
2023-03-08 10:00:00+05:30,27.6,37,2.31,0.0,645.0,513.0,132.0,756.8,95580.0,0.0
2023-03-08 11:00:00+05:30,30.4,31,2.84,0.02,808.0,664.0,144.0,814.5,95500.0,0.0
2023-03-08 12:00:00+05:30,31.9,23,1.8,0.24,871.0,701.0,170.0,783.1,95420.0,0.0
2023-03-08 13:00:00+05:30,32.5,21,0.45,0.22,817.0,598.0,219.0,655.5,95290.0,0.0
2023-03-08 14:00:00+05:30,32.5,21,0.28,0.34,773.0,567.0,206.0,655.3,95190.0,0.0
2023-03-08 15:00:00+05:30,32.5,20,0.78,0.44,662.0,454.0,208.0,599.5,95090.0,0.0
2023-03-08 16:00:00+05:30,31.9,21,1.13,0.43,482.0,328.0,154.0,550.4,95080.0,0.0
2023-03-08 17:00:00+05:30,31.1,21,1.04,0.45,257.0,141.0,116.0,359.6,95100.0,0.0
2023-03-08 18:00:00+05:30,29.0,26,1.21,0.34,85.0,37.0,48.0,223.8,95090.0,0.0
2023-03-08 19:00:00+05:30,27.1,28,4.11,0.32,1.0,0.0,1.0,0.0,95140.0,0.0
2023-03-08 20:00:00+05:30,26.0,32,3.51,0.16,0.0,0.0,0.0,0.0,95180.0,0.0
2023-03-08 21:00:00+05:30,25.1,33,3.2,0.08,0.0,0.0,0.0,0.0,95230.0,0.0
2023-03-08 22:00:00+05:30,24.0,36,2.31,0.2,0.0,0.0,0.0,0.0,95230.0,0.0
2023-03-08 23:00:00+05:30,22.0,43,2.19,0.19,0.0,0.0,0.0,0.0,95210.0,0.0
2023-03-09 00:00:00+05:30,22.0,44,2.47,0.3,0.0,0.0,0.0,0.0,95210.0,0.0
2023-03-09 01:00:00+05:30,22.0,43,2.35,0.36,0.0,0.0,0.0,0.0,95110.0,0.0
2023-03-09 02:00:00+05:30,22.9,40,1.63,0.52,0.0,0.0,0.0,0.0,95090.0,0.0
2023-03-09 03:00:00+05:30,20.2,48,1.79,0.41,0.0,0.0,0.0,0.0,95010.0,0.0
2023-03-09 04:00:00+05:30,19.1,51,2.2,0.52,0.0,0.0,0.0,0.0,94990.0,0.0
2023-03-09 05:00:00+05:30,20.6,51,1.0,0.0,0.0,0.0,0.0,0.0,95130.0,0.0
2023-03-09 06:00:00+05:30,20.4,51,0.92,0.83,0.0,0.0,0.0,0.0,95190.0,0.0
2023-03-09 07:00:00+05:30,20.4,53,2.47,0.7,16.0,3.0,13.0,29.2,95280.0,0.0
2023-03-09 08:00:00+05:30,23.0,44,2.24,0.47,138.0,40.0,98.0,145.6,95390.0,0.0
2023-03-09 09:00:00+05:30,26.9,34,2.26,1.0,368.0,216.0,152.0,435.7,95480.0,0.0
2023-03-09 10:00:00+05:30,28.2,29,2.51,1.0,320.0,101.0,219.0,148.3,95470.0,0.0
2023-03-09 11:00:00+05:30,31.0,22,3.03,1.0,643.0,373.0,270.0,455.8,95440.0,0.0
2023-03-09 12:00:00+05:30,31.6,20,2.79,0.53,572.0,170.0,402.0,189.3,95320.0,0.0
2023-03-09 13:00:00+05:30,32.5,19,2.24,0.49,785.0,534.0,251.0,583.7,95210.0,0.0
2023-03-09 14:00:00+05:30,32.8,19,2.47,0.42,756.0,561.0,195.0,646.6,95130.0,0.0
2023-03-09 15:00:00+05:30,32.2,20,3.0,0.43,678.0,492.0,186.0,647.9,95060.0,0.0
2023-03-09 16:00:00+05:30,31.2,21,2.72,0.49,453.0,290.0,163.0,485.2,95050.0,0.0
2023-03-09 17:00:00+05:30,30.6,21,3.61,0.46,265.0,158.0,107.0,401.5,95040.0,0.0
2023-03-09 18:00:00+05:30,28.7,24,2.95,0.99,60.0,21.0,39.0,126.5,95070.0,0.0
2023-03-09 19:00:00+05:30,27.3,26,2.51,1.0,1.0,0.0,1.0,0.0,95100.0,0.0
2023-03-09 20:00:00+05:30,26.3,28,1.75,0.97,0.0,0.0,0.0,0.0,95130.0,0.0
2023-03-09 21:00:00+05:30,25.0,32,2.08,0.79,0.0,0.0,0.0,0.0,95150.0,0.0
2023-03-09 22:00:00+05:30,25.8,31,0.71,0.52,0.0,0.0,0.0,0.0,95230.0,0.0
2023-03-09 23:00:00+05:30,23.8,39,1.21,0.2,0.0,0.0,0.0,0.0,95210.0,0.0
2023-03-10 00:00:00+05:30,22.7,39,1.63,0.17,0.0,0.0,0.0,0.0,95150.0,0.0
2023-03-10 01:00:00+05:30,20.8,43,2.66,0.02,0.0,0.0,0.0,0.0,95010.0,0.0
2023-03-10 02:00:00+05:30,20.2,44,1.78,0.07,0.0,0.0,0.0,0.0,95020.0,0.0
2023-03-10 03:00:00+05:30,19.4,45,2.25,0.02,0.0,0.0,0.0,0.0,94970.0,0.0
2023-03-10 04:00:00+05:30,18.7,43,2.7,0.0,0.0,0.0,0.0,0.0,94980.0,0.0
2023-03-10 05:00:00+05:30,21.9,38,1.61,0.05,0.0,0.0,0.0,0.0,95090.0,0.0
2023-03-10 06:00:00+05:30,19.0,47,2.06,0.02,0.0,0.0,0.0,0.0,95080.0,0.0
2023-03-10 07:00:00+05:30,20.1,46,1.91,0.09,26.0,9.0,17.0,86.1,95190.0,0.0
2023-03-10 08:00:00+05:30,23.5,38,1.72,0.03,197.0,116.0,81.0,417.1,95330.0,0.0
2023-03-10 09:00:00+05:30,26.5,32,2.24,0.0,431.0,312.0,119.0,625.2,95420.0,0.0
2023-03-10 10:00:00+05:30,29.0,27,3.2,0.02,651.0,514.0,137.0,751.0,95440.0,0.0
2023-03-10 11:00:00+05:30,31.0,24,3.31,0.04,819.0,671.0,148.0,816.8,95370.0,0.0
2023-03-10 12:00:00+05:30,32.2,21,2.24,0.29,919.0,758.0,161.0,841.3,95270.0,0.0
2023-03-10 13:00:00+05:30,32.7,20,1.41,0.13,803.0,614.0,189.0,669.2,95150.0,0.0
2023-03-10 14:00:00+05:30,33.3,19,0.91,0.03,830.0,650.0,180.0,747.2,95030.0,0.0
2023-03-10 15:00:00+05:30,33.6,19,0.32,0.13,744.0,600.0,144.0,788.1,94940.0,0.0
2023-03-10 16:00:00+05:30,33.0,19,1.1,0.24,550.0,417.0,133.0,695.7,94890.0,0.0
2023-03-10 17:00:00+05:30,31.9,21,1.8,0.44,302.0,195.0,107.0,493.7,94930.0,0.0
2023-03-10 18:00:00+05:30,28.5,29,1.99,0.26,97.0,48.0,49.0,287.9,94920.0,0.0
2023-03-10 19:00:00+05:30,26.6,31,2.51,0.81,1.0,0.0,1.0,0.0,94960.0,0.0
2023-03-10 20:00:00+05:30,27.5,28,1.75,0.78,0.0,0.0,0.0,0.0,95050.0,0.0
2023-03-10 21:00:00+05:30,26.5,29,1.21,0.38,0.0,0.0,0.0,0.0,95110.0,0.0
2023-03-10 22:00:00+05:30,23.2,39,1.32,0.25,0.0,0.0,0.0,0.0,95130.0,0.0
2023-03-10 23:00:00+05:30,23.2,39,0.41,0.08,0.0,0.0,0.0,0.0,95100.0,0.0
2023-03-11 00:00:00+05:30,21.1,44,2.06,0.24,0.0,0.0,0.0,0.0,95040.0,0.0
2023-03-11 01:00:00+05:30,20.6,46,2.42,0.24,0.0,0.0,0.0,0.0,94970.0,0.0
2023-03-11 02:00:00+05:30,19.9,47,1.77,0.07,0.0,0.0,0.0,0.0,94920.0,0.0
2023-03-11 03:00:00+05:30,19.1,51,1.98,0.0,0.0,0.0,0.0,0.0,94870.0,0.0
2023-03-11 04:00:00+05:30,18.4,53,1.92,0.0,0.0,0.0,0.0,0.0,94850.0,0.0
2023-03-11 05:00:00+05:30,18.8,54,2.36,0.0,0.0,0.0,0.0,0.0,94900.0,0.0
2023-03-11 06:00:00+05:30,18.6,55,2.25,0.0,0.0,0.0,0.0,0.0,95000.0,0.0
2023-03-11 07:00:00+05:30,19.6,54,1.04,0.0,27.0,10.0,17.0,94.1,95140.0,0.0
2023-03-11 08:00:00+05:30,23.0,44,0.0,0.02,206.0,128.0,78.0,454.7,95300.0,0.0
2023-03-11 09:00:00+05:30,26.5,33,1.81,0.04,442.0,328.0,114.0,652.8,95420.0,0.0
2023-03-11 10:00:00+05:30,29.0,28,3.0,0.01,658.0,523.0,135.0,760.5,95460.0,0.0
2023-03-11 11:00:00+05:30,31.6,22,4.1,0.0,825.0,679.0,146.0,823.4,95400.0,0.0
2023-03-11 12:00:00+05:30,33.3,18,3.2,0.2,923.0,770.0,153.0,851.9,95300.0,0.0
2023-03-11 13:00:00+05:30,34.1,16,2.12,0.69,900.0,696.0,204.0,756.5,95180.0,0.0
2023-03-11 14:00:00+05:30,34.2,17,2.53,0.37,815.0,568.0,247.0,651.3,95070.0,0.0
2023-03-11 15:00:00+05:30,34.3,16,3.05,0.26,695.0,523.0,172.0,685.2,94950.0,0.0
2023-03-11 16:00:00+05:30,34.5,14,3.52,0.46,556.0,424.0,132.0,705.4,94880.0,0.0
2023-03-11 17:00:00+05:30,33.0,16,2.72,0.99,311.0,198.0,113.0,499.5,94930.0,0.0
2023-03-11 18:00:00+05:30,30.0,21,1.66,0.34,92.0,40.0,52.0,239.0,94910.0,0.0
2023-03-11 19:00:00+05:30,27.6,26,1.77,0.76,1.0,0.0,1.0,0.0,94930.0,0.0
2023-03-11 20:00:00+05:30,28.8,24,1.1,0.29,0.0,0.0,0.0,0.0,95050.0,0.0
2023-03-11 21:00:00+05:30,25.9,31,2.93,0.13,0.0,0.0,0.0,0.0,95130.0,0.0
2023-03-11 22:00:00+05:30,23.5,40,2.5,0.77,0.0,0.0,0.0,0.0,95120.0,0.0
2023-03-11 23:00:00+05:30,24.7,37,2.06,0.95,0.0,0.0,0.0,0.0,95120.0,0.0
2023-03-12 00:00:00+05:30,24.9,37,1.3,0.66,0.0,0.0,0.0,0.0,95090.0,0.0
2023-03-12 01:00:00+05:30,24.3,39,0.28,0.99,0.0,0.0,0.0,0.0,95050.0,0.0
2023-03-12 02:00:00+05:30,22.5,45,1.7,1.0,0.0,0.0,0.0,0.0,94950.0,0.0
2023-03-12 03:00:00+05:30,23.0,41,1.35,0.62,0.0,0.0,0.0,0.0,94910.0,0.0
2023-03-12 04:00:00+05:30,21.8,41,2.41,0.31,0.0,0.0,0.0,0.0,94870.0,0.0
2023-03-12 05:00:00+05:30,21.1,47,1.99,0.02,0.0,0.0,0.0,0.0,94930.0,0.0
2023-03-12 06:00:00+05:30,22.0,43,1.41,0.28,0.0,0.0,0.0,0.0,95040.0,0.0
2023-03-12 07:00:00+05:30,21.4,46,1.39,0.0,26.0,8.0,18.0,74.1,95100.0,0.0
2023-03-12 08:00:00+05:30,24.8,37,2.0,0.0,209.0,130.0,79.0,456.3,95260.0,0.0
2023-03-12 09:00:00+05:30,28.5,29,3.0,0.0,445.0,332.0,113.0,656.4,95340.0,0.0
2023-03-12 10:00:00+05:30,31.4,26,3.07,0.0,649.0,505.0,144.0,730.9,95350.0,0.0
2023-03-12 11:00:00+05:30,33.2,22,3.85,0.1,811.0,654.0,157.0,790.2,95270.0,0.0
2023-03-12 12:00:00+05:30,34.2,20,3.67,0.24,874.0,680.0,194.0,750.0,95170.0,0.0
2023-03-12 13:00:00+05:30,34.7,19,3.81,0.5,879.0,688.0,191.0,745.7,95060.0,0.0
2023-03-12 14:00:00+05:30,34.7,19,4.11,0.45,742.0,484.0,258.0,553.5,94960.0,0.0
2023-03-12 15:00:00+05:30,34.5,19,3.62,0.36,627.0,406.0,221.0,530.6,94900.0,0.0
2023-03-12 16:00:00+05:30,33.7,20,3.37,0.54,427.0,274.0,153.0,454.6,94850.0,0.0
2023-03-12 17:00:00+05:30,32.5,22,3.35,0.37,195.0,99.0,96.0,248.9,94930.0,0.0
2023-03-12 18:00:00+05:30,30.5,25,2.2,0.14,95.0,44.0,51.0,261.9,94920.0,0.0
2023-03-12 19:00:00+05:30,28.9,27,3.3,0.85,1.0,0.0,1.0,0.0,94970.0,0.0
2023-03-12 20:00:00+05:30,28.0,28,3.51,0.94,0.0,0.0,0.0,0.0,95000.0,0.0
2023-03-12 21:00:00+05:30,26.5,31,2.1,1.0,0.0,0.0,0.0,0.0,95020.0,0.0
2023-03-12 22:00:00+05:30,24.6,36,1.84,1.0,0.0,0.0,0.0,0.0,95040.0,0.0
2023-03-12 23:00:00+05:30,24.6,43,3.4,1.0,0.0,0.0,0.0,0.0,95050.0,0.0
2023-03-13 00:00:00+05:30,23.2,47,1.79,0.88,0.0,0.0,0.0,0.0,94960.0,0.0
2023-03-13 01:00:00+05:30,23.2,47,2.28,0.98,0.0,0.0,0.0,0.0,94910.0,0.0
2023-03-13 02:00:00+05:30,24.4,43,0.81,1.0,0.0,0.0,0.0,0.0,94870.0,0.0
2023-03-13 03:00:00+05:30,22.7,49,1.32,0.96,0.0,0.0,0.0,0.0,94810.0,0.0
2023-03-13 04:00:00+05:30,21.8,50,1.28,0.93,0.0,0.0,0.0,0.0,94800.0,0.0
2023-03-13 05:00:00+05:30,23.0,54,0.76,0.97,0.0,0.0,0.0,0.0,94880.0,0.0
2023-03-13 06:00:00+05:30,22.5,55,0.2,0.92,0.0,0.0,0.0,0.0,94970.0,0.0
2023-03-13 07:00:00+05:30,21.9,58,0.92,0.99,26.0,5.0,21.0,45.6,95030.0,0.0
2023-03-13 08:00:00+05:30,24.9,44,1.94,0.88,159.0,45.0,114.0,156.1,95180.0,0.0
2023-03-13 09:00:00+05:30,27.8,35,2.47,1.0,360.0,171.0,189.0,335.9,95240.0,0.0
2023-03-13 10:00:00+05:30,30.6,28,2.6,0.26,574.0,313.0,261.0,450.9,95250.0,0.0
2023-03-13 11:00:00+05:30,33.2,21,2.56,0.48,803.0,619.0,184.0,745.2,95220.0,0.0
2023-03-13 12:00:00+05:30,34.0,19,1.8,0.9,827.0,600.0,227.0,659.7,95120.0,0.0
2023-03-13 13:00:00+05:30,34.2,18,0.8,0.91,652.0,391.0,261.0,422.7,94990.0,0.0
2023-03-13 14:00:00+05:30,34.0,17,1.2,1.0,510.0,203.0,307.0,231.6,94900.0,0.0
2023-03-13 15:00:00+05:30,33.1,18,1.71,0.96,278.0,42.0,236.0,54.8,94810.0,0.0
2023-03-13 16:00:00+05:30,33.0,18,0.71,1.0,366.0,183.0,183.0,302.9,94780.0,0.0
2023-03-13 17:00:00+05:30,31.8,19,2.82,0.8,164.0,27.0,137.0,67.7,94790.0,0.0
2023-03-13 18:00:00+05:30,31.1,19,2.42,0.93,49.0,12.0,37.0,71.1,94820.0,0.0
2023-03-13 19:00:00+05:30,28.5,25,3.18,0.75,1.0,0.0,1.0,0.0,94870.0,0.0
2023-03-13 20:00:00+05:30,26.2,42,1.91,0.26,0.0,0.0,0.0,0.0,94950.0,0.0
2023-03-13 21:00:00+05:30,24.7,48,2.57,0.2,0.0,0.0,0.0,0.0,94970.0,0.0
2023-03-13 22:00:00+05:30,23.7,51,1.71,0.26,0.0,0.0,0.0,0.0,94970.0,0.0
2023-03-13 23:00:00+05:30,22.2,58,1.94,0.18,0.0,0.0,0.0,0.0,94920.0,0.0
2023-03-14 00:00:00+05:30,21.6,62,1.8,0.01,0.0,0.0,0.0,0.0,94890.0,0.0
2023-03-14 01:00:00+05:30,21.0,63,1.64,0.06,0.0,0.0,0.0,0.0,94820.0,0.0
2023-03-14 02:00:00+05:30,20.1,66,1.75,0.35,0.0,0.0,0.0,0.0,94740.0,0.0
2023-03-14 03:00:00+05:30,19.5,67,1.02,1.0,0.0,0.0,0.0,0.0,94730.0,0.0
2023-03-14 04:00:00+05:30,19.5,65,0.76,1.0,0.0,0.0,0.0,0.0,94720.0,0.0
2023-03-14 05:00:00+05:30,19.0,77,1.12,0.68,0.0,0.0,0.0,0.0,94770.0,0.0
2023-03-14 06:00:00+05:30,19.0,76,0.89,0.73,0.0,0.0,0.0,0.0,94830.0,0.0
2023-03-14 07:00:00+05:30,20.9,68,1.22,0.58,26.0,7.0,19.0,62.9,94930.0,0.0
2023-03-14 08:00:00+05:30,24.5,54,0.71,0.59,162.0,61.0,101.0,209.2,95070.0,0.0
2023-03-14 09:00:00+05:30,28.1,39,1.35,0.17,373.0,179.0,194.0,349.3,95140.0,0.0
2023-03-14 10:00:00+05:30,31.3,27,2.22,0.2,603.0,440.0,163.0,631.0,95140.0,0.0
2023-03-14 11:00:00+05:30,33.2,18,2.02,0.18,748.0,569.0,179.0,682.5,95070.0,0.0
2023-03-14 12:00:00+05:30,34.2,16,2.06,0.76,841.0,659.0,182.0,722.4,94960.0,0.0
2023-03-14 13:00:00+05:30,34.6,16,3.26,0.67,791.0,556.0,235.0,599.4,94830.0,0.0
2023-03-14 14:00:00+05:30,33.2,18,4.22,0.56,512.0,255.0,257.0,290.2,94720.0,0.0
2023-03-14 15:00:00+05:30,33.2,17,4.03,0.85,518.0,249.0,269.0,323.8,94640.0,0.0
2023-03-14 16:00:00+05:30,33.5,17,2.87,0.91,473.0,303.0,170.0,500.2,94590.0,0.0
2023-03-14 17:00:00+05:30,32.3,18,3.31,0.98,260.0,148.0,112.0,369.6,94610.0,0.0
2023-03-14 18:00:00+05:30,30.1,21,1.97,0.47,75.0,29.0,46.0,171.3,94600.0,0.0
2023-03-14 19:00:00+05:30,27.9,25,2.02,0.64,1.0,0.0,1.0,0.0,94630.0,0.0
2023-03-14 20:00:00+05:30,26.5,32,3.09,0.59,0.0,0.0,0.0,0.0,94710.0,0.0
2023-03-14 21:00:00+05:30,24.7,43,1.63,0.43,0.0,0.0,0.0,0.0,94720.0,0.0
2023-03-14 22:00:00+05:30,22.8,52,1.92,0.0,0.0,0.0,0.0,0.0,94720.0,0.0
2023-03-14 23:00:00+05:30,22.2,54,1.7,0.01,0.0,0.0,0.0,0.0,94670.0,0.0
2023-03-15 00:00:00+05:30,21.5,55,1.9,0.02,0.0,0.0,0.0,0.0,94630.0,0.0
2023-03-15 01:00:00+05:30,22.9,50,0.45,0.0,0.0,0.0,0.0,0.0,94630.0,0.0
2023-03-15 02:00:00+05:30,20.4,60,1.61,0.99,0.0,0.0,0.0,0.0,94540.0,0.0
2023-03-15 03:00:00+05:30,21.8,54,0.72,1.0,0.0,0.0,0.0,0.0,94540.0,0.0
2023-03-15 04:00:00+05:30,19.5,62,1.22,1.0,0.0,0.0,0.0,0.0,94520.0,0.0
2023-03-15 05:00:00+05:30,20.4,61,1.13,0.92,0.0,0.0,0.0,0.0,94570.0,0.0
2023-03-15 06:00:00+05:30,19.3,62,1.14,0.94,0.0,0.0,0.0,0.0,94630.0,0.0
2023-03-15 07:00:00+05:30,20.5,58,1.64,0.09,30.0,7.0,23.0,61.9,94720.0,0.0
2023-03-15 08:00:00+05:30,24.8,46,0.64,0.58,205.0,121.0,84.0,410.2,94850.0,0.0
2023-03-15 09:00:00+05:30,28.4,34,1.3,1.0,422.0,287.0,135.0,556.5,94990.0,0.0
2023-03-15 10:00:00+05:30,31.0,28,1.75,1.0,574.0,380.0,194.0,542.5,94990.0,0.0
2023-03-15 11:00:00+05:30,32.0,24,2.33,1.0,531.0,149.0,382.0,178.1,94920.0,0.0
2023-03-15 12:00:00+05:30,32.2,22,2.34,1.0,481.0,152.0,329.0,166.1,94850.0,0.0
2023-03-15 13:00:00+05:30,31.8,22,2.42,1.0,352.0,67.0,285.0,72.0,94730.0,0.0
2023-03-15 14:00:00+05:30,31.9,21,2.47,0.96,386.0,57.0,329.0,64.7,94670.0,0.0
2023-03-15 15:00:00+05:30,32.2,20,2.6,0.94,450.0,136.0,314.0,176.5,94590.0,0.0
2023-03-15 16:00:00+05:30,32.2,20,1.71,0.49,363.0,129.0,234.0,212.4,94520.0,0.0
2023-03-15 17:00:00+05:30,32.2,19,2.8,0.87,260.0,149.0,111.0,370.9,94530.0,0.0
2023-03-15 18:00:00+05:30,29.8,23,2.5,0.87,67.0,18.0,49.0,106.0,94560.0,0.0
2023-03-15 19:00:00+05:30,27.9,37,3.96,0.79,1.0,0.0,1.0,0.0,94680.0,0.0
2023-03-15 20:00:00+05:30,26.1,51,4.92,0.78,0.0,0.0,0.0,0.0,94760.0,0.0
2023-03-15 21:00:00+05:30,24.8,63,3.08,0.31,0.0,0.0,0.0,0.0,94800.0,0.0
2023-03-15 22:00:00+05:30,22.7,69,1.56,0.96,0.0,0.0,0.0,0.0,94830.0,0.0
2023-03-15 23:00:00+05:30,23.4,61,1.03,0.69,0.0,0.0,0.0,0.0,94890.0,0.1
2023-03-16 00:00:00+05:30,21.7,77,1.02,0.57,0.0,0.0,0.0,0.0,94870.0,1.1
2023-03-16 01:00:00+05:30,20.5,86,1.04,0.38,0.0,0.0,0.0,0.0,94830.0,0.8
2023-03-16 02:00:00+05:30,20.0,89,1.32,0.34,0.0,0.0,0.0,0.0,94730.0,0.0
2023-03-16 03:00:00+05:30,20.0,84,1.0,0.79,0.0,0.0,0.0,0.0,94700.0,0.0
2023-03-16 04:00:00+05:30,18.9,92,1.0,0.99,0.0,0.0,0.0,0.0,94700.0,0.0
2023-03-16 05:00:00+05:30,18.6,82,2.55,1.0,0.0,0.0,0.0,0.0,94670.0,0.0
2023-03-16 06:00:00+05:30,18.9,83,1.53,0.9,0.0,0.0,0.0,0.0,94750.0,0.0
2023-03-16 07:00:00+05:30,19.5,84,2.38,0.96,29.0,6.0,23.0,52.3,94920.0,0.0
2023-03-16 08:00:00+05:30,21.5,70,3.26,0.22,101.0,26.0,75.0,87.1,95050.0,0.2
2023-03-16 09:00:00+05:30,25.0,53,3.45,0.71,389.0,244.0,145.0,470.1,95180.0,0.0
2023-03-16 10:00:00+05:30,27.0,45,2.6,0.77,506.0,280.0,226.0,398.0,95180.0,0.0
2023-03-16 11:00:00+05:30,29.2,37,2.01,0.69,773.0,564.0,209.0,671.8,95120.0,0.0
2023-03-16 12:00:00+05:30,30.5,33,1.8,1.0,821.0,573.0,248.0,624.5,94990.0,0.0
2023-03-16 13:00:00+05:30,31.6,31,0.71,0.52,838.0,518.0,320.0,555.6,94840.0,0.0
2023-03-16 14:00:00+05:30,30.9,32,2.15,0.57,802.0,580.0,222.0,657.0,94750.0,0.2
2023-03-16 15:00:00+05:30,29.1,35,2.52,0.49,554.0,349.0,205.0,451.8,94730.0,0.1
2023-03-16 16:00:00+05:30,26.0,53,3.61,0.71,420.0,253.0,167.0,415.6,94720.0,0.4
2023-03-16 17:00:00+05:30,24.4,63,0.81,0.29,218.0,108.0,110.0,268.0,94740.0,0.0
2023-03-16 18:00:00+05:30,23.5,65,3.4,0.38,88.0,36.0,52.0,211.2,94800.0,0.0
2023-03-16 19:00:00+05:30,22.1,68,2.3,0.51,1.0,0.0,1.0,0.0,94850.0,0.0
2023-03-16 20:00:00+05:30,21.1,72,0.91,0.62,0.0,0.0,0.0,0.0,94890.0,0.0
2023-03-16 21:00:00+05:30,20.5,77,0.41,0.27,0.0,0.0,0.0,0.0,94930.0,0.0
2023-03-16 22:00:00+05:30,19.8,81,0.58,0.54,0.0,0.0,0.0,0.0,94940.0,0.0
2023-03-16 23:00:00+05:30,19.9,81,0.2,0.97,0.0,0.0,0.0,0.0,94920.0,0.0
2023-03-17 00:00:00+05:30,19.8,81,0.92,1.0,0.0,0.0,0.0,0.0,94890.0,0.0
2023-03-17 01:00:00+05:30,18.8,87,1.32,0.97,0.0,0.0,0.0,0.0,94830.0,0.0
2023-03-17 02:00:00+05:30,19.0,85,1.22,0.79,0.0,0.0,0.0,0.0,94790.0,0.0
2023-03-17 03:00:00+05:30,18.5,86,1.4,1.0,0.0,0.0,0.0,0.0,94750.0,0.0
2023-03-17 04:00:00+05:30,18.5,85,1.2,0.91,0.0,0.0,0.0,0.0,94770.0,0.0
2023-03-17 05:00:00+05:30,18.4,90,1.4,0.35,0.0,0.0,0.0,0.0,94820.0,0.0
2023-03-17 06:00:00+05:30,18.8,88,0.86,1.0,0.0,0.0,0.0,0.0,94900.0,0.0
2023-03-17 07:00:00+05:30,18.7,91,0.67,1.0,27.0,3.0,24.0,25.8,94980.0,0.0
2023-03-17 08:00:00+05:30,21.1,81,0.72,0.95,152.0,32.0,120.0,106.1,95070.0,0.0
2023-03-17 09:00:00+05:30,24.0,64,1.2,0.97,375.0,176.0,199.0,337.0,95160.0,0.0
2023-03-17 10:00:00+05:30,26.4,54,1.63,0.97,534.0,266.0,268.0,376.4,95140.0,0.0
2023-03-17 11:00:00+05:30,27.8,45,1.36,0.85,583.0,291.0,292.0,345.5,95070.0,0.0
2023-03-17 12:00:00+05:30,29.2,37,0.85,0.23,737.0,414.0,323.0,450.0,94990.0,0.0
2023-03-17 13:00:00+05:30,29.9,33,1.39,0.32,834.0,636.0,198.0,680.6,94870.0,0.0
2023-03-17 14:00:00+05:30,30.6,29,2.26,0.32,750.0,537.0,213.0,606.9,94740.0,0.0
2023-03-17 15:00:00+05:30,30.4,28,3.79,0.65,638.0,462.0,176.0,596.8,94680.0,0.0
2023-03-17 16:00:00+05:30,26.5,48,5.57,0.32,421.0,276.0,145.0,452.3,94660.0,0.0
2023-03-17 17:00:00+05:30,29.5,29,4.24,0.19,263.0,156.0,107.0,386.0,94590.0,0.0
2023-03-17 18:00:00+05:30,25.7,50,4.52,0.11,76.0,29.0,47.0,169.5,94640.0,0.0
2023-03-17 19:00:00+05:30,24.2,59,3.51,0.17,2.0,0.0,2.0,0.0,94700.0,0.0
2023-03-17 20:00:00+05:30,23.1,68,2.61,0.12,0.0,0.0,0.0,0.0,94770.0,0.0
2023-03-17 21:00:00+05:30,22.1,76,1.49,0.05,0.0,0.0,0.0,0.0,94820.0,0.0
2023-03-17 22:00:00+05:30,21.0,84,1.14,0.06,0.0,0.0,0.0,0.0,94830.0,0.0
2023-03-17 23:00:00+05:30,20.3,91,1.44,0.2,0.0,0.0,0.0,0.0,94830.0,0.0
2023-03-18 00:00:00+05:30,20.7,89,0.81,0.08,0.0,0.0,0.0,0.0,94820.0,0.0
2023-03-18 01:00:00+05:30,20.4,90,0.76,0.01,0.0,0.0,0.0,0.0,94730.0,0.0
2023-03-18 02:00:00+05:30,19.9,93,0.67,0.02,0.0,0.0,0.0,0.0,94680.0,0.0
2023-03-18 03:00:00+05:30,19.0,96,0.85,0.05,0.0,0.0,0.0,0.0,94610.0,0.0
2023-03-18 04:00:00+05:30,18.9,97,0.4,0.17,0.0,0.0,0.0,0.0,94630.0,0.0
2023-03-18 05:00:00+05:30,18.0,88,1.0,0.27,0.0,0.0,0.0,0.0,94710.0,0.0
2023-03-18 06:00:00+05:30,18.7,84,0.36,0.05,0.0,0.0,0.0,0.0,94780.0,0.0
2023-03-18 07:00:00+05:30,19.0,84,0.32,0.03,34.0,12.0,22.0,101.6,94860.0,0.0
2023-03-18 08:00:00+05:30,22.0,69,0.7,0.02,216.0,130.0,86.0,426.3,94980.0,0.0
2023-03-18 09:00:00+05:30,24.7,56,1.5,0.03,451.0,327.0,124.0,622.4,95040.0,0.0
2023-03-18 10:00:00+05:30,27.1,46,1.5,0.03,663.0,517.0,146.0,728.5,95050.0,0.0
2023-03-18 11:00:00+05:30,28.9,39,0.45,0.12,813.0,659.0,154.0,779.8,94980.0,0.0
2023-03-18 12:00:00+05:30,30.0,33,1.12,0.18,837.0,659.0,178.0,714.3,94900.0,0.0
2023-03-18 13:00:00+05:30,30.5,28,2.52,0.25,875.0,678.0,197.0,723.8,94770.0,0.0
2023-03-18 14:00:00+05:30,30.7,28,3.21,0.15,760.0,566.0,194.0,638.3,94640.0,0.0
2023-03-18 15:00:00+05:30,30.4,28,2.94,0.09,700.0,533.0,167.0,687.0,94520.0,0.0
2023-03-18 16:00:00+05:30,30.6,25,3.61,0.11,526.0,385.0,141.0,629.5,94450.0,0.0
2023-03-18 17:00:00+05:30,29.5,27,4.4,0.28,302.0,197.0,105.0,485.9,94460.0,0.0
2023-03-18 18:00:00+05:30,27.4,33,4.15,0.15,98.0,47.0,51.0,273.8,94540.0,0.0
2023-03-18 19:00:00+05:30,25.3,44,3.7,0.08,2.0,0.0,2.0,0.0,94630.0,0.0
2023-03-18 20:00:00+05:30,23.5,60,3.65,0.03,0.0,0.0,0.0,0.0,94690.0,0.0
2023-03-18 21:00:00+05:30,22.0,75,2.62,0.01,0.0,0.0,0.0,0.0,94740.0,0.0
2023-03-18 22:00:00+05:30,20.0,88,1.8,0.0,0.0,0.0,0.0,0.0,94750.0,0.0
2023-03-18 23:00:00+05:30,19.5,92,1.33,0.0,0.0,0.0,0.0,0.0,94760.0,0.0
2023-03-19 00:00:00+05:30,18.6,97,1.57,0.07,0.0,0.0,0.0,0.0,94700.0,0.0
2023-03-19 01:00:00+05:30,18.3,98,1.17,0.01,0.0,0.0,0.0,0.0,94640.0,0.0
2023-03-19 02:00:00+05:30,18.0,98,1.35,0.0,0.0,0.0,0.0,0.0,94570.0,0.0
2023-03-19 03:00:00+05:30,17.3,99,1.21,0.0,0.0,0.0,0.0,0.0,94540.0,0.0
2023-03-19 04:00:00+05:30,16.9,100,1.17,0.3,0.0,0.0,0.0,0.0,94550.0,0.0
2023-03-19 05:00:00+05:30,17.3,100,1.1,0.49,0.0,0.0,0.0,0.0,94590.0,0.0
2023-03-19 06:00:00+05:30,17.0,100,0.85,1.0,0.0,0.0,0.0,0.0,94650.0,0.0
2023-03-19 07:00:00+05:30,17.5,99,0.67,1.0,29.0,4.0,25.0,33.4,94730.0,0.0
2023-03-19 08:00:00+05:30,19.4,93,0.41,0.99,166.0,34.0,132.0,110.3,94850.0,0.0
2023-03-19 09:00:00+05:30,23.6,67,0.54,0.04,440.0,285.0,155.0,539.2,94970.0,0.0
2023-03-19 10:00:00+05:30,27.2,34,0.9,0.01,684.0,545.0,139.0,764.8,94970.0,0.0
2023-03-19 11:00:00+05:30,29.0,24,2.0,0.01,847.0,696.0,151.0,820.9,94880.0,0.0
2023-03-19 12:00:00+05:30,30.0,22,2.91,0.05,948.0,791.0,157.0,855.1,94790.0,0.0
2023-03-19 13:00:00+05:30,30.5,21,4.3,0.11,944.0,780.0,164.0,830.7,94690.0,0.0
2023-03-19 14:00:00+05:30,30.0,23,5.4,0.09,832.0,661.0,171.0,743.9,94620.0,0.0
2023-03-19 15:00:00+05:30,30.0,22,4.85,0.0,723.0,575.0,148.0,739.6,94530.0,0.0
2023-03-19 16:00:00+05:30,29.1,21,6.02,0.0,575.0,449.0,126.0,732.5,94480.0,0.0
2023-03-19 17:00:00+05:30,27.5,25,5.45,0.02,340.0,240.0,100.0,590.3,94530.0,0.0
2023-03-19 18:00:00+05:30,25.4,31,4.6,0.0,110.0,57.0,53.0,330.9,94570.0,0.0
2023-03-19 19:00:00+05:30,23.2,39,4.0,0.02,2.0,0.0,2.0,0.0,94620.0,0.0
2023-03-19 20:00:00+05:30,21.8,50,3.2,0.01,0.0,0.0,0.0,0.0,94680.0,0.0
2023-03-19 21:00:00+05:30,20.2,65,2.42,0.0,0.0,0.0,0.0,0.0,94730.0,0.0
2023-03-19 22:00:00+05:30,19.2,78,2.21,0.01,0.0,0.0,0.0,0.0,94780.0,0.0
2023-03-19 23:00:00+05:30,18.6,88,1.92,0.01,0.0,0.0,0.0,0.0,94770.0,0.0
2023-03-20 00:00:00+05:30,18.4,93,1.75,0.01,0.0,0.0,0.0,0.0,94720.0,0.0
2023-03-20 01:00:00+05:30,17.9,95,1.5,0.01,0.0,0.0,0.0,0.0,94650.0,0.0
2023-03-20 02:00:00+05:30,17.2,96,1.5,0.04,0.0,0.0,0.0,0.0,94560.0,0.0
2023-03-20 03:00:00+05:30,16.6,97,1.8,0.06,0.0,0.0,0.0,0.0,94510.0,0.0
2023-03-20 04:00:00+05:30,16.6,97,1.57,0.07,0.0,0.0,0.0,0.0,94500.0,0.0
2023-03-20 05:00:00+05:30,17.2,97,1.8,0.02,0.0,0.0,0.0,0.0,94520.0,0.0
2023-03-20 06:00:00+05:30,17.3,97,1.4,0.12,0.0,0.0,0.0,0.0,94580.0,0.0
2023-03-20 07:00:00+05:30,18.9,91,2.16,0.09,38.0,14.0,24.0,115.3,94690.0,0.0
2023-03-20 08:00:00+05:30,21.4,77,2.28,0.08,227.0,136.0,91.0,436.7,94810.0,0.0
2023-03-20 09:00:00+05:30,23.9,57,1.75,0.0,463.0,332.0,131.0,624.4,94860.0,0.0
2023-03-20 10:00:00+05:30,26.4,38,2.12,0.02,690.0,551.0,139.0,770.0,94900.0,0.0
2023-03-20 11:00:00+05:30,28.0,27,2.62,0.01,845.0,691.0,154.0,812.4,94850.0,0.0
2023-03-20 12:00:00+05:30,29.1,22,3.49,0.01,951.0,792.0,159.0,853.9,94800.0,0.0
2023-03-20 13:00:00+05:30,29.5,22,3.86,0.0,969.0,810.0,159.0,860.7,94700.0,0.0
2023-03-20 14:00:00+05:30,29.7,21,3.59,0.0,909.0,756.0,153.0,849.0,94580.0,0.0
2023-03-20 15:00:00+05:30,29.6,21,3.67,0.01,774.0,631.0,143.0,810.0,94490.0,0.0
2023-03-20 16:00:00+05:30,29.0,23,4.0,0.03,569.0,440.0,129.0,716.2,94460.0,0.0
2023-03-20 17:00:00+05:30,27.8,23,2.92,0.01,329.0,220.0,109.0,539.5,94520.0,0.0
2023-03-20 18:00:00+05:30,25.9,27,3.57,0.2,107.0,50.0,57.0,288.5,94510.0,0.0
2023-03-20 19:00:00+05:30,23.5,42,4.9,0.14,2.0,0.0,2.0,0.0,94600.0,0.0
2023-03-20 20:00:00+05:30,22.1,49,4.0,0.41,0.0,0.0,0.0,0.0,94680.0,0.0
2023-03-20 21:00:00+05:30,20.8,57,3.4,0.76,0.0,0.0,0.0,0.0,94730.0,0.0
2023-03-20 22:00:00+05:30,19.8,67,2.51,0.23,0.0,0.0,0.0,0.0,94770.0,0.0
2023-03-20 23:00:00+05:30,18.6,77,1.75,0.0,0.0,0.0,0.0,0.0,94760.0,0.0
2023-03-21 00:00:00+05:30,17.6,83,1.84,0.0,0.0,0.0,0.0,0.0,94690.0,0.0
2023-03-21 01:00:00+05:30,17.0,89,1.71,0.05,0.0,0.0,0.0,0.0,94590.0,0.0
2023-03-21 02:00:00+05:30,16.6,93,1.71,0.03,0.0,0.0,0.0,0.0,94530.0,0.0
2023-03-21 03:00:00+05:30,16.2,94,1.6,0.06,0.0,0.0,0.0,0.0,94490.0,0.0
2023-03-21 04:00:00+05:30,15.9,94,1.51,0.12,0.0,0.0,0.0,0.0,94510.0,0.0
2023-03-21 05:00:00+05:30,17.5,88,1.65,0.26,0.0,0.0,0.0,0.0,94580.0,0.0
2023-03-21 06:00:00+05:30,16.9,91,1.72,0.55,0.0,0.0,0.0,0.0,94630.0,0.0
2023-03-21 07:00:00+05:30,18.5,82,1.08,0.84,34.0,11.0,23.0,89.3,94760.0,0.0
2023-03-21 08:00:00+05:30,21.5,70,0.81,0.48,181.0,76.0,105.0,241.5,94880.0,0.0
2023-03-21 09:00:00+05:30,23.6,64,1.65,0.25,390.0,243.0,147.0,454.3,94940.0,0.0
2023-03-21 10:00:00+05:30,26.0,51,2.01,0.49,629.0,455.0,174.0,633.2,94940.0,0.0
2023-03-21 11:00:00+05:30,27.6,42,2.82,0.16,787.0,599.0,188.0,702.0,94910.0,0.0
2023-03-21 12:00:00+05:30,29.0,37,3.9,0.25,888.0,704.0,184.0,757.1,94840.0,0.0
2023-03-21 13:00:00+05:30,29.6,35,4.51,0.54,888.0,687.0,201.0,728.4,94730.0,0.0
2023-03-21 14:00:00+05:30,29.1,35,4.7,0.29,790.0,570.0,220.0,638.9,94660.0,0.0
2023-03-21 15:00:00+05:30,29.2,36,4.51,0.2,649.0,457.0,192.0,585.5,94600.0,0.0
2023-03-21 16:00:00+05:30,28.7,35,4.44,0.11,511.0,363.0,148.0,589.6,94580.0,0.0
2023-03-21 17:00:00+05:30,27.3,39,4.33,0.08,316.0,210.0,106.0,513.6,94610.0,0.0
2023-03-21 18:00:00+05:30,25.4,44,3.73,0.0,103.0,49.0,54.0,281.0,94660.0,0.0
2023-03-21 19:00:00+05:30,23.5,50,3.16,0.0,2.0,0.0,2.0,0.0,94690.0,0.0
2023-03-21 20:00:00+05:30,22.2,57,3.01,0.0,0.0,0.0,0.0,0.0,94770.0,0.0
2023-03-21 21:00:00+05:30,20.9,67,2.28,0.01,0.0,0.0,0.0,0.0,94840.0,0.0
2023-03-21 22:00:00+05:30,19.6,77,1.43,0.0,0.0,0.0,0.0,0.0,94870.0,0.0
2023-03-21 23:00:00+05:30,18.2,87,1.4,0.0,0.0,0.0,0.0,0.0,94820.0,0.0
2023-03-22 00:00:00+05:30,17.6,92,1.22,0.0,0.0,0.0,0.0,0.0,94780.0,0.0
2023-03-22 01:00:00+05:30,17.0,95,1.22,0.0,0.0,0.0,0.0,0.0,94710.0,0.0
2023-03-22 02:00:00+05:30,16.8,95,1.32,0.0,0.0,0.0,0.0,0.0,94680.0,0.0
2023-03-22 03:00:00+05:30,17.0,94,1.61,0.0,0.0,0.0,0.0,0.0,94650.0,0.0
2023-03-22 04:00:00+05:30,16.9,94,1.6,0.0,0.0,0.0,0.0,0.0,94670.0,0.0
2023-03-22 05:00:00+05:30,16.4,96,1.82,0.06,0.0,0.0,0.0,0.0,94680.0,0.0
2023-03-22 06:00:00+05:30,16.1,97,1.8,0.0,0.0,0.0,0.0,0.0,94750.0,0.0
2023-03-22 07:00:00+05:30,18.0,91,1.71,0.04,42.0,17.0,25.0,136.2,94890.0,0.0
2023-03-22 08:00:00+05:30,21.5,77,1.39,0.06,233.0,145.0,88.0,455.9,95050.0,0.0
2023-03-22 09:00:00+05:30,24.2,58,2.25,0.11,459.0,336.0,123.0,624.5,95110.0,0.0
2023-03-22 10:00:00+05:30,26.7,44,2.58,0.08,663.0,514.0,149.0,712.4,95110.0,0.0
2023-03-22 11:00:00+05:30,28.6,34,3.09,0.23,826.0,656.0,170.0,766.4,95060.0,0.0
2023-03-22 12:00:00+05:30,29.4,32,3.64,0.2,811.0,623.0,188.0,668.3,94970.0,0.0
2023-03-22 13:00:00+05:30,29.4,32,4.46,0.17,828.0,634.0,194.0,670.7,94850.0,0.0
2023-03-22 14:00:00+05:30,29.1,33,4.59,0.96,779.0,594.0,185.0,664.5,94770.0,0.0
2023-03-22 15:00:00+05:30,28.9,35,4.14,0.94,624.0,437.0,187.0,558.9,94690.0,0.0
2023-03-22 16:00:00+05:30,28.6,34,4.0,0.74,529.0,396.0,133.0,641.9,94670.0,0.0
2023-03-22 17:00:00+05:30,28.0,34,4.02,0.59,286.0,186.0,100.0,453.7,94670.0,0.0
2023-03-22 18:00:00+05:30,26.2,39,2.77,0.5,98.0,46.0,52.0,262.3,94700.0,0.0
2023-03-22 19:00:00+05:30,24.1,45,3.35,0.04,2.0,0.0,2.0,0.0,94730.0,0.0
2023-03-22 20:00:00+05:30,22.5,57,3.68,0.06,0.0,0.0,0.0,0.0,94770.0,0.0
2023-03-22 21:00:00+05:30,21.2,69,3.1,0.01,0.0,0.0,0.0,0.0,94840.0,0.0
2023-03-22 22:00:00+05:30,20.3,78,2.68,0.0,0.0,0.0,0.0,0.0,94880.0,0.0
2023-03-22 23:00:00+05:30,19.5,86,1.75,0.0,0.0,0.0,0.0,0.0,94900.0,0.0
2023-03-23 00:00:00+05:30,18.5,93,1.26,0.0,0.0,0.0,0.0,0.0,94830.0,0.0
2023-03-23 01:00:00+05:30,18.0,95,1.39,0.0,0.0,0.0,0.0,0.0,94750.0,0.0
2023-03-23 02:00:00+05:30,17.4,96,1.39,0.1,0.0,0.0,0.0,0.0,94660.0,0.0
2023-03-23 03:00:00+05:30,17.0,96,1.46,0.1,0.0,0.0,0.0,0.0,94620.0,0.0
2023-03-23 04:00:00+05:30,17.0,95,1.7,0.68,0.0,0.0,0.0,0.0,94630.0,0.0
2023-03-23 05:00:00+05:30,17.7,94,2.04,0.98,0.0,0.0,0.0,0.0,94690.0,0.0
2023-03-23 06:00:00+05:30,17.7,95,1.68,0.69,0.0,0.0,0.0,0.0,94770.0,0.0
2023-03-23 07:00:00+05:30,19.0,91,1.91,0.87,44.0,17.0,27.0,134.4,94890.0,0.0
2023-03-23 08:00:00+05:30,21.8,78,1.3,0.55,225.0,122.0,103.0,379.6,95000.0,0.0
2023-03-23 09:00:00+05:30,24.4,64,1.65,0.6,458.0,319.0,139.0,589.5,95080.0,0.0
2023-03-23 10:00:00+05:30,26.8,48,2.33,0.22,658.0,481.0,177.0,664.0,95110.0,0.0
2023-03-23 11:00:00+05:30,28.8,38,2.75,0.03,844.0,688.0,156.0,801.3,95070.0,0.0
2023-03-23 12:00:00+05:30,30.0,33,3.37,0.02,924.0,757.0,167.0,810.0,94970.0,0.0
2023-03-23 13:00:00+05:30,30.7,31,4.08,0.05,937.0,772.0,165.0,815.0,94870.0,0.0
2023-03-23 14:00:00+05:30,30.5,32,4.61,0.05,849.0,685.0,164.0,764.8,94780.0,0.0
2023-03-23 15:00:00+05:30,30.4,32,4.2,0.12,719.0,568.0,151.0,725.1,94710.0,0.0
2023-03-23 16:00:00+05:30,29.7,33,4.34,0.22,513.0,384.0,129.0,621.3,94690.0,0.0
2023-03-23 17:00:00+05:30,29.0,31,4.14,0.09,304.0,196.0,108.0,476.9,94710.0,0.0
2023-03-23 18:00:00+05:30,27.0,37,4.39,0.08,100.0,47.0,53.0,266.6,94730.0,0.0
2023-03-23 19:00:00+05:30,24.6,48,4.39,0.0,2.0,0.0,2.0,0.0,94760.0,0.0
2023-03-23 20:00:00+05:30,23.1,57,3.93,0.0,0.0,0.0,0.0,0.0,94820.0,0.0
2023-03-23 21:00:00+05:30,21.8,68,3.16,0.25,0.0,0.0,0.0,0.0,94910.0,0.0
2023-03-23 22:00:00+05:30,20.7,77,2.09,0.23,0.0,0.0,0.0,0.0,94920.0,0.0
2023-03-23 23:00:00+05:30,19.7,82,1.41,0.07,0.0,0.0,0.0,0.0,94860.0,0.0
2023-03-24 00:00:00+05:30,18.5,88,1.68,0.0,0.0,0.0,0.0,0.0,94790.0,0.0
2023-03-24 01:00:00+05:30,17.9,89,1.66,0.01,0.0,0.0,0.0,0.0,94700.0,0.0
2023-03-24 02:00:00+05:30,18.0,87,1.39,0.09,0.0,0.0,0.0,0.0,94660.0,0.0
2023-03-24 03:00:00+05:30,17.2,89,1.13,0.08,0.0,0.0,0.0,0.0,94600.0,0.0
2023-03-24 04:00:00+05:30,16.6,91,1.2,0.0,0.0,0.0,0.0,0.0,94610.0,0.0
2023-03-24 05:00:00+05:30,16.1,95,1.28,0.0,0.0,0.0,0.0,0.0,94640.0,0.0
2023-03-24 06:00:00+05:30,16.4,94,1.1,0.15,0.0,0.0,0.0,0.0,94730.0,0.0
2023-03-24 07:00:00+05:30,18.1,85,1.46,0.15,47.0,19.0,28.0,148.2,94840.0,0.0
2023-03-24 08:00:00+05:30,22.2,64,0.82,0.15,247.0,158.0,89.0,486.6,95000.0,0.0
2023-03-24 09:00:00+05:30,25.5,48,1.36,0.28,487.0,366.0,121.0,672.4,95090.0,0.0
2023-03-24 10:00:00+05:30,28.1,39,1.53,0.16,700.0,559.0,141.0,768.6,95100.0,0.0
2023-03-24 11:00:00+05:30,30.1,33,1.5,0.01,862.0,708.0,154.0,822.1,95050.0,0.0
2023-03-24 12:00:00+05:30,31.6,28,1.79,0.0,955.0,796.0,159.0,849.6,94950.0,0.0
2023-03-24 13:00:00+05:30,32.6,25,2.91,0.24,970.0,811.0,159.0,854.4,94850.0,0.0
2023-03-24 14:00:00+05:30,32.6,25,4.03,0.03,906.0,750.0,156.0,835.8,94770.0,0.0
2023-03-24 15:00:00+05:30,32.0,25,4.05,0.22,736.0,587.0,149.0,748.0,94710.0,0.0
2023-03-24 16:00:00+05:30,31.6,27,3.86,0.28,524.0,372.0,152.0,600.7,94680.0,0.0
2023-03-24 17:00:00+05:30,29.7,32,4.43,0.2,326.0,211.0,115.0,512.1,94710.0,0.0
2023-03-24 18:00:00+05:30,26.8,42,5.38,0.0,110.0,55.0,55.0,310.3,94750.0,0.0
2023-03-24 19:00:00+05:30,24.5,50,5.03,0.0,2.0,0.0,2.0,0.0,94810.0,0.0
2023-03-24 20:00:00+05:30,23.0,57,4.25,0.0,0.0,0.0,0.0,0.0,94880.0,0.0
2023-03-24 21:00:00+05:30,21.8,64,3.73,0.0,0.0,0.0,0.0,0.0,94930.0,0.0
2023-03-24 22:00:00+05:30,20.8,71,3.26,0.0,0.0,0.0,0.0,0.0,94960.0,0.0
2023-03-24 23:00:00+05:30,19.6,78,1.58,0.0,0.0,0.0,0.0,0.0,94950.0,0.0
2023-03-25 00:00:00+05:30,18.3,86,1.6,0.0,0.0,0.0,0.0,0.0,94900.0,0.0
2023-03-25 01:00:00+05:30,17.8,92,1.39,0.0,0.0,0.0,0.0,0.0,94840.0,0.0
2023-03-25 02:00:00+05:30,17.1,94,1.34,0.0,0.0,0.0,0.0,0.0,94760.0,0.0
2023-03-25 03:00:00+05:30,16.6,94,1.34,0.0,0.0,0.0,0.0,0.0,94720.0,0.0
2023-03-25 04:00:00+05:30,16.5,94,1.91,0.0,0.0,0.0,0.0,0.0,94680.0,0.0
2023-03-25 05:00:00+05:30,17.2,99,2.02,0.0,0.0,0.0,0.0,0.0,94750.0,0.0
2023-03-25 06:00:00+05:30,16.8,100,1.43,1.0,0.0,0.0,0.0,0.0,94830.0,0.0
2023-03-25 07:00:00+05:30,17.5,98,1.58,1.0,45.0,15.0,30.0,115.5,94940.0,0.0
2023-03-25 08:00:00+05:30,20.4,78,1.08,0.06,223.0,110.0,113.0,335.4,95080.0,0.0
2023-03-25 09:00:00+05:30,24.2,48,0.45,0.0,502.0,378.0,124.0,690.5,95160.0,0.0
2023-03-25 10:00:00+05:30,27.5,31,0.57,0.0,722.0,582.0,140.0,797.1,95170.0,0.0
2023-03-25 11:00:00+05:30,30.1,20,1.2,0.0,887.0,735.0,152.0,850.9,95120.0,0.0
2023-03-25 12:00:00+05:30,32.0,14,2.14,0.0,982.0,823.0,159.0,876.3,95040.0,0.0
2023-03-25 13:00:00+05:30,32.7,13,3.1,0.0,998.0,838.0,160.0,881.1,94930.0,0.0
2023-03-25 14:00:00+05:30,32.5,15,3.77,0.0,931.0,777.0,154.0,864.4,94840.0,0.0
2023-03-25 15:00:00+05:30,32.0,17,4.31,0.0,787.0,643.0,144.0,818.0,94750.0,0.0
2023-03-25 16:00:00+05:30,31.0,20,4.37,0.0,586.0,458.0,128.0,738.3,94750.0,0.0
2023-03-25 17:00:00+05:30,30.1,21,4.15,0.0,346.0,244.0,102.0,590.8,94800.0,0.0
2023-03-25 18:00:00+05:30,27.0,34,4.44,0.0,114.0,60.0,54.0,336.7,94830.0,0.0
2023-03-25 19:00:00+05:30,24.0,44,4.02,0.0,2.0,0.0,2.0,0.0,94880.0,0.0
2023-03-25 20:00:00+05:30,22.3,49,3.26,0.0,0.0,0.0,0.0,0.0,94950.0,0.0
2023-03-25 21:00:00+05:30,21.0,56,2.24,0.0,0.0,0.0,0.0,0.0,95000.0,0.0
2023-03-25 22:00:00+05:30,19.2,64,1.53,0.0,0.0,0.0,0.0,0.0,94990.0,0.0
2023-03-25 23:00:00+05:30,18.4,67,1.28,0.0,0.0,0.0,0.0,0.0,94930.0,0.0
2023-03-26 00:00:00+05:30,17.4,72,1.49,0.0,0.0,0.0,0.0,0.0,94850.0,0.0
2023-03-26 01:00:00+05:30,16.4,78,1.53,0.0,0.0,0.0,0.0,0.0,94750.0,0.0
2023-03-26 02:00:00+05:30,15.9,79,1.36,0.0,0.0,0.0,0.0,0.0,94720.0,0.0
2023-03-26 03:00:00+05:30,16.2,75,1.75,0.0,0.0,0.0,0.0,0.0,94720.0,0.0
2023-03-26 04:00:00+05:30,15.1,79,2.12,0.0,0.0,0.0,0.0,0.0,94700.0,0.0
2023-03-26 05:00:00+05:30,15.2,81,2.04,0.0,0.0,0.0,0.0,0.0,94750.0,0.0
2023-03-26 06:00:00+05:30,14.9,83,1.66,0.0,0.0,0.0,0.0,0.0,94820.0,0.0
2023-03-26 07:00:00+05:30,17.0,72,1.61,0.0,52.0,23.0,29.0,174.8,94950.0,0.0
2023-03-26 08:00:00+05:30,20.8,50,1.66,0.0,262.0,171.0,91.0,516.1,95090.0,0.0
2023-03-26 09:00:00+05:30,24.1,35,1.91,0.0,508.0,385.0,123.0,699.3,95160.0,0.0
2023-03-26 10:00:00+05:30,27.1,24,1.92,0.0,727.0,585.0,142.0,798.1,95160.0,0.0
2023-03-26 11:00:00+05:30,29.5,18,2.0,0.0,891.0,737.0,154.0,850.7,95120.0,0.0
2023-03-26 12:00:00+05:30,31.3,15,2.5,0.0,984.0,824.0,160.0,875.3,95050.0,0.0
2023-03-26 13:00:00+05:30,32.3,13,3.2,0.0,998.0,838.0,160.0,879.3,94940.0,0.0
2023-03-26 14:00:00+05:30,32.4,14,3.7,0.0,932.0,777.0,155.0,862.9,94830.0,0.0
2023-03-26 15:00:00+05:30,32.1,17,3.95,0.0,791.0,646.0,145.0,820.4,94750.0,0.0
2023-03-26 16:00:00+05:30,31.1,23,4.2,0.0,588.0,460.0,128.0,740.2,94710.0,0.0
2023-03-26 17:00:00+05:30,29.8,27,4.15,0.0,348.0,245.0,103.0,591.9,94740.0,0.0
2023-03-26 18:00:00+05:30,27.1,41,4.12,0.0,114.0,59.0,55.0,329.4,94770.0,0.0
2023-03-26 19:00:00+05:30,24.0,61,4.18,0.0,3.0,0.0,3.0,0.0,94810.0,0.0
2023-03-26 20:00:00+05:30,22.5,66,3.29,0.0,0.0,0.0,0.0,0.0,94860.0,0.0
2023-03-26 21:00:00+05:30,21.2,71,2.35,0.0,0.0,0.0,0.0,0.0,94880.0,0.0
2023-03-26 22:00:00+05:30,19.9,76,1.7,0.0,0.0,0.0,0.0,0.0,94880.0,0.0
2023-03-26 23:00:00+05:30,18.7,82,1.51,0.0,0.0,0.0,0.0,0.0,94860.0,0.0
2023-03-27 00:00:00+05:30,17.9,85,1.61,0.0,0.0,0.0,0.0,0.0,94800.0,0.0
2023-03-27 01:00:00+05:30,17.4,86,1.7,0.0,0.0,0.0,0.0,0.0,94750.0,0.0
2023-03-27 02:00:00+05:30,16.0,91,2.2,0.0,0.0,0.0,0.0,0.0,94690.0,0.0
2023-03-27 03:00:00+05:30,16.2,87,1.62,0.0,0.0,0.0,0.0,0.0,94690.0,0.0
2023-03-27 04:00:00+05:30,15.1,91,1.36,0.0,0.0,0.0,0.0,0.0,94680.0,0.0
2023-03-27 05:00:00+05:30,15.2,90,1.75,0.59,0.0,0.0,0.0,0.0,94750.0,0.0
2023-03-27 06:00:00+05:30,15.2,91,1.25,0.92,0.0,0.0,0.0,0.0,94810.0,0.0
2023-03-27 07:00:00+05:30,17.0,83,1.21,0.74,55.0,24.0,31.0,180.0,94940.0,0.0
2023-03-27 08:00:00+05:30,20.6,63,0.95,0.1,267.0,175.0,92.0,523.0,95070.0,0.0
2023-03-27 09:00:00+05:30,24.0,48,0.63,0.41,513.0,390.0,123.0,704.4,95140.0,0.0
2023-03-27 10:00:00+05:30,27.2,33,0.7,0.79,730.0,587.0,143.0,797.7,95170.0,0.0
2023-03-27 11:00:00+05:30,29.5,24,0.71,0.91,892.0,737.0,155.0,848.3,95140.0,0.0
2023-03-27 12:00:00+05:30,31.4,19,0.6,0.97,985.0,824.0,161.0,873.3,95060.0,0.0
2023-03-27 13:00:00+05:30,32.5,16,1.46,0.91,998.0,834.0,164.0,873.5,94940.0,0.0
2023-03-27 14:00:00+05:30,33.2,15,2.35,1.0,931.0,771.0,160.0,854.8,94830.0,0.0
2023-03-27 15:00:00+05:30,33.2,17,3.51,1.0,789.0,638.0,151.0,809.0,94750.0,0.0
2023-03-27 16:00:00+05:30,32.2,17,4.44,0.78,584.0,451.0,133.0,724.5,94710.0,0.0
2023-03-27 17:00:00+05:30,30.9,21,3.32,0.89,348.0,244.0,104.0,588.1,94750.0,0.0
2023-03-27 18:00:00+05:30,28.5,31,2.95,1.0,115.0,58.0,57.0,322.3,94750.0,0.0
2023-03-27 19:00:00+05:30,25.4,59,4.33,0.95,3.0,0.0,3.0,0.0,94810.0,0.0
2023-03-27 20:00:00+05:30,23.4,74,3.67,1.0,0.0,0.0,0.0,0.0,94840.0,0.0
2023-03-27 21:00:00+05:30,21.9,81,3.38,1.0,0.0,0.0,0.0,0.0,94880.0,0.0
2023-03-27 22:00:00+05:30,20.7,86,2.53,0.97,0.0,0.0,0.0,0.0,94890.0,0.0
2023-03-27 23:00:00+05:30,19.8,88,1.8,1.0,0.0,0.0,0.0,0.0,94840.0,0.0
2023-03-28 00:00:00+05:30,18.8,89,1.7,0.96,0.0,0.0,0.0,0.0,94770.0,0.0
2023-03-28 01:00:00+05:30,17.5,92,1.55,0.92,0.0,0.0,0.0,0.0,94680.0,0.0
2023-03-28 02:00:00+05:30,16.8,91,1.99,0.71,0.0,0.0,0.0,0.0,94610.0,0.0
2023-03-28 03:00:00+05:30,17.1,86,1.52,0.37,0.0,0.0,0.0,0.0,94590.0,0.0
2023-03-28 04:00:00+05:30,18.0,79,1.2,0.45,0.0,0.0,0.0,0.0,94620.0,0.0
2023-03-28 05:00:00+05:30,15.9,91,2.11,0.7,0.0,0.0,0.0,0.0,94670.0,0.0
2023-03-28 06:00:00+05:30,16.1,92,1.7,0.93,0.0,0.0,0.0,0.0,94770.0,0.0
2023-03-28 07:00:00+05:30,18.4,83,1.2,0.54,55.0,24.0,31.0,177.8,94890.0,0.0
2023-03-28 08:00:00+05:30,21.7,70,0.81,0.28,265.0,172.0,93.0,509.0,95020.0,0.0
2023-03-28 09:00:00+05:30,25.0,53,0.94,0.46,508.0,384.0,124.0,689.8,95080.0,0.0
2023-03-28 10:00:00+05:30,28.2,35,0.76,0.52,724.0,581.0,143.0,786.6,95090.0,0.0
2023-03-28 11:00:00+05:30,30.5,24,0.63,0.61,886.0,732.0,154.0,840.1,95040.0,0.0
2023-03-28 12:00:00+05:30,32.2,18,1.49,0.92,979.0,819.0,160.0,866.1,94950.0,0.0
2023-03-28 13:00:00+05:30,33.2,16,2.26,0.95,992.0,831.0,161.0,868.7,94840.0,0.0
2023-03-28 14:00:00+05:30,33.5,16,2.63,0.97,924.0,767.0,157.0,849.0,94750.0,0.0
2023-03-28 15:00:00+05:30,33.4,17,3.16,0.98,781.0,632.0,149.0,800.2,94660.0,0.0
2023-03-28 16:00:00+05:30,32.8,18,3.48,0.95,582.0,451.0,131.0,723.4,94660.0,0.0
2023-03-28 17:00:00+05:30,31.5,20,3.1,0.69,346.0,242.0,104.0,582.0,94710.0,0.0
2023-03-28 18:00:00+05:30,29.1,27,3.0,0.51,115.0,60.0,55.0,331.8,94720.0,0.0
2023-03-28 19:00:00+05:30,26.0,48,4.3,0.4,3.0,0.0,3.0,0.0,94770.0,0.0
2023-03-28 20:00:00+05:30,24.0,59,3.64,0.1,0.0,0.0,0.0,0.0,94810.0,0.0
2023-03-28 21:00:00+05:30,22.4,64,1.87,0.0,0.0,0.0,0.0,0.0,94840.0,0.0
2023-03-28 22:00:00+05:30,21.0,70,1.32,0.0,0.0,0.0,0.0,0.0,94850.0,0.0
2023-03-28 23:00:00+05:30,19.8,76,1.56,0.0,0.0,0.0,0.0,0.0,94810.0,0.0
2023-03-29 00:00:00+05:30,19.4,78,1.49,0.0,0.0,0.0,0.0,0.0,94740.0,0.0
2023-03-29 01:00:00+05:30,18.3,83,1.44,0.0,0.0,0.0,0.0,0.0,94680.0,0.0
2023-03-29 02:00:00+05:30,17.5,88,1.17,0.0,0.0,0.0,0.0,0.0,94620.0,0.0
2023-03-29 03:00:00+05:30,16.6,92,1.71,0.0,0.0,0.0,0.0,0.0,94570.0,0.0
2023-03-29 04:00:00+05:30,16.4,92,1.62,0.0,0.0,0.0,0.0,0.0,94600.0,0.0
2023-03-29 05:00:00+05:30,17.3,95,0.81,0.0,0.0,0.0,0.0,0.0,94690.0,0.0
2023-03-29 06:00:00+05:30,17.0,95,0.85,0.0,0.0,0.0,0.0,0.0,94740.0,0.0
2023-03-29 07:00:00+05:30,18.3,88,0.76,0.0,56.0,25.0,31.0,182.9,94870.0,0.0
2023-03-29 08:00:00+05:30,22.5,67,0.6,0.45,266.0,174.0,92.0,510.0,95030.0,0.0
2023-03-29 09:00:00+05:30,26.6,43,0.81,0.31,509.0,386.0,123.0,689.6,95080.0,0.0
2023-03-29 10:00:00+05:30,30.0,27,1.24,0.0,725.0,583.0,142.0,786.4,95080.0,0.0
2023-03-29 11:00:00+05:30,32.5,19,2.4,0.0,889.0,736.0,153.0,842.4,95040.0,0.0
2023-03-29 12:00:00+05:30,33.5,18,3.61,0.0,982.0,822.0,160.0,867.4,94970.0,0.0
2023-03-29 13:00:00+05:30,33.8,18,4.43,0.0,996.0,835.0,161.0,871.3,94880.0,0.0
2023-03-29 14:00:00+05:30,33.2,20,5.01,0.0,928.0,772.0,156.0,853.2,94810.0,0.0
2023-03-29 15:00:00+05:30,32.6,25,4.5,0.0,785.0,640.0,145.0,809.1,94770.0,0.0
2023-03-29 16:00:00+05:30,31.6,32,4.62,0.0,581.0,452.0,129.0,723.8,94760.0,0.0
2023-03-29 17:00:00+05:30,30.5,34,4.22,0.0,342.0,239.0,103.0,573.6,94780.0,0.0
2023-03-29 18:00:00+05:30,28.3,40,3.35,0.0,115.0,59.0,56.0,324.7,94800.0,0.0
2023-03-29 19:00:00+05:30,26.0,51,3.42,0.0,3.0,0.0,3.0,0.0,94860.0,0.0
2023-03-29 20:00:00+05:30,23.8,63,2.82,0.0,0.0,0.0,0.0,0.0,94930.0,0.0
2023-03-29 21:00:00+05:30,21.9,74,1.96,0.0,0.0,0.0,0.0,0.0,94950.0,0.0
2023-03-29 22:00:00+05:30,20.5,83,1.63,0.0,0.0,0.0,0.0,0.0,94960.0,0.0
2023-03-29 23:00:00+05:30,18.9,93,1.34,0.0,0.0,0.0,0.0,0.0,94900.0,0.0
2023-03-30 00:00:00+05:30,18.0,96,1.36,0.0,0.0,0.0,0.0,0.0,94820.0,0.0
2023-03-30 01:00:00+05:30,17.2,97,1.46,0.0,0.0,0.0,0.0,0.0,94740.0,0.0
2023-03-30 02:00:00+05:30,16.4,97,1.92,0.0,0.0,0.0,0.0,0.0,94660.0,0.0
2023-03-30 03:00:00+05:30,15.8,96,2.09,0.0,0.0,0.0,0.0,0.0,94620.0,0.0
2023-03-30 04:00:00+05:30,15.8,94,2.06,0.0,0.0,0.0,0.0,0.0,94600.0,0.0
2023-03-30 05:00:00+05:30,15.4,100,1.9,0.0,0.0,0.0,0.0,0.0,94630.0,0.0
2023-03-30 06:00:00+05:30,15.6,96,1.55,0.09,0.0,0.0,0.0,0.0,94700.0,0.0
2023-03-30 07:00:00+05:30,18.6,72,2.35,0.02,59.0,26.0,33.0,187.9,94860.0,0.0
2023-03-30 08:00:00+05:30,22.4,55,2.52,0.01,272.0,179.0,93.0,519.7,95000.0,0.0
2023-03-30 09:00:00+05:30,24.8,52,2.96,0.04,511.0,386.0,125.0,685.9,95070.0,0.0
2023-03-30 10:00:00+05:30,27.1,45,3.26,0.03,718.0,567.0,151.0,762.0,95050.0,0.0
2023-03-30 11:00:00+05:30,28.9,40,3.75,0.06,872.0,711.0,161.0,811.6,95010.0,0.0
2023-03-30 12:00:00+05:30,30.2,37,3.83,0.01,959.0,788.0,171.0,829.7,94920.0,0.0
2023-03-30 13:00:00+05:30,31.2,34,3.81,0.0,974.0,809.0,165.0,842.7,94810.0,0.0
2023-03-30 14:00:00+05:30,31.8,33,4.02,0.0,908.0,751.0,157.0,828.7,94700.0,0.0
2023-03-30 15:00:00+05:30,31.5,34,4.43,0.1,768.0,622.0,146.0,785.2,94640.0,0.0
2023-03-30 16:00:00+05:30,30.1,40,4.69,0.0,505.0,369.0,136.0,590.0,94620.0,0.0
2023-03-30 17:00:00+05:30,29.1,43,4.16,0.0,335.0,231.0,104.0,553.3,94620.0,0.0
2023-03-30 18:00:00+05:30,27.0,51,4.3,0.0,112.0,56.0,56.0,306.7,94650.0,0.0
2023-03-30 19:00:00+05:30,25.0,58,3.74,0.01,3.0,0.0,3.0,0.0,94740.0,0.0
2023-03-30 20:00:00+05:30,23.3,65,2.96,0.92,0.0,0.0,0.0,0.0,94760.0,0.0
2023-03-30 21:00:00+05:30,21.8,74,2.33,0.75,0.0,0.0,0.0,0.0,94810.0,0.0
2023-03-30 22:00:00+05:30,20.8,82,1.94,0.59,0.0,0.0,0.0,0.0,94840.0,0.0
2023-03-30 23:00:00+05:30,19.9,87,1.84,0.57,0.0,0.0,0.0,0.0,94820.0,0.0
2023-03-31 00:00:00+05:30,19.3,92,1.94,0.24,0.0,0.0,0.0,0.0,94770.0,0.0
2023-03-31 01:00:00+05:30,19.2,92,2.31,0.96,0.0,0.0,0.0,0.0,94710.0,0.0
2023-03-31 02:00:00+05:30,19.9,89,2.6,0.3,0.0,0.0,0.0,0.0,94660.0,0.0
2023-03-31 03:00:00+05:30,19.0,95,2.43,0.56,0.0,0.0,0.0,0.0,94620.0,0.0
2023-03-31 04:00:00+05:30,18.9,95,2.31,0.42,0.0,0.0,0.0,0.0,94650.0,0.0
2023-03-31 05:00:00+05:30,20.1,89,2.55,1.0,0.0,0.0,0.0,0.0,94730.0,0.0
2023-03-31 06:00:00+05:30,20.4,85,2.65,0.5,0.0,0.0,0.0,0.0,94790.0,0.0
2023-03-31 07:00:00+05:30,21.0,79,2.96,0.06,47.0,15.0,32.0,107.1,94870.0,0.0
2023-03-31 08:00:00+05:30,23.0,66,2.79,0.02,265.0,169.0,96.0,486.1,94980.0,0.0
2023-03-31 09:00:00+05:30,25.3,58,2.82,1.0,501.0,373.0,128.0,659.3,95040.0,0.0
2023-03-31 10:00:00+05:30,27.6,49,3.16,0.87,682.0,515.0,167.0,689.7,95040.0,0.0
2023-03-31 11:00:00+05:30,29.0,42,3.47,0.85,754.0,542.0,212.0,617.1,94990.0,0.0
2023-03-31 12:00:00+05:30,30.1,38,4.24,0.85,853.0,593.0,260.0,623.1,94930.0,0.0
2023-03-31 13:00:00+05:30,29.7,38,4.75,0.94,752.0,533.0,219.0,554.3,94820.0,0.0
2023-03-31 14:00:00+05:30,29.5,40,4.37,0.89,746.0,549.0,197.0,604.9,94730.0,0.0
2023-03-31 15:00:00+05:30,29.5,40,4.49,0.92,615.0,432.0,183.0,544.6,94660.0,0.0
2023-03-31 16:00:00+05:30,28.3,45,4.62,0.9,453.0,292.0,161.0,466.2,94610.0,0.0
2023-03-31 17:00:00+05:30,28.0,46,4.47,0.99,307.0,195.0,112.0,466.1,94630.0,0.0
2023-03-31 18:00:00+05:30,26.5,50,3.9,0.93,106.0,50.0,56.0,272.6,94630.0,0.0
2023-03-31 19:00:00+05:30,24.8,58,3.49,0.78,3.0,0.0,3.0,0.0,94700.0,0.0
2023-03-31 20:00:00+05:30,23.4,65,2.97,0.37,0.0,0.0,0.0,0.0,94750.0,0.0
2023-03-31 21:00:00+05:30,22.4,72,2.6,0.13,0.0,0.0,0.0,0.0,94790.0,0.0
2023-03-31 22:00:00+05:30,21.4,78,1.94,0.0,0.0,0.0,0.0,0.0,94820.0,0.0
2023-03-31 23:00:00+05:30,20.3,85,1.26,0.0,0.0,0.0,0.0,0.0,94790.0,0.0
2023-04-01 00:00:00+05:30,19.1,91,1.5,0.0,0.0,0.0,0.0,0.0,94760.0,0.0
2023-04-01 01:00:00+05:30,18.5,94,1.34,0.0,0.0,0.0,0.0,0.0,94710.0,0.0
2023-04-01 02:00:00+05:30,18.0,96,1.2,0.0,0.0,0.0,0.0,0.0,94690.0,0.0
2023-04-01 03:00:00+05:30,17.3,97,1.66,0.0,0.0,0.0,0.0,0.0,94650.0,0.0
2023-04-01 04:00:00+05:30,16.9,98,1.66,0.0,0.0,0.0,0.0,0.0,94650.0,0.0
2023-04-01 05:00:00+05:30,16.8,98,1.73,0.0,0.0,0.0,0.0,0.0,94710.0,0.0
2023-04-01 06:00:00+05:30,16.6,98,1.58,0.0,0.0,0.0,0.0,0.0,94790.0,0.0
2023-04-01 07:00:00+05:30,18.9,90,1.65,0.01,63.0,28.0,35.0,197.6,94910.0,0.0
2023-04-01 08:00:00+05:30,22.4,64,1.34,0.0,279.0,183.0,96.0,521.6,95030.0,0.0
2023-04-01 09:00:00+05:30,25.9,32,1.56,0.0,527.0,401.0,126.0,705.2,95100.0,0.0
2023-04-01 10:00:00+05:30,28.5,18,1.72,0.0,750.0,604.0,146.0,806.0,95090.0,0.0
2023-04-01 11:00:00+05:30,30.2,13,1.93,0.0,918.0,760.0,158.0,863.0,95050.0,0.0
2023-04-01 12:00:00+05:30,31.6,11,2.38,0.0,1012.0,848.0,164.0,889.3,94980.0,0.0
2023-04-01 13:00:00+05:30,32.5,10,2.86,0.0,1024.0,860.0,164.0,892.9,94870.0,0.0
2023-04-01 14:00:00+05:30,33.0,9,3.13,0.0,955.0,795.0,160.0,874.8,94780.0,0.0
2023-04-01 15:00:00+05:30,33.1,9,3.21,0.0,811.0,662.0,149.0,833.5,94690.0,0.0
2023-04-01 16:00:00+05:30,32.3,10,3.95,0.0,607.0,475.0,132.0,757.3,94650.0,0.0
2023-04-01 17:00:00+05:30,31.1,12,3.85,0.0,363.0,257.0,106.0,613.2,94680.0,0.0
2023-04-01 18:00:00+05:30,28.2,26,4.3,0.0,121.0,63.0,58.0,341.9,94690.0,0.0
2023-04-01 19:00:00+05:30,24.4,67,4.15,0.06,3.0,0.0,3.0,0.0,94760.0,0.0
2023-04-01 20:00:00+05:30,23.2,73,3.51,0.0,0.0,0.0,0.0,0.0,94820.0,0.0
2023-04-01 21:00:00+05:30,22.0,80,2.33,0.07,0.0,0.0,0.0,0.0,94870.0,0.0
2023-04-01 22:00:00+05:30,21.0,85,1.82,0.51,0.0,0.0,0.0,0.0,94880.0,0.0
2023-04-01 23:00:00+05:30,20.0,91,1.48,0.67,0.0,0.0,0.0,0.0,94860.0,0.0
2023-04-02 00:00:00+05:30,19.0,95,1.34,0.54,0.0,0.0,0.0,0.0,94820.0,0.0
2023-04-02 01:00:00+05:30,18.0,96,1.52,0.03,0.0,0.0,0.0,0.0,94750.0,0.0
2023-04-02 02:00:00+05:30,17.2,97,1.7,0.01,0.0,0.0,0.0,0.0,94700.0,0.0
2023-04-02 03:00:00+05:30,17.0,96,1.39,0.0,0.0,0.0,0.0,0.0,94650.0,0.0
2023-04-02 04:00:00+05:30,16.1,97,2.0,0.0,0.0,0.0,0.0,0.0,94600.0,0.0
2023-04-02 05:00:00+05:30,17.1,95,1.5,0.0,0.0,0.0,0.0,0.0,94650.0,0.0
2023-04-02 06:00:00+05:30,17.0,95,1.53,0.0,0.0,0.0,0.0,0.0,94720.0,0.0
2023-04-02 07:00:00+05:30,19.2,85,1.77,0.0,65.0,29.0,36.0,202.4,94860.0,0.0
2023-04-02 08:00:00+05:30,22.5,70,1.7,0.0,280.0,184.0,96.0,519.8,94980.0,0.0
2023-04-02 09:00:00+05:30,25.8,50,1.89,0.0,523.0,396.0,127.0,692.9,95060.0,0.0
2023-04-02 10:00:00+05:30,28.5,35,1.49,0.0,737.0,592.0,145.0,787.3,95050.0,0.0
2023-04-02 11:00:00+05:30,30.5,27,1.22,0.0,896.0,739.0,157.0,837.1,95010.0,0.0
2023-04-02 12:00:00+05:30,32.0,23,1.41,0.0,985.0,822.0,163.0,860.4,94930.0,0.0
2023-04-02 13:00:00+05:30,32.9,22,2.2,0.0,995.0,832.0,163.0,862.5,94830.0,0.0
2023-04-02 14:00:00+05:30,33.2,21,3.01,0.0,925.0,767.0,158.0,842.8,94720.0,0.0
2023-04-02 15:00:00+05:30,33.0,22,3.45,0.0,782.0,634.0,148.0,797.3,94620.0,0.0
2023-04-02 16:00:00+05:30,32.2,23,3.86,0.0,582.0,451.0,131.0,718.1,94610.0,0.0
2023-04-02 17:00:00+05:30,30.8,26,3.27,0.0,346.0,241.0,105.0,573.9,94630.0,0.0
2023-04-02 18:00:00+05:30,28.2,39,3.72,0.0,118.0,61.0,57.0,329.6,94650.0,0.0
2023-04-02 19:00:00+05:30,24.8,64,4.79,0.0,3.0,0.0,3.0,0.0,94690.0,0.0
2023-04-02 20:00:00+05:30,23.1,71,3.88,0.0,0.0,0.0,0.0,0.0,94760.0,0.0
2023-04-02 21:00:00+05:30,21.8,79,2.81,0.0,0.0,0.0,0.0,0.0,94830.0,0.0
2023-04-02 22:00:00+05:30,20.8,86,2.4,0.0,0.0,0.0,0.0,0.0,94830.0,0.0
2023-04-02 23:00:00+05:30,19.7,92,1.53,0.0,0.0,0.0,0.0,0.0,94790.0,0.0
2023-04-03 00:00:00+05:30,18.9,96,1.41,0.0,0.0,0.0,0.0,0.0,94710.0,0.0
2023-04-03 01:00:00+05:30,18.0,98,1.24,0.0,0.0,0.0,0.0,0.0,94630.0,0.0
2023-04-03 02:00:00+05:30,17.5,99,1.75,0.03,0.0,0.0,0.0,0.0,94560.0,0.0
2023-04-03 03:00:00+05:30,16.8,100,1.9,0.37,0.0,0.0,0.0,0.0,94520.0,0.0
2023-04-03 04:00:00+05:30,16.3,100,1.33,1.0,0.0,0.0,0.0,0.0,94540.0,0.0
2023-04-03 05:00:00+05:30,17.4,100,1.48,1.0,0.0,0.0,0.0,0.0,94610.0,0.0
2023-04-03 06:00:00+05:30,17.8,100,1.93,1.0,0.0,0.0,0.0,0.0,94710.0,0.0
2023-04-03 07:00:00+05:30,18.9,95,2.31,1.0,47.0,11.0,36.0,75.9,94820.0,0.0
2023-04-03 08:00:00+05:30,21.5,79,1.63,0.11,191.0,52.0,139.0,145.6,94930.0,0.0
2023-04-03 09:00:00+05:30,25.0,58,1.26,0.0,507.0,354.0,153.0,616.4,94990.0,0.0
2023-04-03 10:00:00+05:30,28.2,41,0.57,0.0,739.0,592.0,147.0,784.7,95010.0,0.0
2023-04-03 11:00:00+05:30,30.6,31,0.45,0.0,897.0,739.0,158.0,835.1,94960.0,0.0
2023-04-03 12:00:00+05:30,32.3,23,0.1,0.0,987.0,823.0,164.0,859.8,94890.0,0.0
2023-04-03 13:00:00+05:30,33.3,19,1.12,0.0,1000.0,836.0,164.0,865.3,94770.0,0.0
2023-04-03 14:00:00+05:30,34.0,15,1.44,0.0,935.0,777.0,158.0,852.7,94690.0,0.0
2023-04-03 15:00:00+05:30,34.4,15,1.66,0.02,800.0,653.0,147.0,820.2,94580.0,0.0
2023-04-03 16:00:00+05:30,33.8,20,2.43,0.04,584.0,451.0,133.0,717.1,94550.0,0.0
2023-04-03 17:00:00+05:30,32.2,27,3.14,0.5,336.0,228.0,108.0,541.9,94620.0,0.0
2023-04-03 18:00:00+05:30,28.2,51,5.2,0.08,109.0,52.0,57.0,279.7,94660.0,0.0
2023-04-03 19:00:00+05:30,25.2,67,4.25,0.02,3.0,0.0,3.0,0.0,94730.0,0.0
2023-04-03 20:00:00+05:30,23.9,75,2.86,0.03,0.0,0.0,0.0,0.0,94840.0,0.0
2023-04-03 21:00:00+05:30,22.9,81,2.41,0.1,0.0,0.0,0.0,0.0,94900.0,0.0
2023-04-03 22:00:00+05:30,22.0,86,1.94,0.24,0.0,0.0,0.0,0.0,94910.0,0.0
2023-04-03 23:00:00+05:30,21.1,90,1.7,0.05,0.0,0.0,0.0,0.0,94870.0,0.0
2023-04-04 00:00:00+05:30,20.5,93,1.42,0.0,0.0,0.0,0.0,0.0,94810.0,0.0
2023-04-04 01:00:00+05:30,19.9,96,1.28,0.0,0.0,0.0,0.0,0.0,94720.0,0.0
2023-04-04 02:00:00+05:30,19.8,95,1.17,0.03,0.0,0.0,0.0,0.0,94680.0,0.0
2023-04-04 03:00:00+05:30,19.0,98,1.0,0.01,0.0,0.0,0.0,0.0,94640.0,0.0
2023-04-04 04:00:00+05:30,18.2,99,0.94,0.0,0.0,0.0,0.0,0.0,94640.0,0.0
2023-04-04 05:00:00+05:30,18.7,99,1.5,0.0,0.0,0.0,0.0,0.0,94660.0,0.0
2023-04-04 06:00:00+05:30,18.8,98,1.12,0.0,0.0,0.0,0.0,0.0,94730.0,0.0
2023-04-04 07:00:00+05:30,20.9,89,1.02,0.0,67.0,30.0,37.0,204.8,94890.0,0.0
2023-04-04 08:00:00+05:30,24.1,71,0.92,0.0,278.0,182.0,96.0,505.4,95040.0,0.0
2023-04-04 09:00:00+05:30,27.9,51,0.54,0.0,515.0,388.0,127.0,672.3,95100.0,0.0
2023-04-04 10:00:00+05:30,31.1,34,0.86,0.0,727.0,581.0,146.0,767.7,95120.0,0.0
2023-04-04 11:00:00+05:30,33.3,24,0.51,0.0,883.0,726.0,157.0,818.5,95070.0,0.0
2023-04-04 12:00:00+05:30,34.5,19,1.41,0.0,972.0,809.0,163.0,843.7,94980.0,0.0
2023-04-04 13:00:00+05:30,35.0,18,2.1,0.04,973.0,806.0,167.0,833.0,94880.0,0.0
2023-04-04 14:00:00+05:30,35.5,18,2.08,0.2,856.0,688.0,168.0,754.1,94750.0,0.0
2023-04-04 15:00:00+05:30,36.0,16,1.96,0.77,610.0,412.0,198.0,516.9,94670.0,0.0
2023-04-04 16:00:00+05:30,34.2,21,5.47,0.95,415.0,227.0,188.0,360.5,94650.0,0.0
2023-04-04 17:00:00+05:30,31.9,26,6.57,0.13,167.0,51.0,116.0,121.0,94710.0,0.0
2023-04-04 18:00:00+05:30,29.0,44,4.64,0.13,95.0,43.0,52.0,230.2,94790.0,0.0
2023-04-04 19:00:00+05:30,27.1,54,3.51,0.02,3.0,0.0,3.0,0.0,94840.0,0.0
2023-04-04 20:00:00+05:30,25.6,61,3.21,0.02,0.0,0.0,0.0,0.0,94870.0,0.0
2023-04-04 21:00:00+05:30,24.5,67,2.72,0.01,0.0,0.0,0.0,0.0,94900.0,0.0
2023-04-04 22:00:00+05:30,23.0,73,1.79,0.0,0.0,0.0,0.0,0.0,94920.0,0.0
2023-04-04 23:00:00+05:30,22.1,76,1.58,0.0,0.0,0.0,0.0,0.0,94910.0,0.0
2023-04-05 00:00:00+05:30,22.8,72,1.03,0.0,0.0,0.0,0.0,0.0,94880.0,0.0
2023-04-05 01:00:00+05:30,20.8,81,0.81,0.0,0.0,0.0,0.0,0.0,94780.0,0.0
2023-04-05 02:00:00+05:30,20.4,82,0.92,0.0,0.0,0.0,0.0,0.0,94710.0,0.0
2023-04-05 03:00:00+05:30,20.4,82,1.22,0.0,0.0,0.0,0.0,0.0,94660.0,0.0
2023-04-05 04:00:00+05:30,19.0,88,1.26,0.0,0.0,0.0,0.0,0.0,94630.0,0.0
2023-04-05 05:00:00+05:30,19.1,96,1.1,0.0,0.0,0.0,0.0,0.0,94670.0,0.0
2023-04-05 06:00:00+05:30,18.9,97,1.12,0.07,0.0,0.0,0.0,0.0,94710.0,0.0
2023-04-05 07:00:00+05:30,21.4,83,0.82,0.0,68.0,31.0,37.0,209.4,94840.0,0.0
2023-04-05 08:00:00+05:30,25.0,67,0.86,0.0,279.0,183.0,96.0,504.0,94990.0,0.0
2023-04-05 09:00:00+05:30,28.9,49,0.73,0.0,516.0,389.0,127.0,670.9,95090.0,0.0
2023-04-05 10:00:00+05:30,32.2,28,1.12,0.0,725.0,578.0,147.0,761.4,95090.0,0.0
2023-04-05 11:00:00+05:30,33.9,22,0.72,0.0,881.0,722.0,159.0,812.1,95020.0,0.0
2023-04-05 12:00:00+05:30,35.1,19,0.7,0.44,951.0,784.0,167.0,816.2,94940.0,0.0
2023-04-05 13:00:00+05:30,35.2,19,2.61,0.22,762.0,575.0,187.0,593.5,94820.0,0.0
2023-04-05 14:00:00+05:30,35.1,19,3.8,0.22,777.0,582.0,195.0,637.1,94730.0,0.0
2023-04-05 15:00:00+05:30,34.8,20,3.9,0.11,669.0,507.0,162.0,635.3,94660.0,0.0
2023-04-05 16:00:00+05:30,34.6,19,3.54,0.16,538.0,401.0,137.0,636.0,94640.0,0.0
2023-04-05 17:00:00+05:30,33.5,21,4.87,0.18,320.0,212.0,108.0,502.0,94670.0,0.0
2023-04-05 18:00:00+05:30,29.6,43,5.38,0.19,95.0,36.0,59.0,191.9,94750.0,0.0
2023-04-05 19:00:00+05:30,27.6,54,4.71,0.04,3.0,0.0,3.0,0.0,94810.0,0.0
2023-04-05 20:00:00+05:30,26.4,58,3.64,0.03,0.0,0.0,0.0,0.0,94870.0,0.0
2023-04-05 21:00:00+05:30,25.5,56,2.63,0.0,0.0,0.0,0.0,0.0,94930.0,0.0
2023-04-05 22:00:00+05:30,24.7,54,2.42,0.0,0.0,0.0,0.0,0.0,94920.0,0.0
2023-04-05 23:00:00+05:30,23.5,53,1.58,0.0,0.0,0.0,0.0,0.0,94870.0,0.0
2023-04-06 00:00:00+05:30,22.7,51,1.71,0.01,0.0,0.0,0.0,0.0,94790.0,0.0
2023-04-06 01:00:00+05:30,23.0,48,1.22,0.06,0.0,0.0,0.0,0.0,94780.0,0.0
2023-04-06 02:00:00+05:30,21.5,55,1.7,0.06,0.0,0.0,0.0,0.0,94720.0,0.0
2023-04-06 03:00:00+05:30,23.0,50,0.54,0.61,0.0,0.0,0.0,0.0,94710.0,0.0
2023-04-06 04:00:00+05:30,20.8,59,0.81,0.11,0.0,0.0,0.0,0.0,94680.0,0.0
2023-04-06 05:00:00+05:30,21.0,60,1.3,0.05,0.0,0.0,0.0,0.0,94720.0,0.0
2023-04-06 06:00:00+05:30,21.5,58,0.3,0.16,0.0,0.0,0.0,0.0,94780.0,0.0
2023-04-06 07:00:00+05:30,22.9,55,1.17,0.06,67.0,29.0,38.0,193.9,94890.0,0.0
2023-04-06 08:00:00+05:30,26.2,47,1.7,0.25,253.0,152.0,101.0,415.2,95060.0,0.0
2023-04-06 09:00:00+05:30,29.4,37,1.4,0.18,458.0,293.0,165.0,503.1,95120.0,0.0
2023-04-06 10:00:00+05:30,32.0,28,1.49,0.36,623.0,437.0,186.0,573.9,95120.0,0.0
2023-04-06 11:00:00+05:30,34.2,20,0.81,0.25,801.0,603.0,198.0,676.8,95070.0,0.0
2023-04-06 12:00:00+05:30,35.2,19,1.34,0.19,852.0,650.0,202.0,675.5,94990.0,0.0
2023-04-06 13:00:00+05:30,35.3,19,2.48,0.17,832.0,625.0,207.0,644.2,94900.0,0.0
2023-04-06 14:00:00+05:30,35.1,18,1.72,0.36,784.0,582.0,202.0,636.4,94800.0,0.0
2023-04-06 15:00:00+05:30,35.3,17,0.94,0.42,582.0,367.0,215.0,459.4,94690.0,0.0
2023-04-06 16:00:00+05:30,35.8,15,0.73,0.67,400.0,218.0,182.0,345.3,94660.0,0.0
2023-04-06 17:00:00+05:30,33.8,20,1.75,0.25,234.0,119.0,115.0,281.3,94740.0,0.0
2023-04-06 18:00:00+05:30,31.5,25,1.55,0.62,93.0,41.0,52.0,217.6,94750.0,0.0
2023-04-06 19:00:00+05:30,30.1,27,3.51,0.28,3.0,0.0,3.0,0.0,94840.0,0.0
2023-04-06 20:00:00+05:30,28.0,41,2.91,0.14,0.0,0.0,0.0,0.0,94910.0,0.0
2023-04-06 21:00:00+05:30,26.5,48,2.19,0.1,0.0,0.0,0.0,0.0,94940.0,0.0
2023-04-06 22:00:00+05:30,25.2,54,1.78,0.01,0.0,0.0,0.0,0.0,94960.0,0.0
2023-04-06 23:00:00+05:30,24.1,60,2.13,0.0,0.0,0.0,0.0,0.0,94930.0,0.0
2023-04-07 00:00:00+05:30,25.3,53,1.3,0.02,0.0,0.0,0.0,0.0,94920.0,0.0
2023-04-07 01:00:00+05:30,24.9,53,0.73,0.18,0.0,0.0,0.0,0.0,94870.0,0.0
2023-04-07 02:00:00+05:30,24.5,54,0.22,0.17,0.0,0.0,0.0,0.0,94850.0,0.0
2023-04-07 03:00:00+05:30,24.0,55,0.73,0.29,0.0,0.0,0.0,0.0,94800.0,0.0
2023-04-07 04:00:00+05:30,23.5,56,1.06,0.14,0.0,0.0,0.0,0.0,94820.0,0.0
2023-04-07 05:00:00+05:30,21.5,68,1.96,0.09,0.0,0.0,0.0,0.0,94830.0,0.0
2023-04-07 06:00:00+05:30,22.0,60,1.65,0.17,0.0,0.0,0.0,0.0,94900.0,0.0
2023-04-07 07:00:00+05:30,24.4,48,1.96,0.11,65.0,27.0,38.0,178.7,95030.0,0.0
2023-04-07 08:00:00+05:30,27.6,37,1.4,0.09,268.0,170.0,98.0,460.8,95160.0,0.0
2023-04-07 09:00:00+05:30,30.5,31,2.31,0.04,479.0,343.0,136.0,586.3,95220.0,0.0
2023-04-07 10:00:00+05:30,32.3,31,3.71,0.13,703.0,544.0,159.0,712.3,95230.0,0.0
2023-04-07 11:00:00+05:30,33.8,28,3.2,0.12,822.0,643.0,179.0,720.1,95170.0,0.0
2023-04-07 12:00:00+05:30,35.3,25,2.15,0.54,901.0,716.0,185.0,742.9,95100.0,0.0
2023-04-07 13:00:00+05:30,33.8,27,0.81,1.0,449.0,206.0,243.0,212.1,94990.0,0.0
2023-04-07 14:00:00+05:30,28.2,42,4.57,0.31,252.0,108.0,144.0,118.0,94940.0,0.0
2023-04-07 15:00:00+05:30,32.6,30,0.67,0.41,597.0,390.0,207.0,487.7,94900.0,0.0
2023-04-07 16:00:00+05:30,32.1,31,1.42,0.66,412.0,258.0,154.0,408.2,94890.0,0.0
2023-04-07 17:00:00+05:30,29.2,42,3.3,0.29,243.0,114.0,129.0,269.0,94920.0,0.0
2023-04-07 18:00:00+05:30,28.9,41,2.3,0.45,96.0,42.0,54.0,221.9,94960.0,0.0
2023-04-07 19:00:00+05:30,27.3,46,3.07,0.5,3.0,0.0,3.0,0.0,95060.0,0.0
2023-04-07 20:00:00+05:30,26.9,46,1.56,0.56,0.0,0.0,0.0,0.0,95080.0,0.0
2023-04-07 21:00:00+05:30,25.5,51,0.91,0.24,0.0,0.0,0.0,0.0,95180.0,0.0
2023-04-07 22:00:00+05:30,25.2,52,2.13,0.22,0.0,0.0,0.0,0.0,95250.0,0.0
2023-04-07 23:00:00+05:30,24.6,56,3.42,0.17,0.0,0.0,0.0,0.0,95250.0,0.0
2023-04-08 00:00:00+05:30,23.5,66,2.82,0.18,0.0,0.0,0.0,0.0,95190.0,0.0
2023-04-08 01:00:00+05:30,22.9,70,3.41,0.23,0.0,0.0,0.0,0.0,95150.0,0.0
2023-04-08 02:00:00+05:30,22.4,74,1.46,0.01,0.0,0.0,0.0,0.0,95090.0,0.0
2023-04-08 03:00:00+05:30,21.7,79,2.28,0.25,0.0,0.0,0.0,0.0,95060.0,0.0
2023-04-08 04:00:00+05:30,21.5,81,2.45,0.01,0.0,0.0,0.0,0.0,95050.0,0.0
2023-04-08 05:00:00+05:30,21.8,77,2.91,0.04,0.0,0.0,0.0,0.0,95150.0,0.0
2023-04-08 06:00:00+05:30,20.9,80,1.7,0.37,0.0,0.0,0.0,0.0,95200.0,0.0
2023-04-08 07:00:00+05:30,22.0,74,3.32,0.31,60.0,24.0,36.0,157.4,95290.0,0.0
2023-04-08 08:00:00+05:30,24.1,64,2.53,0.32,220.0,119.0,101.0,320.1,95380.0,0.0
2023-04-08 09:00:00+05:30,26.5,56,4.04,0.34,442.0,284.0,158.0,483.4,95440.0,0.0
2023-04-08 10:00:00+05:30,28.8,47,4.44,0.76,618.0,415.0,203.0,541.9,95450.0,0.0
2023-04-08 11:00:00+05:30,30.6,39,4.31,0.86,687.0,413.0,274.0,461.6,95390.0,0.0
2023-04-08 12:00:00+05:30,32.7,32,3.04,0.75,786.0,480.0,306.0,497.3,95290.0,0.0
2023-04-08 13:00:00+05:30,33.5,29,2.95,0.43,751.0,481.0,270.0,494.5,95200.0,0.0
2023-04-08 14:00:00+05:30,31.2,36,3.41,0.73,670.0,468.0,202.0,510.6,95190.0,0.0
2023-04-08 15:00:00+05:30,30.3,41,3.38,0.64,578.0,348.0,230.0,434.7,95120.0,0.2
2023-04-08 16:00:00+05:30,29.1,46,2.28,0.45,382.0,207.0,175.0,327.1,95090.0,0.1
2023-04-08 17:00:00+05:30,27.9,49,1.66,0.85,277.0,160.0,117.0,376.8,95090.0,0.0
2023-04-08 18:00:00+05:30,27.8,46,2.51,0.95,87.0,20.0,67.0,105.2,95160.0,0.0
2023-04-08 19:00:00+05:30,26.2,52,2.3,0.41,3.0,0.0,3.0,0.0,95210.0,0.0
2023-04-08 20:00:00+05:30,25.3,59,1.2,0.31,0.0,0.0,0.0,0.0,95240.0,0.0
2023-04-08 21:00:00+05:30,25.0,61,2.91,0.35,0.0,0.0,0.0,0.0,95310.0,0.0
2023-04-08 22:00:00+05:30,24.4,65,1.71,0.15,0.0,0.0,0.0,0.0,95340.0,0.0
2023-04-08 23:00:00+05:30,24.0,67,1.22,1.0,0.0,0.0,0.0,0.0,95340.0,0.0
2023-04-09 00:00:00+05:30,24.1,67,1.1,1.0,0.0,0.0,0.0,0.0,95290.0,0.0
2023-04-09 01:00:00+05:30,23.9,68,1.55,1.0,0.0,0.0,0.0,0.0,95220.0,0.0
2023-04-09 02:00:00+05:30,23.4,71,0.63,0.45,0.0,0.0,0.0,0.0,95160.0,0.0
2023-04-09 03:00:00+05:30,22.1,77,1.1,0.75,0.0,0.0,0.0,0.0,95090.0,0.0
2023-04-09 04:00:00+05:30,22.8,73,1.12,0.07,0.0,0.0,0.0,0.0,95110.0,0.0
2023-04-09 05:00:00+05:30,21.8,80,1.3,0.19,0.0,0.0,0.0,0.0,95160.0,0.0
2023-04-09 06:00:00+05:30,21.7,81,1.08,0.1,0.0,0.0,0.0,0.0,95250.0,0.0
2023-04-09 07:00:00+05:30,23.7,72,0.94,0.0,72.0,30.0,42.0,194.9,95370.0,0.0
2023-04-09 08:00:00+05:30,26.5,60,1.04,0.01,281.0,180.0,101.0,480.7,95450.0,0.0
2023-04-09 09:00:00+05:30,29.4,46,1.57,0.02,507.0,374.0,133.0,634.0,95510.0,0.0
2023-04-09 10:00:00+05:30,32.1,36,2.58,0.1,713.0,558.0,155.0,726.6,95470.0,0.0
2023-04-09 11:00:00+05:30,33.7,31,2.86,0.2,837.0,652.0,185.0,727.3,95410.0,0.0
2023-04-09 12:00:00+05:30,34.2,30,2.26,0.38,826.0,610.0,216.0,631.0,95340.0,0.0
2023-04-09 13:00:00+05:30,34.5,29,1.35,0.3,785.0,571.0,214.0,586.4,95250.0,0.0
2023-04-09 14:00:00+05:30,34.9,28,0.64,0.57,763.0,533.0,230.0,581.0,95130.0,0.0
2023-04-09 15:00:00+05:30,32.8,30,1.9,0.93,221.0,37.0,184.0,46.2,95010.0,0.0
2023-04-09 16:00:00+05:30,27.5,55,4.74,0.69,252.0,60.0,192.0,94.7,94970.0,0.0
2023-04-09 17:00:00+05:30,26.8,54,2.28,0.39,247.0,128.0,119.0,301.0,95050.0,0.1
2023-04-09 18:00:00+05:30,28.1,44,0.5,0.46,79.0,30.0,49.0,157.0,95070.0,0.0
2023-04-09 19:00:00+05:30,26.2,53,1.3,0.31,3.0,0.0,3.0,0.0,95100.0,0.0
2023-04-09 20:00:00+05:30,25.2,59,1.28,0.14,0.0,0.0,0.0,0.0,95130.0,0.0
2023-04-09 21:00:00+05:30,24.9,64,0.28,0.41,0.0,0.0,0.0,0.0,95170.0,0.0
2023-04-09 22:00:00+05:30,25.5,60,0.61,0.4,0.0,0.0,0.0,0.0,95190.0,0.0
2023-04-09 23:00:00+05:30,24.9,62,0.1,0.27,0.0,0.0,0.0,0.0,95170.0,0.0
2023-04-10 00:00:00+05:30,22.8,71,1.5,0.6,0.0,0.0,0.0,0.0,95080.0,0.0
2023-04-10 01:00:00+05:30,23.3,66,1.26,0.7,0.0,0.0,0.0,0.0,95000.0,0.0
2023-04-10 02:00:00+05:30,23.6,65,1.08,0.29,0.0,0.0,0.0,0.0,94950.0,0.0
2023-04-10 03:00:00+05:30,22.4,71,0.61,0.34,0.0,0.0,0.0,0.0,94880.0,0.0
2023-04-10 04:00:00+05:30,22.1,72,0.54,0.13,0.0,0.0,0.0,0.0,94900.0,0.0
2023-04-10 05:00:00+05:30,23.0,73,1.84,0.04,0.0,0.0,0.0,0.0,94990.0,0.0
2023-04-10 06:00:00+05:30,22.9,74,1.2,0.2,0.0,0.0,0.0,0.0,95070.0,0.0
2023-04-10 07:00:00+05:30,24.2,69,1.24,0.0,69.0,29.0,40.0,186.6,95200.0,0.0
2023-04-10 08:00:00+05:30,27.4,57,2.01,0.04,280.0,178.0,102.0,471.9,95310.0,0.0
2023-04-10 09:00:00+05:30,30.0,48,2.81,0.0,509.0,373.0,136.0,629.7,95340.0,0.0
2023-04-10 10:00:00+05:30,32.1,36,3.85,0.25,705.0,550.0,155.0,714.3,95330.0,0.0
2023-04-10 11:00:00+05:30,33.3,29,3.57,0.19,771.0,568.0,203.0,632.4,95290.0,0.0
2023-04-10 12:00:00+05:30,34.7,26,3.4,0.13,911.0,717.0,194.0,740.7,95210.0,0.0
2023-04-10 13:00:00+05:30,35.3,25,2.91,0.29,885.0,675.0,210.0,692.4,95090.0,0.0
2023-04-10 14:00:00+05:30,35.5,24,2.56,0.3,727.0,516.0,211.0,561.9,94980.0,0.0
2023-04-10 15:00:00+05:30,35.4,24,2.28,0.31,645.0,457.0,188.0,569.8,94910.0,0.0
2023-04-10 16:00:00+05:30,35.0,24,2.42,0.27,479.0,322.0,157.0,507.7,94880.0,0.0
2023-04-10 17:00:00+05:30,34.8,22,2.0,0.45,298.0,174.0,124.0,408.4,94850.0,0.0
2023-04-10 18:00:00+05:30,32.4,26,1.6,0.37,98.0,43.0,55.0,224.1,94840.0,0.0
2023-04-10 19:00:00+05:30,29.8,30,1.61,0.43,3.0,0.0,3.0,0.0,94910.0,0.0
2023-04-10 20:00:00+05:30,28.2,45,4.29,0.54,0.0,0.0,0.0,0.0,95030.0,0.0
2023-04-10 21:00:00+05:30,27.1,49,1.75,0.02,0.0,0.0,0.0,0.0,95100.0,0.0
2023-04-10 22:00:00+05:30,26.4,52,2.13,0.01,0.0,0.0,0.0,0.0,95110.0,0.0
2023-04-10 23:00:00+05:30,25.1,55,1.55,0.01,0.0,0.0,0.0,0.0,95090.0,0.0
2023-04-11 00:00:00+05:30,24.1,58,1.64,0.01,0.0,0.0,0.0,0.0,95000.0,0.0
2023-04-11 01:00:00+05:30,23.9,58,1.64,0.01,0.0,0.0,0.0,0.0,94930.0,0.0
2023-04-11 02:00:00+05:30,22.9,64,2.16,0.02,0.0,0.0,0.0,0.0,94860.0,0.0
2023-04-11 03:00:00+05:30,22.6,64,1.21,0.08,0.0,0.0,0.0,0.0,94860.0,0.0
2023-04-11 04:00:00+05:30,22.0,66,1.53,0.14,0.0,0.0,0.0,0.0,94850.0,0.0
2023-04-11 05:00:00+05:30,23.5,63,0.5,0.01,0.0,0.0,0.0,0.0,94920.0,0.0
2023-04-11 06:00:00+05:30,23.5,63,0.32,0.0,0.0,0.0,0.0,0.0,94970.0,0.0
2023-04-11 07:00:00+05:30,24.4,62,0.98,0.01,79.0,35.0,44.0,223.2,95070.0,0.0
2023-04-11 08:00:00+05:30,28.1,51,0.76,0.01,288.0,187.0,101.0,492.2,95210.0,0.0
2023-04-11 09:00:00+05:30,31.2,39,2.4,0.0,521.0,389.0,132.0,654.1,95300.0,0.0
2023-04-11 10:00:00+05:30,33.5,31,3.37,0.23,726.0,575.0,151.0,744.8,95300.0,0.0
2023-04-11 11:00:00+05:30,35.0,25,3.68,0.12,826.0,649.0,177.0,721.2,95260.0,0.0
2023-04-11 12:00:00+05:30,36.0,22,3.18,0.13,908.0,724.0,184.0,746.8,95220.0,0.0
2023-04-11 13:00:00+05:30,36.7,20,1.75,0.33,933.0,742.0,191.0,760.2,95120.0,0.0
2023-04-11 14:00:00+05:30,36.8,19,1.3,0.49,781.0,543.0,238.0,590.8,95020.0,0.0
2023-04-11 15:00:00+05:30,36.7,18,1.33,0.68,587.0,358.0,229.0,445.9,94950.0,0.0
2023-04-11 16:00:00+05:30,36.0,18,0.6,0.36,387.0,178.0,209.0,280.4,94910.0,0.0
2023-04-11 17:00:00+05:30,33.0,29,4.74,0.32,272.0,153.0,119.0,358.5,94940.0,0.0
2023-04-11 18:00:00+05:30,32.0,33,4.25,0.06,101.0,45.0,56.0,233.5,94990.0,0.0
2023-04-11 19:00:00+05:30,29.4,47,3.32,0.49,4.0,0.0,4.0,0.0,95030.0,0.0
2023-04-11 20:00:00+05:30,28.1,52,2.52,0.25,0.0,0.0,0.0,0.0,95130.0,0.0
2023-04-11 21:00:00+05:30,26.3,58,1.44,0.18,0.0,0.0,0.0,0.0,95160.0,0.0
2023-04-11 22:00:00+05:30,26.9,53,0.73,0.14,0.0,0.0,0.0,0.0,95200.0,0.0
2023-04-11 23:00:00+05:30,26.7,54,1.2,0.01,0.0,0.0,0.0,0.0,95170.0,0.0
2023-04-12 00:00:00+05:30,24.4,62,1.17,0.0,0.0,0.0,0.0,0.0,95050.0,0.0
2023-04-12 01:00:00+05:30,23.0,67,1.28,0.05,0.0,0.0,0.0,0.0,94970.0,0.0
2023-04-12 02:00:00+05:30,23.9,62,1.08,0.09,0.0,0.0,0.0,0.0,94940.0,0.0
2023-04-12 03:00:00+05:30,24.0,62,0.78,0.06,0.0,0.0,0.0,0.0,94900.0,0.0
2023-04-12 04:00:00+05:30,23.1,66,0.41,0.13,0.0,0.0,0.0,0.0,94890.0,0.0
2023-04-12 05:00:00+05:30,22.5,74,0.32,0.25,0.0,0.0,0.0,0.0,94930.0,0.0
2023-04-12 06:00:00+05:30,22.0,77,0.64,0.0,0.0,0.0,0.0,0.0,94980.0,0.0
2023-04-12 07:00:00+05:30,23.9,68,0.67,0.0,81.0,36.0,45.0,227.5,95090.0,0.0
2023-04-12 08:00:00+05:30,27.8,53,0.36,0.0,294.0,192.0,102.0,501.8,95230.0,0.0
2023-04-12 09:00:00+05:30,31.5,36,0.82,0.0,527.0,396.0,131.0,663.2,95280.0,0.0
2023-04-12 10:00:00+05:30,34.5,26,1.53,0.14,732.0,582.0,150.0,751.9,95260.0,0.0
2023-04-12 11:00:00+05:30,36.2,21,1.87,0.21,855.0,688.0,167.0,763.2,95190.0,0.0
2023-04-12 12:00:00+05:30,37.0,20,2.69,0.22,880.0,686.0,194.0,706.7,95120.0,0.0
2023-04-12 13:00:00+05:30,37.3,18,3.23,0.32,867.0,671.0,196.0,686.8,95040.0,0.0
2023-04-12 14:00:00+05:30,36.9,18,3.32,0.64,718.0,501.0,217.0,544.6,94940.0,0.0
2023-04-12 15:00:00+05:30,36.8,17,3.01,0.3,629.0,410.0,219.0,510.3,94870.0,0.0
2023-04-12 16:00:00+05:30,36.7,16,2.82,0.59,505.0,343.0,162.0,539.7,94820.0,0.0
2023-04-12 17:00:00+05:30,36.0,16,2.38,0.52,277.0,146.0,131.0,341.6,94810.0,0.0
2023-04-12 18:00:00+05:30,32.2,29,1.87,0.97,84.0,33.0,51.0,170.5,94810.0,0.0
2023-04-12 19:00:00+05:30,33.7,20,0.54,0.43,3.0,0.0,3.0,0.0,94930.0,0.0
2023-04-12 20:00:00+05:30,30.2,28,2.33,0.08,0.0,0.0,0.0,0.0,94960.0,0.0
2023-04-12 21:00:00+05:30,29.1,34,4.32,0.34,0.0,0.0,0.0,0.0,95020.0,0.0
2023-04-12 22:00:00+05:30,29.2,31,3.58,0.41,0.0,0.0,0.0,0.0,95050.0,0.0
2023-04-12 23:00:00+05:30,27.5,35,2.06,0.36,0.0,0.0,0.0,0.0,95030.0,0.0
2023-04-13 00:00:00+05:30,26.0,38,2.1,0.27,0.0,0.0,0.0,0.0,94980.0,0.0
2023-04-13 01:00:00+05:30,25.9,39,2.4,0.37,0.0,0.0,0.0,0.0,94920.0,0.0
2023-04-13 02:00:00+05:30,27.8,33,0.61,0.4,0.0,0.0,0.0,0.0,94940.0,0.0
2023-04-13 03:00:00+05:30,26.1,38,0.63,0.81,0.0,0.0,0.0,0.0,94890.0,0.0
2023-04-13 04:00:00+05:30,25.5,40,1.27,1.0,0.0,0.0,0.0,0.0,94890.0,0.0
2023-04-13 05:00:00+05:30,23.8,51,1.49,1.0,0.0,0.0,0.0,0.0,94880.0,0.0
2023-04-13 06:00:00+05:30,25.6,44,0.67,1.0,0.0,0.0,0.0,0.0,94990.0,0.0
2023-04-13 07:00:00+05:30,26.3,45,0.86,1.0,74.0,20.0,54.0,125.3,95050.0,0.0
2023-04-13 08:00:00+05:30,29.5,37,0.5,1.0,260.0,114.0,146.0,295.9,95170.0,0.0
2023-04-13 09:00:00+05:30,32.5,31,0.81,1.0,487.0,294.0,193.0,490.5,95210.0,0.0
2023-04-13 10:00:00+05:30,35.2,25,1.84,1.0,692.0,473.0,219.0,609.5,95210.0,0.0
2023-04-13 11:00:00+05:30,36.4,21,1.4,1.0,739.0,377.0,362.0,417.5,95140.0,0.0
2023-04-13 12:00:00+05:30,37.1,20,1.56,1.0,701.0,299.0,402.0,307.6,95080.0,0.0
2023-04-13 13:00:00+05:30,37.6,19,1.61,1.0,770.0,423.0,347.0,432.5,94980.0,0.0
2023-04-13 14:00:00+05:30,38.1,19,1.68,0.91,862.0,643.0,219.0,698.3,94880.0,0.0
2023-04-13 15:00:00+05:30,37.5,18,2.64,0.99,692.0,494.0,198.0,614.3,94800.0,0.0
2023-04-13 16:00:00+05:30,35.5,20,3.95,1.0,353.0,107.0,246.0,168.2,94840.0,0.0
2023-04-13 17:00:00+05:30,35.5,18,1.1,1.0,93.0,0.0,93.0,0.0,94800.0,0.0
2023-04-13 18:00:00+05:30,33.2,24,4.33,1.0,85.0,19.0,66.0,97.7,94880.0,0.0
2023-04-13 19:00:00+05:30,31.5,26,3.01,0.55,4.0,0.0,4.0,0.0,94940.0,0.0
2023-04-13 20:00:00+05:30,28.4,35,2.48,0.92,0.0,0.0,0.0,0.0,94990.0,0.0
2023-04-13 21:00:00+05:30,30.0,30,0.85,0.95,0.0,0.0,0.0,0.0,95120.0,0.0
2023-04-13 22:00:00+05:30,27.0,41,1.56,0.95,0.0,0.0,0.0,0.0,95130.0,0.0
2023-04-13 23:00:00+05:30,27.7,38,0.5,0.97,0.0,0.0,0.0,0.0,95100.0,0.0
2023-04-14 00:00:00+05:30,27.0,40,1.66,1.0,0.0,0.0,0.0,0.0,95030.0,0.0
2023-04-14 01:00:00+05:30,26.3,42,1.75,1.0,0.0,0.0,0.0,0.0,94960.0,0.0
2023-04-14 02:00:00+05:30,26.0,42,1.44,1.0,0.0,0.0,0.0,0.0,94910.0,0.0
2023-04-14 03:00:00+05:30,25.5,43,0.76,1.0,0.0,0.0,0.0,0.0,94870.0,0.0
2023-04-14 04:00:00+05:30,25.2,44,0.42,1.0,0.0,0.0,0.0,0.0,94860.0,0.0
2023-04-14 05:00:00+05:30,22.6,56,1.3,1.0,0.0,0.0,0.0,0.0,94880.0,0.0
2023-04-14 06:00:00+05:30,23.2,58,1.26,0.99,0.0,0.0,0.0,0.0,94950.0,0.0
2023-04-14 07:00:00+05:30,25.5,49,0.58,1.0,76.0,24.0,52.0,149.1,95080.0,0.0
2023-04-14 08:00:00+05:30,28.8,41,1.7,1.0,239.0,100.0,139.0,257.8,95210.0,0.0
2023-04-14 09:00:00+05:30,31.9,32,1.02,0.94,413.0,198.0,215.0,329.1,95200.0,0.0
2023-04-14 10:00:00+05:30,34.5,25,1.0,0.8,643.0,378.0,265.0,485.9,95210.0,0.0
2023-04-14 11:00:00+05:30,35.8,23,0.1,0.84,797.0,574.0,223.0,634.5,95140.0,0.0
2023-04-14 12:00:00+05:30,36.0,22,1.8,0.73,691.0,426.0,265.0,437.7,95090.0,0.0
2023-04-14 13:00:00+05:30,35.8,22,2.28,0.77,712.0,458.0,254.0,467.9,94990.0,0.0
2023-04-14 14:00:00+05:30,36.8,20,1.27,0.89,838.0,626.0,212.0,679.3,94880.0,0.0
2023-04-14 15:00:00+05:30,35.5,23,4.6,0.99,589.0,338.0,251.0,420.0,94820.0,0.0
2023-04-14 16:00:00+05:30,33.8,26,3.96,1.0,331.0,109.0,222.0,171.2,94780.0,0.0
2023-04-14 17:00:00+05:30,35.7,18,1.41,1.0,217.0,56.0,161.0,130.6,94750.0,0.0
2023-04-14 18:00:00+05:30,32.0,31,0.67,0.93,104.0,37.0,67.0,189.5,94860.0,0.0
2023-04-14 19:00:00+05:30,30.1,31,1.25,1.0,3.0,0.0,3.0,0.0,94910.0,0.0
2023-04-14 20:00:00+05:30,28.9,37,1.84,1.0,0.0,0.0,0.0,0.0,94960.0,0.0
2023-04-14 21:00:00+05:30,28.2,39,1.82,1.0,0.0,0.0,0.0,0.0,95050.0,0.0
2023-04-14 22:00:00+05:30,28.0,41,1.3,1.0,0.0,0.0,0.0,0.0,95080.0,0.0
2023-04-14 23:00:00+05:30,27.5,43,0.1,0.82,0.0,0.0,0.0,0.0,95030.0,0.0
2023-04-15 00:00:00+05:30,26.8,46,0.51,1.0,0.0,0.0,0.0,0.0,94960.0,0.0
2023-04-15 01:00:00+05:30,24.8,56,1.36,1.0,0.0,0.0,0.0,0.0,94870.0,0.0
2023-04-15 02:00:00+05:30,24.8,54,1.0,1.0,0.0,0.0,0.0,0.0,94850.0,0.0
2023-04-15 03:00:00+05:30,24.9,51,0.3,0.98,0.0,0.0,0.0,0.0,94820.0,0.0
2023-04-15 04:00:00+05:30,23.0,60,1.04,0.82,0.0,0.0,0.0,0.0,94780.0,0.0
2023-04-15 05:00:00+05:30,23.7,63,1.87,0.08,0.0,0.0,0.0,0.0,94960.0,0.0
2023-04-15 06:00:00+05:30,23.5,66,1.7,0.89,1.0,0.0,1.0,0.0,95030.0,0.0
2023-04-15 07:00:00+05:30,24.8,64,1.64,0.57,80.0,25.0,55.0,154.0,95140.0,0.0
2023-04-15 08:00:00+05:30,27.0,55,1.39,0.09,288.0,174.0,114.0,445.7,95220.0,0.0
2023-04-15 09:00:00+05:30,29.6,44,1.6,0.06,527.0,393.0,134.0,650.8,95230.0,0.0
2023-04-15 10:00:00+05:30,32.3,34,2.32,0.0,730.0,575.0,155.0,737.4,95200.0,0.0
2023-04-15 11:00:00+05:30,34.5,27,2.09,0.23,882.0,717.0,165.0,791.3,95140.0,0.0
2023-04-15 12:00:00+05:30,35.7,23,1.46,0.19,927.0,717.0,210.0,735.9,95070.0,0.0
2023-04-15 13:00:00+05:30,36.5,21,1.63,0.14,914.0,706.0,208.0,720.5,94960.0,0.0
2023-04-15 14:00:00+05:30,36.2,20,1.33,0.54,880.0,682.0,198.0,739.6,94860.0,0.0
2023-04-15 15:00:00+05:30,31.4,40,5.47,0.96,582.0,354.0,228.0,439.6,94870.0,0.0
2023-04-15 16:00:00+05:30,30.7,33,2.26,0.59,244.0,55.0,189.0,86.3,94790.0,0.0
2023-04-15 17:00:00+05:30,32.0,30,1.98,0.42,275.0,144.0,131.0,335.3,94770.0,0.0
2023-04-15 18:00:00+05:30,30.5,35,1.14,0.16,111.0,49.0,62.0,249.9,94810.0,0.0
2023-04-15 19:00:00+05:30,28.6,39,1.64,0.04,4.0,0.0,4.0,0.0,94870.0,0.0
2023-04-15 20:00:00+05:30,27.1,43,1.49,0.03,0.0,0.0,0.0,0.0,94910.0,0.0
2023-04-15 21:00:00+05:30,25.9,50,1.6,0.01,0.0,0.0,0.0,0.0,94970.0,0.0
2023-04-15 22:00:00+05:30,24.2,60,1.56,0.0,0.0,0.0,0.0,0.0,94950.0,0.0
2023-04-15 23:00:00+05:30,23.1,68,1.34,0.01,0.0,0.0,0.0,0.0,94900.0,0.0
2023-04-16 00:00:00+05:30,22.2,73,1.06,0.0,0.0,0.0,0.0,0.0,94810.0,0.0
2023-04-16 01:00:00+05:30,21.8,76,1.3,0.0,0.0,0.0,0.0,0.0,94750.0,0.0
2023-04-16 02:00:00+05:30,22.4,72,0.95,0.0,0.0,0.0,0.0,0.0,94720.0,0.0
2023-04-16 03:00:00+05:30,21.8,75,0.81,0.0,0.0,0.0,0.0,0.0,94670.0,0.0
2023-04-16 04:00:00+05:30,21.0,77,0.8,0.0,0.0,0.0,0.0,0.0,94650.0,0.0
2023-04-16 05:00:00+05:30,21.5,74,0.32,0.0,0.0,0.0,0.0,0.0,94800.0,0.0
2023-04-16 06:00:00+05:30,21.2,76,0.14,0.0,1.0,0.0,1.0,0.0,94830.0,0.0
2023-04-16 07:00:00+05:30,23.1,68,0.14,0.0,89.0,40.0,49.0,244.4,94910.0,0.0
2023-04-16 08:00:00+05:30,26.7,54,0.61,0.0,303.0,199.0,104.0,506.4,95040.0,0.0
2023-04-16 09:00:00+05:30,30.1,41,1.12,0.0,535.0,402.0,133.0,663.3,95100.0,0.0
2023-04-16 10:00:00+05:30,32.9,31,1.75,0.0,739.0,587.0,152.0,751.1,95090.0,0.0
2023-04-16 11:00:00+05:30,34.8,26,1.36,0.04,889.0,726.0,163.0,799.9,95020.0,0.0
2023-04-16 12:00:00+05:30,36.1,22,0.94,0.25,956.0,781.0,175.0,800.6,94940.0,0.0
2023-04-16 13:00:00+05:30,36.5,22,2.02,0.39,879.0,698.0,181.0,711.7,94830.0,0.0
2023-04-16 14:00:00+05:30,36.8,21,1.39,0.82,740.0,498.0,242.0,539.6,94690.0,0.0
2023-04-16 15:00:00+05:30,29.6,39,5.12,0.84,658.0,417.0,241.0,517.4,94720.0,0.5
2023-04-16 16:00:00+05:30,33.8,26,1.73,0.42,387.0,205.0,182.0,321.4,94640.0,0.0
2023-04-16 17:00:00+05:30,32.6,32,1.97,0.09,306.0,190.0,116.0,441.7,94670.0,0.0
2023-04-16 18:00:00+05:30,30.8,46,1.1,0.15,107.0,49.0,58.0,248.8,94730.0,0.0
2023-04-16 19:00:00+05:30,29.1,42,1.22,0.16,4.0,0.0,4.0,0.0,94770.0,0.0
2023-04-16 20:00:00+05:30,28.4,43,3.0,0.16,0.0,0.0,0.0,0.0,94850.0,0.0
2023-04-16 21:00:00+05:30,27.0,45,2.28,0.08,0.0,0.0,0.0,0.0,94900.0,0.0
2023-04-16 22:00:00+05:30,25.5,49,1.33,0.11,0.0,0.0,0.0,0.0,94900.0,0.0
2023-04-16 23:00:00+05:30,24.7,52,1.32,0.01,0.0,0.0,0.0,0.0,94840.0,0.0
2023-04-17 00:00:00+05:30,25.2,48,1.21,0.0,0.0,0.0,0.0,0.0,94800.0,0.0
2023-04-17 01:00:00+05:30,23.6,56,1.3,0.0,0.0,0.0,0.0,0.0,94710.0,0.0
2023-04-17 02:00:00+05:30,24.7,51,0.32,0.0,0.0,0.0,0.0,0.0,94670.0,0.0
2023-04-17 03:00:00+05:30,22.5,58,1.03,0.0,0.0,0.0,0.0,0.0,94580.0,0.0
2023-04-17 04:00:00+05:30,21.9,60,1.39,0.02,0.0,0.0,0.0,0.0,94590.0,0.0
2023-04-17 05:00:00+05:30,21.5,69,1.26,0.24,0.0,0.0,0.0,0.0,94680.0,0.0
2023-04-17 06:00:00+05:30,21.9,67,1.22,0.37,1.0,0.0,1.0,0.0,94700.0,0.0
2023-04-17 07:00:00+05:30,24.1,58,0.4,0.54,75.0,29.0,46.0,175.8,94830.0,0.0
2023-04-17 08:00:00+05:30,27.8,44,0.41,0.23,266.0,150.0,116.0,379.3,94970.0,0.0
2023-04-17 09:00:00+05:30,31.0,34,0.22,0.29,465.0,307.0,158.0,504.8,95050.0,0.0
2023-04-17 10:00:00+05:30,34.0,26,1.2,0.25,628.0,416.0,212.0,531.1,95050.0,0.0
2023-04-17 11:00:00+05:30,35.6,21,1.2,0.3,817.0,614.0,203.0,675.5,95020.0,0.0
2023-04-17 12:00:00+05:30,36.0,21,1.12,0.34,809.0,582.0,227.0,596.0,94960.0,0.0
2023-04-17 13:00:00+05:30,36.1,21,2.64,0.33,820.0,594.0,226.0,605.2,94880.0,0.0
2023-04-17 14:00:00+05:30,36.8,20,1.72,0.48,778.0,544.0,234.0,589.1,94810.0,0.0
2023-04-17 15:00:00+05:30,35.6,22,2.31,0.91,650.0,415.0,235.0,514.6,94780.0,0.0
2023-04-17 16:00:00+05:30,30.1,36,4.46,0.93,261.0,83.0,178.0,130.0,94810.0,0.0
2023-04-17 17:00:00+05:30,34.5,21,0.85,0.95,227.0,74.0,153.0,171.8,94790.0,0.0
2023-04-17 18:00:00+05:30,32.2,26,1.36,0.64,86.0,30.0,56.0,151.7,94830.0,0.0
2023-04-17 19:00:00+05:30,29.6,31,1.71,0.17,4.0,0.0,4.0,0.0,94850.0,0.0
2023-04-17 20:00:00+05:30,29.0,33,1.6,0.01,0.0,0.0,0.0,0.0,94890.0,0.0
2023-04-17 21:00:00+05:30,26.2,41,2.2,0.0,0.0,0.0,0.0,0.0,94910.0,0.0
2023-04-17 22:00:00+05:30,25.4,53,1.71,0.0,0.0,0.0,0.0,0.0,94910.0,0.0
2023-04-17 23:00:00+05:30,25.0,60,1.32,0.01,0.0,0.0,0.0,0.0,94920.0,0.0
2023-04-18 00:00:00+05:30,25.6,58,1.1,0.1,0.0,0.0,0.0,0.0,94880.0,0.0
2023-04-18 01:00:00+05:30,25.4,59,0.64,0.0,0.0,0.0,0.0,0.0,94820.0,0.0
2023-04-18 02:00:00+05:30,24.1,63,0.54,0.05,0.0,0.0,0.0,0.0,94760.0,0.0
2023-04-18 03:00:00+05:30,22.2,72,1.4,0.09,0.0,0.0,0.0,0.0,94690.0,0.0
2023-04-18 04:00:00+05:30,22.4,70,1.1,0.08,0.0,0.0,0.0,0.0,94710.0,0.0
2023-04-18 05:00:00+05:30,22.6,70,1.55,0.02,0.0,0.0,0.0,0.0,94740.0,0.0
2023-04-18 06:00:00+05:30,23.1,66,2.21,0.25,1.0,0.0,1.0,0.0,94870.0,0.0
2023-04-18 07:00:00+05:30,25.6,54,1.84,0.38,82.0,33.0,49.0,198.5,94980.0,0.0
2023-04-18 08:00:00+05:30,29.0,42,0.54,0.71,261.0,147.0,114.0,369.4,95140.0,0.0
2023-04-18 09:00:00+05:30,32.0,32,0.42,0.3,478.0,320.0,158.0,524.4,95200.0,0.0
2023-04-18 10:00:00+05:30,35.0,23,1.75,0.01,687.0,498.0,189.0,634.4,95200.0,0.0
2023-04-18 11:00:00+05:30,36.9,20,2.28,0.26,876.0,705.0,171.0,774.5,95150.0,0.0
2023-04-18 12:00:00+05:30,37.8,19,2.92,0.85,891.0,677.0,214.0,692.5,95100.0,0.0
2023-04-18 13:00:00+05:30,36.2,19,2.42,0.87,562.0,230.0,332.0,234.2,94980.0,0.0
2023-04-18 14:00:00+05:30,37.1,19,3.31,0.51,718.0,413.0,305.0,446.9,94930.0,0.0
2023-04-18 15:00:00+05:30,35.6,20,4.0,0.65,527.0,318.0,209.0,394.1,94870.0,0.0
2023-04-18 16:00:00+05:30,36.2,20,0.22,0.65,425.0,225.0,200.0,352.2,94820.0,0.0
2023-04-18 17:00:00+05:30,36.2,18,3.36,0.86,294.0,169.0,125.0,391.7,94780.0,0.0
2023-04-18 18:00:00+05:30,34.0,24,1.33,0.61,86.0,25.0,61.0,125.9,94780.0,0.0
2023-04-18 19:00:00+05:30,30.9,32,1.77,0.24,3.0,0.0,3.0,0.0,94800.0,0.0
2023-04-18 20:00:00+05:30,29.0,33,1.61,0.1,0.0,0.0,0.0,0.0,94830.0,0.0
2023-04-18 21:00:00+05:30,29.0,33,2.92,0.25,0.0,0.0,0.0,0.0,94910.0,0.0
2023-04-18 22:00:00+05:30,28.6,35,3.36,0.23,0.0,0.0,0.0,0.0,94980.0,0.0
2023-04-18 23:00:00+05:30,28.3,33,2.77,0.06,0.0,0.0,0.0,0.0,94940.0,0.0
2023-04-19 00:00:00+05:30,25.6,40,2.19,0.0,0.0,0.0,0.0,0.0,94870.0,0.0
2023-04-19 01:00:00+05:30,24.8,43,2.06,0.01,0.0,0.0,0.0,0.0,94830.0,0.0
2023-04-19 02:00:00+05:30,25.5,41,1.17,0.0,0.0,0.0,0.0,0.0,94770.0,0.0
2023-04-19 03:00:00+05:30,24.1,44,1.08,0.0,0.0,0.0,0.0,0.0,94720.0,0.0
2023-04-19 04:00:00+05:30,25.4,39,1.04,0.0,0.0,0.0,0.0,0.0,94730.0,0.0
2023-04-19 05:00:00+05:30,24.0,48,0.81,0.0,0.0,0.0,0.0,0.0,94700.0,0.0
2023-04-19 06:00:00+05:30,23.1,55,1.2,0.0,1.0,0.0,1.0,0.0,94720.0,0.0
2023-04-19 07:00:00+05:30,26.6,43,0.22,0.0,96.0,45.0,51.0,268.6,94820.0,0.0
2023-04-19 08:00:00+05:30,30.5,33,0.85,0.0,313.0,209.0,104.0,522.1,94960.0,0.0
2023-04-19 09:00:00+05:30,33.5,27,1.46,0.0,545.0,412.0,133.0,672.9,95010.0,0.0
2023-04-19 10:00:00+05:30,35.8,22,2.9,0.14,747.0,596.0,151.0,757.6,95000.0,0.0
2023-04-19 11:00:00+05:30,37.0,19,3.9,0.2,866.0,693.0,173.0,760.2,94910.0,0.0
2023-04-19 12:00:00+05:30,37.3,19,3.66,0.33,822.0,600.0,222.0,613.2,94840.0,0.0
2023-04-19 13:00:00+05:30,37.8,18,1.79,0.42,879.0,678.0,201.0,689.7,94710.0,0.0
2023-04-19 14:00:00+05:30,38.0,18,1.06,0.34,845.0,626.0,219.0,677.0,94570.0,0.0
2023-04-19 15:00:00+05:30,37.0,19,2.6,0.99,692.0,489.0,203.0,605.6,94530.0,0.0
2023-04-19 16:00:00+05:30,34.2,25,3.7,0.51,342.0,161.0,181.0,251.8,94530.0,0.0
2023-04-19 17:00:00+05:30,35.0,21,4.16,0.43,291.0,153.0,138.0,354.1,94480.0,0.0
2023-04-19 18:00:00+05:30,33.0,26,3.19,0.27,107.0,47.0,60.0,235.6,94480.0,0.0
2023-04-19 19:00:00+05:30,31.1,29,3.76,0.17,4.0,1.0,3.0,15.7,94510.0,0.0
2023-04-19 20:00:00+05:30,30.0,32,3.61,0.1,0.0,0.0,0.0,0.0,94610.0,0.0
2023-04-19 21:00:00+05:30,28.8,35,2.94,0.02,0.0,0.0,0.0,0.0,94670.0,0.0
2023-04-19 22:00:00+05:30,28.4,33,2.68,0.27,0.0,0.0,0.0,0.0,94680.0,0.0
2023-04-19 23:00:00+05:30,27.4,34,1.62,0.37,0.0,0.0,0.0,0.0,94670.0,0.0
2023-04-20 00:00:00+05:30,26.2,38,2.42,0.14,0.0,0.0,0.0,0.0,94590.0,0.0
2023-04-20 01:00:00+05:30,25.9,38,2.13,0.2,0.0,0.0,0.0,0.0,94520.0,0.0
2023-04-20 02:00:00+05:30,27.1,35,1.84,0.06,0.0,0.0,0.0,0.0,94480.0,0.0
2023-04-20 03:00:00+05:30,24.0,44,1.92,0.03,0.0,0.0,0.0,0.0,94360.0,0.0
2023-04-20 04:00:00+05:30,23.2,46,2.16,0.0,0.0,0.0,0.0,0.0,94360.0,0.0
2023-04-20 05:00:00+05:30,21.8,58,1.82,0.0,0.0,0.0,0.0,0.0,94450.0,0.0
2023-04-20 06:00:00+05:30,21.9,64,0.85,0.0,2.0,0.0,2.0,0.0,94510.0,0.0
2023-04-20 07:00:00+05:30,24.6,60,1.0,0.01,98.0,45.0,53.0,266.6,94600.0,0.0
2023-04-20 08:00:00+05:30,28.6,43,0.91,0.12,310.0,205.0,105.0,509.2,94730.0,0.0
2023-04-20 09:00:00+05:30,31.9,31,0.85,0.11,519.0,375.0,144.0,610.5,94800.0,0.0
2023-04-20 10:00:00+05:30,34.2,25,0.22,0.1,714.0,539.0,175.0,683.8,94780.0,0.0
2023-04-20 11:00:00+05:30,35.8,21,0.81,0.18,878.0,695.0,183.0,761.4,94720.0,0.0
2023-04-20 12:00:00+05:30,36.6,20,2.14,0.22,874.0,673.0,201.0,687.1,94650.0,0.0
2023-04-20 13:00:00+05:30,36.8,20,4.33,0.5,841.0,625.0,216.0,635.4,94570.0,0.0
2023-04-20 14:00:00+05:30,35.2,23,3.74,0.41,664.0,423.0,241.0,457.2,94500.0,0.0
2023-04-20 15:00:00+05:30,35.2,24,4.27,0.13,663.0,461.0,202.0,570.6,94410.0,0.0
2023-04-20 16:00:00+05:30,34.7,25,4.35,0.14,531.0,388.0,143.0,606.3,94350.0,0.0
2023-04-20 17:00:00+05:30,33.9,24,4.51,0.17,324.0,213.0,111.0,492.3,94330.0,0.0
2023-04-20 18:00:00+05:30,32.2,29,4.64,0.06,116.0,56.0,60.0,279.6,94380.0,0.0
2023-04-20 19:00:00+05:30,29.0,42,5.02,0.03,5.0,1.0,4.0,15.6,94450.0,0.0
2023-04-20 20:00:00+05:30,27.7,41,3.96,0.02,0.0,0.0,0.0,0.0,94520.0,0.0
2023-04-20 21:00:00+05:30,26.5,43,2.89,0.01,0.0,0.0,0.0,0.0,94610.0,0.0
2023-04-20 22:00:00+05:30,25.4,45,1.58,0.0,0.0,0.0,0.0,0.0,94600.0,0.0
2023-04-20 23:00:00+05:30,24.2,48,1.41,0.0,0.0,0.0,0.0,0.0,94560.0,0.0
2023-04-21 00:00:00+05:30,23.8,46,1.6,0.0,0.0,0.0,0.0,0.0,94490.0,0.0
2023-04-21 01:00:00+05:30,22.9,44,1.63,0.0,0.0,0.0,0.0,0.0,94410.0,0.0
2023-04-21 02:00:00+05:30,22.1,44,1.8,0.04,0.0,0.0,0.0,0.0,94350.0,0.0
2023-04-21 03:00:00+05:30,21.6,46,1.92,0.14,0.0,0.0,0.0,0.0,94310.0,0.0
2023-04-21 04:00:00+05:30,21.4,48,1.48,0.16,0.0,0.0,0.0,0.0,94350.0,0.0
2023-04-21 05:00:00+05:30,21.5,52,1.6,0.14,0.0,0.0,0.0,0.0,94400.0,0.0
2023-04-21 06:00:00+05:30,20.6,60,0.6,0.0,2.0,0.0,2.0,0.0,94510.0,0.0
2023-04-21 07:00:00+05:30,23.5,49,0.5,0.0,102.0,48.0,54.0,281.6,94620.0,0.0
2023-04-21 08:00:00+05:30,26.9,38,0.4,0.0,322.0,217.0,105.0,536.0,94750.0,0.0
2023-04-21 09:00:00+05:30,29.8,28,0.54,0.0,555.0,422.0,133.0,684.9,94820.0,0.0
2023-04-21 10:00:00+05:30,32.3,21,1.32,0.0,758.0,606.0,152.0,767.3,94830.0,0.0
2023-04-21 11:00:00+05:30,34.3,18,2.2,0.0,907.0,743.0,164.0,812.9,94780.0,0.0
2023-04-21 12:00:00+05:30,35.5,17,3.41,0.0,987.0,818.0,169.0,834.4,94700.0,0.0
2023-04-21 13:00:00+05:30,35.5,18,4.6,0.27,993.0,824.0,169.0,837.1,94610.0,0.0
2023-04-21 14:00:00+05:30,34.5,21,5.43,0.14,793.0,587.0,206.0,634.2,94520.0,0.0
2023-04-21 15:00:00+05:30,34.3,21,4.6,0.06,706.0,538.0,168.0,665.6,94460.0,0.0
2023-04-21 16:00:00+05:30,33.8,22,4.69,0.02,545.0,403.0,142.0,629.3,94430.0,0.0
2023-04-21 17:00:00+05:30,32.8,23,5.02,0.0,349.0,241.0,108.0,556.2,94440.0,0.0
2023-04-21 18:00:00+05:30,30.0,31,4.68,0.0,126.0,64.0,62.0,318.2,94480.0,0.0
2023-04-21 19:00:00+05:30,27.5,40,4.03,0.0,5.0,1.0,4.0,15.5,94530.0,0.0
2023-04-21 20:00:00+05:30,25.9,49,3.49,0.0,0.0,0.0,0.0,0.0,94590.0,0.0
2023-04-21 21:00:00+05:30,24.4,56,2.6,0.0,0.0,0.0,0.0,0.0,94620.0,0.0
2023-04-21 22:00:00+05:30,23.1,62,1.9,0.0,0.0,0.0,0.0,0.0,94630.0,0.0
2023-04-21 23:00:00+05:30,22.1,66,1.6,0.0,0.0,0.0,0.0,0.0,94610.0,0.0
2023-04-22 00:00:00+05:30,21.5,67,1.73,0.0,0.0,0.0,0.0,0.0,94540.0,0.0
2023-04-22 01:00:00+05:30,21.0,66,1.81,0.0,0.0,0.0,0.0,0.0,94450.0,0.0
2023-04-22 02:00:00+05:30,20.6,63,1.92,0.0,0.0,0.0,0.0,0.0,94390.0,0.0
2023-04-22 03:00:00+05:30,20.1,63,1.84,0.0,0.0,0.0,0.0,0.0,94350.0,0.0
2023-04-22 04:00:00+05:30,19.6,63,1.87,0.0,0.0,0.0,0.0,0.0,94370.0,0.0
2023-04-22 05:00:00+05:30,19.4,67,1.75,0.0,0.0,0.0,0.0,0.0,94400.0,0.0
2023-04-22 06:00:00+05:30,19.8,66,1.73,0.0,2.0,0.0,2.0,0.0,94480.0,0.0
2023-04-22 07:00:00+05:30,22.7,58,2.0,0.0,105.0,50.0,55.0,289.0,94630.0,0.0
2023-04-22 08:00:00+05:30,26.1,46,1.75,0.0,327.0,222.0,105.0,545.3,94760.0,0.0
2023-04-22 09:00:00+05:30,29.4,32,2.01,0.0,560.0,426.0,134.0,689.4,94840.0,0.0
2023-04-22 10:00:00+05:30,31.9,23,2.91,0.0,760.0,609.0,151.0,769.7,94840.0,0.0
2023-04-22 11:00:00+05:30,33.4,19,3.67,0.0,908.0,744.0,164.0,813.0,94780.0,0.0
2023-04-22 12:00:00+05:30,34.1,19,4.39,0.0,987.0,817.0,170.0,832.7,94720.0,0.0
2023-04-22 13:00:00+05:30,34.2,20,4.98,0.29,992.0,822.0,170.0,834.6,94660.0,0.0
2023-04-22 14:00:00+05:30,33.2,24,5.59,0.22,800.0,606.0,194.0,654.4,94570.0,0.0
2023-04-22 15:00:00+05:30,32.8,25,4.75,0.03,653.0,481.0,172.0,594.8,94470.0,0.0
2023-04-22 16:00:00+05:30,32.3,25,5.32,0.0,571.0,435.0,136.0,678.8,94460.0,0.0
2023-04-22 17:00:00+05:30,30.5,24,5.48,0.0,351.0,242.0,109.0,557.7,94490.0,0.0
2023-04-22 18:00:00+05:30,28.6,30,4.51,0.0,128.0,65.0,63.0,321.7,94500.0,0.0
2023-04-22 19:00:00+05:30,26.4,40,3.61,0.0,6.0,1.0,5.0,15.4,94560.0,0.0
2023-04-22 20:00:00+05:30,24.6,55,3.13,0.0,0.0,0.0,0.0,0.0,94620.0,0.0
2023-04-22 21:00:00+05:30,23.0,69,2.34,0.0,0.0,0.0,0.0,0.0,94660.0,0.0
2023-04-22 22:00:00+05:30,21.8,80,1.94,0.0,0.0,0.0,0.0,0.0,94660.0,0.0
2023-04-22 23:00:00+05:30,20.8,86,1.73,0.0,0.0,0.0,0.0,0.0,94640.0,0.0
2023-04-23 00:00:00+05:30,20.1,89,1.51,0.0,0.0,0.0,0.0,0.0,94580.0,0.0
2023-04-23 01:00:00+05:30,19.5,92,1.41,0.0,0.0,0.0,0.0,0.0,94480.0,0.0
2023-04-23 02:00:00+05:30,18.8,95,1.3,0.0,0.0,0.0,0.0,0.0,94410.0,0.0
2023-04-23 03:00:00+05:30,18.1,95,1.46,0.02,0.0,0.0,0.0,0.0,94380.0,0.0
2023-04-23 04:00:00+05:30,17.9,95,1.43,0.0,0.0,0.0,0.0,0.0,94410.0,0.0
2023-04-23 05:00:00+05:30,18.6,93,1.48,0.03,0.0,0.0,0.0,0.0,94480.0,0.0
2023-04-23 06:00:00+05:30,19.5,86,1.66,0.0,2.0,0.0,2.0,0.0,94570.0,0.0
2023-04-23 07:00:00+05:30,22.1,71,1.75,0.05,106.0,50.0,56.0,284.9,94670.0,0.0
2023-04-23 08:00:00+05:30,25.9,48,1.81,0.1,326.0,220.0,106.0,537.6,94760.0,0.0
2023-04-23 09:00:00+05:30,29.5,31,2.46,0.03,560.0,426.0,134.0,687.4,94840.0,0.0
2023-04-23 10:00:00+05:30,31.9,24,2.83,0.0,762.0,609.0,153.0,768.3,94840.0,0.0
2023-04-23 11:00:00+05:30,33.2,22,2.78,0.02,910.0,746.0,164.0,814.3,94770.0,0.0
2023-04-23 12:00:00+05:30,34.2,21,3.12,0.18,979.0,808.0,171.0,822.9,94700.0,0.0
2023-04-23 13:00:00+05:30,34.1,21,3.89,0.24,869.0,680.0,189.0,690.0,94600.0,0.0
2023-04-23 14:00:00+05:30,34.0,21,4.16,0.27,781.0,595.0,186.0,642.2,94520.0,0.0
2023-04-23 15:00:00+05:30,33.8,22,3.49,0.2,670.0,506.0,164.0,625.4,94460.0,0.0
2023-04-23 16:00:00+05:30,33.0,25,4.61,0.28,507.0,358.0,149.0,558.2,94430.0,0.0
2023-04-23 17:00:00+05:30,31.9,26,3.97,0.14,291.0,185.0,106.0,425.7,94430.0,0.0
2023-04-23 18:00:00+05:30,29.1,41,4.96,0.12,109.0,52.0,57.0,256.3,94460.0,0.0
2023-04-23 19:00:00+05:30,26.9,57,4.52,0.1,5.0,1.0,4.0,15.3,94500.0,0.0
2023-04-23 20:00:00+05:30,25.5,65,4.24,0.08,0.0,0.0,0.0,0.0,94560.0,0.0
2023-04-23 21:00:00+05:30,24.4,71,2.97,0.06,0.0,0.0,0.0,0.0,94620.0,0.0
2023-04-23 22:00:00+05:30,23.5,72,1.7,0.06,0.0,0.0,0.0,0.0,94660.0,0.0
2023-04-23 23:00:00+05:30,22.4,76,1.71,0.08,0.0,0.0,0.0,0.0,94660.0,0.0
2023-04-24 00:00:00+05:30,21.8,77,0.94,0.98,0.0,0.0,0.0,0.0,94630.0,0.0
2023-04-24 01:00:00+05:30,21.5,77,1.44,1.0,0.0,0.0,0.0,0.0,94550.0,0.0
2023-04-24 02:00:00+05:30,20.9,76,1.72,0.95,0.0,0.0,0.0,0.0,94500.0,0.0
2023-04-24 03:00:00+05:30,19.9,79,1.6,0.82,0.0,0.0,0.0,0.0,94490.0,0.0
2023-04-24 04:00:00+05:30,19.4,80,1.79,0.78,0.0,0.0,0.0,0.0,94510.0,0.0
2023-04-24 05:00:00+05:30,20.4,83,1.14,0.8,0.0,0.0,0.0,0.0,94580.0,0.0
2023-04-24 06:00:00+05:30,21.2,79,2.02,0.84,2.0,0.0,2.0,0.0,94640.0,0.0
2023-04-24 07:00:00+05:30,23.4,66,1.68,0.29,105.0,45.0,60.0,252.9,94720.0,0.0
2023-04-24 08:00:00+05:30,27.4,43,0.5,0.05,328.0,219.0,109.0,532.5,94850.0,0.0
2023-04-24 09:00:00+05:30,30.9,26,1.36,0.1,564.0,429.0,135.0,690.4,94930.0,0.0
2023-04-24 10:00:00+05:30,33.3,18,2.22,0.48,765.0,612.0,153.0,770.8,94920.0,0.0
2023-04-24 11:00:00+05:30,34.8,16,1.62,0.27,903.0,713.0,190.0,777.4,94860.0,0.0
2023-04-24 12:00:00+05:30,35.8,15,0.64,0.25,995.0,819.0,176.0,833.5,94810.0,0.0
2023-04-24 13:00:00+05:30,36.8,14,1.7,0.31,982.0,799.0,183.0,810.4,94710.0,0.0
2023-04-24 14:00:00+05:30,37.2,13,3.22,0.27,848.0,660.0,188.0,712.0,94560.0,0.0
2023-04-24 15:00:00+05:30,36.0,13,5.44,0.09,716.0,511.0,205.0,631.2,94480.0,0.0
2023-04-24 16:00:00+05:30,35.8,14,3.62,0.06,528.0,365.0,163.0,568.7,94430.0,0.0
2023-04-24 17:00:00+05:30,35.8,12,0.95,0.68,281.0,139.0,142.0,319.4,94470.0,0.0
2023-04-24 18:00:00+05:30,30.3,42,5.05,0.28,102.0,34.0,68.0,166.8,94520.0,0.0
2023-04-24 19:00:00+05:30,28.1,54,4.02,0.08,6.0,1.0,5.0,15.1,94600.0,0.0
2023-04-24 20:00:00+05:30,26.8,58,3.67,0.02,0.0,0.0,0.0,0.0,94620.0,0.0
2023-04-24 21:00:00+05:30,25.6,60,1.9,0.16,0.0,0.0,0.0,0.0,94670.0,0.0
2023-04-24 22:00:00+05:30,24.5,63,1.51,0.57,0.0,0.0,0.0,0.0,94690.0,0.0
2023-04-24 23:00:00+05:30,23.2,68,1.1,0.93,0.0,0.0,0.0,0.0,94680.0,0.0
2023-04-25 00:00:00+05:30,23.6,63,1.36,0.96,0.0,0.0,0.0,0.0,94620.0,0.0
2023-04-25 01:00:00+05:30,22.6,65,1.43,1.0,0.0,0.0,0.0,0.0,94570.0,0.0
2023-04-25 02:00:00+05:30,22.6,62,0.91,1.0,0.0,0.0,0.0,0.0,94550.0,0.0
2023-04-25 03:00:00+05:30,21.6,64,0.58,0.7,0.0,0.0,0.0,0.0,94520.0,0.0
2023-04-25 04:00:00+05:30,21.0,62,0.92,0.41,0.0,0.0,0.0,0.0,94510.0,0.0
2023-04-25 05:00:00+05:30,21.3,70,1.7,0.05,0.0,0.0,0.0,0.0,94620.0,0.0
2023-04-25 06:00:00+05:30,21.3,74,1.36,0.18,3.0,0.0,3.0,0.0,94650.0,0.0
2023-04-25 07:00:00+05:30,23.8,68,0.6,0.21,106.0,48.0,58.0,266.2,94760.0,0.0
2023-04-25 08:00:00+05:30,27.2,57,0.5,0.07,325.0,214.0,111.0,517.8,94850.0,0.0
2023-04-25 09:00:00+05:30,31.5,33,1.14,0.24,559.0,423.0,136.0,678.9,94910.0,0.0
2023-04-25 10:00:00+05:30,34.3,19,1.49,0.2,758.0,601.0,157.0,755.8,94900.0,0.0
2023-04-25 11:00:00+05:30,36.0,16,0.41,0.26,906.0,737.0,169.0,802.7,94840.0,0.0
2023-04-25 12:00:00+05:30,36.7,15,2.19,0.07,952.0,765.0,187.0,778.0,94790.0,0.0
2023-04-25 13:00:00+05:30,36.5,16,4.25,0.14,954.0,764.0,190.0,774.5,94700.0,0.0
2023-04-25 14:00:00+05:30,36.2,16,3.09,0.21,864.0,675.0,189.0,727.9,94610.0,0.0
2023-04-25 15:00:00+05:30,37.1,15,2.42,0.89,705.0,533.0,172.0,658.1,94510.0,0.0
2023-04-25 16:00:00+05:30,32.8,31,6.2,0.21,287.0,114.0,173.0,177.5,94470.0,0.0
2023-04-25 17:00:00+05:30,30.9,43,7.41,0.33,318.0,205.0,113.0,470.4,94500.0,0.0
2023-04-25 18:00:00+05:30,29.0,54,5.59,0.1,108.0,49.0,59.0,239.4,94540.0,0.0
2023-04-25 19:00:00+05:30,26.9,69,3.93,0.25,5.0,1.0,4.0,15.0,94620.0,0.0
2023-04-25 20:00:00+05:30,25.7,78,3.67,0.34,0.0,0.0,0.0,0.0,94700.0,0.0
2023-04-25 21:00:00+05:30,24.7,82,3.42,0.41,0.0,0.0,0.0,0.0,94750.0,0.0
2023-04-25 22:00:00+05:30,24.0,85,1.9,0.32,0.0,0.0,0.0,0.0,94780.0,0.0
2023-04-25 23:00:00+05:30,23.1,88,1.99,0.34,0.0,0.0,0.0,0.0,94760.0,0.0
2023-04-26 00:00:00+05:30,22.5,93,1.84,0.32,0.0,0.0,0.0,0.0,94680.0,0.0
2023-04-26 01:00:00+05:30,21.7,97,1.13,0.22,0.0,0.0,0.0,0.0,94660.0,0.0
2023-04-26 02:00:00+05:30,21.1,99,1.49,0.06,0.0,0.0,0.0,0.0,94580.0,0.0
2023-04-26 03:00:00+05:30,20.7,100,1.84,0.75,0.0,0.0,0.0,0.0,94550.0,0.0
2023-04-26 04:00:00+05:30,19.8,100,1.39,1.0,0.0,0.0,0.0,0.0,94570.0,0.0
2023-04-26 05:00:00+05:30,21.4,99,1.92,1.0,0.0,0.0,0.0,0.0,94710.0,0.0
2023-04-26 06:00:00+05:30,22.1,95,2.48,0.2,2.0,0.0,2.0,0.0,94780.0,0.0
2023-04-26 07:00:00+05:30,23.8,82,2.34,0.76,100.0,43.0,57.0,235.5,94850.0,0.0
2023-04-26 08:00:00+05:30,26.3,66,1.98,0.85,302.0,180.0,122.0,433.5,94910.0,0.0
2023-04-26 09:00:00+05:30,29.4,45,1.57,0.97,516.0,330.0,186.0,528.3,94960.0,0.0
2023-04-26 10:00:00+05:30,31.8,32,1.96,0.96,665.0,412.0,253.0,517.3,94950.0,0.0
2023-04-26 11:00:00+05:30,33.6,24,2.34,0.98,842.0,610.0,232.0,663.8,94900.0,0.0
2023-04-26 12:00:00+05:30,33.3,24,3.11,0.94,632.0,303.0,329.0,307.9,94850.0,0.0
2023-04-26 13:00:00+05:30,33.0,26,3.47,0.53,585.0,315.0,270.0,319.2,94770.0,0.0
2023-04-26 14:00:00+05:30,33.8,26,2.97,0.53,733.0,515.0,218.0,555.2,94660.0,0.0
2023-04-26 15:00:00+05:30,33.7,25,3.76,0.95,647.0,463.0,184.0,571.4,94560.0,0.0
2023-04-26 16:00:00+05:30,32.8,27,4.16,0.45,493.0,292.0,201.0,454.3,94530.0,0.0
2023-04-26 17:00:00+05:30,32.2,28,3.98,0.09,282.0,170.0,112.0,389.5,94490.0,0.0
2023-04-26 18:00:00+05:30,30.5,34,4.22,0.59,115.0,56.0,59.0,272.4,94520.0,0.0
2023-04-26 19:00:00+05:30,26.8,62,5.46,0.91,6.0,1.0,5.0,14.9,94620.0,0.0
2023-04-26 20:00:00+05:30,25.0,71,4.47,0.9,0.0,0.0,0.0,0.0,94680.0,0.0
2023-04-26 21:00:00+05:30,24.0,78,3.52,0.97,0.0,0.0,0.0,0.0,94750.0,0.0
2023-04-26 22:00:00+05:30,23.5,83,3.2,0.92,0.0,0.0,0.0,0.0,94770.0,0.0
2023-04-26 23:00:00+05:30,23.0,86,3.1,0.94,0.0,0.0,0.0,0.0,94750.0,0.0
2023-04-27 00:00:00+05:30,22.5,88,2.1,0.77,0.0,0.0,0.0,0.0,94710.0,0.0
2023-04-27 01:00:00+05:30,21.8,93,0.81,0.51,0.0,0.0,0.0,0.0,94630.0,0.0
2023-04-27 02:00:00+05:30,21.7,93,0.89,0.39,0.0,0.0,0.0,0.0,94610.0,0.0
2023-04-27 03:00:00+05:30,21.6,91,0.92,0.36,0.0,0.0,0.0,0.0,94620.0,0.0
2023-04-27 04:00:00+05:30,21.2,93,0.82,0.35,0.0,0.0,0.0,0.0,94620.0,0.0
2023-04-27 05:00:00+05:30,21.2,99,0.32,0.29,0.0,0.0,0.0,0.0,94700.0,0.0
2023-04-27 06:00:00+05:30,21.5,96,0.82,1.0,2.0,0.0,2.0,0.0,94770.0,0.0
2023-04-27 07:00:00+05:30,22.9,86,0.2,0.41,88.0,29.0,59.0,156.9,94850.0,0.0
2023-04-27 08:00:00+05:30,25.1,71,0.45,0.25,271.0,153.0,118.0,366.8,94950.0,0.0
2023-04-27 09:00:00+05:30,28.0,53,0.5,0.35,480.0,322.0,158.0,514.3,94980.0,0.0
2023-04-27 10:00:00+05:30,30.4,41,0.1,0.25,591.0,388.0,203.0,486.5,94970.0,0.0
2023-04-27 11:00:00+05:30,32.8,31,1.58,0.34,825.0,623.0,202.0,677.3,94920.0,0.0
2023-04-27 12:00:00+05:30,33.2,32,2.55,0.43,768.0,524.0,244.0,532.2,94890.0,0.0
2023-04-27 13:00:00+05:30,33.7,31,3.14,0.41,778.0,528.0,250.0,534.8,94790.0,0.0
2023-04-27 14:00:00+05:30,34.0,32,2.62,0.82,715.0,491.0,224.0,529.1,94700.0,0.0
2023-04-27 15:00:00+05:30,34.0,31,3.72,0.49,556.0,280.0,276.0,345.4,94600.0,0.0
2023-04-27 16:00:00+05:30,32.8,31,5.22,0.2,480.0,323.0,157.0,502.2,94540.0,0.0
2023-04-27 17:00:00+05:30,32.9,29,2.11,0.15,305.0,190.0,115.0,434.6,94520.0,0.0
2023-04-27 18:00:00+05:30,31.0,34,3.67,0.06,124.0,61.0,63.0,295.4,94520.0,0.0
2023-04-27 19:00:00+05:30,27.9,55,4.2,0.02,6.0,1.0,5.0,14.8,94610.0,0.0
2023-04-27 20:00:00+05:30,26.3,68,2.94,0.0,0.0,0.0,0.0,0.0,94700.0,0.0
2023-04-27 21:00:00+05:30,25.2,74,1.14,0.0,0.0,0.0,0.0,0.0,94760.0,0.0
2023-04-27 22:00:00+05:30,24.2,79,0.89,0.0,0.0,0.0,0.0,0.0,94820.0,0.0
2023-04-27 23:00:00+05:30,24.0,81,1.65,0.0,0.0,0.0,0.0,0.0,94810.0,0.0
2023-04-28 00:00:00+05:30,23.1,86,1.28,0.23,0.0,0.0,0.0,0.0,94790.0,0.0
2023-04-28 01:00:00+05:30,23.1,85,1.08,0.5,0.0,0.0,0.0,0.0,94750.0,0.1
2023-04-28 02:00:00+05:30,23.0,86,1.7,0.22,0.0,0.0,0.0,0.0,94700.0,0.0
2023-04-28 03:00:00+05:30,22.4,90,0.76,0.29,0.0,0.0,0.0,0.0,94670.0,0.0
2023-04-28 04:00:00+05:30,22.2,91,0.7,0.22,0.0,0.0,0.0,0.0,94690.0,0.0
2023-04-28 05:00:00+05:30,22.6,84,0.36,0.16,0.0,0.0,0.0,0.0,94730.0,0.0
2023-04-28 06:00:00+05:30,22.5,85,1.22,0.46,3.0,0.0,3.0,0.0,94760.0,0.0
2023-04-28 07:00:00+05:30,24.8,75,0.22,0.64,92.0,35.0,57.0,187.3,94950.0,0.0
2023-04-28 08:00:00+05:30,26.4,67,1.12,0.44,229.0,120.0,109.0,286.5,95070.0,0.5
2023-04-28 09:00:00+05:30,29.0,51,1.41,0.02,487.0,332.0,155.0,529.1,95090.0,0.0
2023-04-28 10:00:00+05:30,31.5,40,1.35,0.21,728.0,567.0,161.0,710.0,95050.0,0.0
2023-04-28 11:00:00+05:30,33.1,35,1.9,0.35,798.0,583.0,215.0,633.3,95000.0,0.0
2023-04-28 12:00:00+05:30,34.0,33,3.02,0.51,862.0,632.0,230.0,641.6,94940.0,0.0
2023-04-28 13:00:00+05:30,34.0,32,3.42,0.43,868.0,603.0,265.0,610.5,94860.0,0.0
2023-04-28 14:00:00+05:30,33.7,34,3.98,0.49,762.0,554.0,208.0,596.8,94730.0,0.0
2023-04-28 15:00:00+05:30,30.2,46,4.37,0.31,654.0,445.0,209.0,548.7,94680.0,0.3
2023-04-28 16:00:00+05:30,30.6,46,4.05,0.42,508.0,350.0,158.0,543.8,94610.0,0.3
2023-04-28 17:00:00+05:30,30.4,43,4.37,0.24,277.0,163.0,114.0,372.3,94600.0,0.6
2023-04-28 18:00:00+05:30,28.8,50,3.91,0.01,116.0,56.0,60.0,269.9,94640.0,0.0
2023-04-28 19:00:00+05:30,27.1,59,3.16,0.0,6.0,1.0,5.0,14.7,94690.0,0.0
2023-04-28 20:00:00+05:30,25.8,67,2.8,0.0,0.0,0.0,0.0,0.0,94770.0,0.0
2023-04-28 21:00:00+05:30,24.6,72,2.06,0.0,0.0,0.0,0.0,0.0,94860.0,0.0
2023-04-28 22:00:00+05:30,23.5,77,0.91,0.0,0.0,0.0,0.0,0.0,94900.0,0.0
2023-04-28 23:00:00+05:30,23.0,80,1.22,0.0,0.0,0.0,0.0,0.0,94900.0,0.0
2023-04-29 00:00:00+05:30,22.3,84,1.17,0.0,0.0,0.0,0.0,0.0,94810.0,0.0
2023-04-29 01:00:00+05:30,21.5,90,1.3,0.0,0.0,0.0,0.0,0.0,94720.0,0.0
2023-04-29 02:00:00+05:30,21.0,93,0.98,0.0,0.0,0.0,0.0,0.0,94660.0,0.0
2023-04-29 03:00:00+05:30,20.8,93,1.14,0.0,0.0,0.0,0.0,0.0,94620.0,0.0
2023-04-29 04:00:00+05:30,20.5,94,0.82,0.0,0.0,0.0,0.0,0.0,94620.0,0.0
2023-04-29 05:00:00+05:30,21.0,93,1.04,0.0,0.0,0.0,0.0,0.0,94670.0,0.0
2023-04-29 06:00:00+05:30,21.3,92,2.06,0.3,4.0,0.0,4.0,0.0,94750.0,0.0
2023-04-29 07:00:00+05:30,23.4,78,1.36,0.14,95.0,39.0,56.0,206.4,94840.0,0.0
2023-04-29 08:00:00+05:30,26.5,49,1.81,0.58,311.0,196.0,115.0,466.1,94960.0,0.0
2023-04-29 09:00:00+05:30,28.8,36,2.0,0.23,542.0,394.0,148.0,626.5,95000.0,0.0
2023-04-29 10:00:00+05:30,30.6,33,2.53,0.03,747.0,588.0,159.0,735.3,95010.0,0.0
2023-04-29 11:00:00+05:30,31.7,32,2.75,0.0,890.0,721.0,169.0,782.6,94920.0,0.0
2023-04-29 12:00:00+05:30,32.8,31,3.07,0.13,961.0,785.0,176.0,796.5,94870.0,0.0
2023-04-29 13:00:00+05:30,33.8,30,4.08,0.27,853.0,652.0,201.0,659.9,94770.0,0.0
2023-04-29 14:00:00+05:30,30.9,40,5.4,0.43,751.0,548.0,203.0,590.1,94670.0,0.4
2023-04-29 15:00:00+05:30,30.6,44,3.93,0.12,601.0,382.0,219.0,470.8,94580.0,0.0
2023-04-29 16:00:00+05:30,31.0,44,3.55,0.11,529.0,380.0,149.0,589.9,94530.0,0.0
2023-04-29 17:00:00+05:30,31.6,35,3.93,0.06,326.0,215.0,111.0,490.3,94460.0,0.0
2023-04-29 18:00:00+05:30,30.0,39,4.3,0.09,120.0,58.0,62.0,278.3,94520.0,0.0
2023-04-29 19:00:00+05:30,27.7,46,3.98,0.03,6.0,1.0,5.0,14.6,94600.0,0.0
2023-04-29 20:00:00+05:30,26.0,54,3.3,0.04,0.0,0.0,0.0,0.0,94670.0,0.0
2023-04-29 21:00:00+05:30,24.8,61,2.36,0.41,0.0,0.0,0.0,0.0,94770.0,0.0
2023-04-29 22:00:00+05:30,24.0,69,2.12,0.39,0.0,0.0,0.0,0.0,94800.0,0.0
2023-04-29 23:00:00+05:30,23.5,74,1.79,0.19,0.0,0.0,0.0,0.0,94750.0,0.0
2023-04-30 00:00:00+05:30,22.7,78,1.17,0.03,0.0,0.0,0.0,0.0,94680.0,0.0
2023-04-30 01:00:00+05:30,21.9,84,0.92,0.05,0.0,0.0,0.0,0.0,94610.0,0.0
2023-04-30 02:00:00+05:30,21.5,85,1.0,0.35,0.0,0.0,0.0,0.0,94560.0,0.0
2023-04-30 03:00:00+05:30,21.3,86,1.68,0.31,0.0,0.0,0.0,0.0,94530.0,0.0
2023-04-30 04:00:00+05:30,21.0,87,1.65,0.22,0.0,0.0,0.0,0.0,94500.0,0.0
2023-04-30 05:00:00+05:30,19.6,96,1.58,0.09,0.0,0.0,0.0,0.0,94510.0,0.0
2023-04-30 06:00:00+05:30,20.0,92,0.92,0.56,4.0,0.0,4.0,0.0,94560.0,0.0
2023-04-30 07:00:00+05:30,22.5,77,0.61,0.69,117.0,57.0,60.0,298.5,94700.0,0.0
2023-04-30 08:00:00+05:30,26.2,51,0.94,0.35,325.0,208.0,117.0,492.6,94810.0,0.0
2023-04-30 09:00:00+05:30,28.9,33,1.33,0.09,565.0,428.0,137.0,679.2,94850.0,0.0
2023-04-30 10:00:00+05:30,30.9,26,1.63,0.01,754.0,592.0,162.0,739.4,94820.0,0.0
2023-04-30 11:00:00+05:30,32.4,24,2.47,0.01,909.0,744.0,165.0,806.9,94740.0,0.0
2023-04-30 12:00:00+05:30,33.3,25,3.18,0.1,985.0,814.0,171.0,825.5,94640.0,0.0
2023-04-30 13:00:00+05:30,33.9,25,4.44,0.14,928.0,745.0,183.0,753.7,94540.0,0.0
2023-04-30 14:00:00+05:30,33.2,26,5.32,0.39,798.0,609.0,189.0,655.6,94440.0,0.0
2023-04-30 15:00:00+05:30,31.8,32,6.48,0.42,681.0,507.0,174.0,624.7,94400.0,0.0
2023-04-30 16:00:00+05:30,29.5,46,5.74,0.14,465.0,315.0,150.0,488.7,94360.0,0.0
2023-04-30 17:00:00+05:30,29.5,41,5.11,0.02,321.0,210.0,111.0,478.2,94360.0,0.0
2023-04-30 18:00:00+05:30,27.8,48,4.65,0.0,129.0,65.0,64.0,310.4,94410.0,0.0
2023-04-30 19:00:00+05:30,26.0,56,3.99,0.0,7.0,1.0,6.0,14.5,94500.0,0.0
2023-04-30 20:00:00+05:30,24.6,64,3.04,0.0,0.0,0.0,0.0,0.0,94570.0,0.0
2023-04-30 21:00:00+05:30,23.5,73,2.43,0.0,0.0,0.0,0.0,0.0,94620.0,0.0
2023-04-30 22:00:00+05:30,22.5,81,1.81,0.0,0.0,0.0,0.0,0.0,94660.0,0.0
2023-04-30 23:00:00+05:30,21.6,88,1.82,0.0,0.0,0.0,0.0,0.0,94620.0,0.0
2023-05-01 00:00:00+05:30,21.1,92,1.6,0.0,0.0,0.0,0.0,0.0,94550.0,0.0
2023-05-01 01:00:00+05:30,20.6,95,1.81,0.0,0.0,0.0,0.0,0.0,94490.0,0.0
2023-05-01 02:00:00+05:30,20.2,96,1.8,0.02,0.0,0.0,0.0,0.0,94450.0,0.0
2023-05-01 03:00:00+05:30,20.0,97,1.6,0.02,0.0,0.0,0.0,0.0,94420.0,0.0
2023-05-01 04:00:00+05:30,19.6,97,1.22,0.01,0.0,0.0,0.0,0.0,94420.0,0.0
2023-05-01 05:00:00+05:30,19.7,98,1.3,0.0,0.0,0.0,0.0,0.0,94480.0,0.0
2023-05-01 06:00:00+05:30,20.1,96,1.39,0.03,4.0,0.0,4.0,0.0,94570.0,0.0
2023-05-01 07:00:00+05:30,22.5,81,1.25,0.0,120.0,58.0,62.0,300.6,94680.0,0.0
2023-05-01 08:00:00+05:30,25.5,53,1.21,0.05,343.0,235.0,108.0,554.5,94750.0,0.0
2023-05-01 09:00:00+05:30,28.4,32,1.6,0.26,576.0,442.0,134.0,700.0,94810.0,0.0
2023-05-01 10:00:00+05:30,30.0,26,2.31,0.27,713.0,531.0,182.0,662.5,94800.0,0.0
2023-05-01 11:00:00+05:30,31.4,24,2.71,0.07,883.0,675.0,208.0,731.6,94750.0,0.0
2023-05-01 12:00:00+05:30,32.3,24,3.1,0.03,981.0,805.0,176.0,816.0,94700.0,0.0
2023-05-01 13:00:00+05:30,33.0,23,3.9,0.01,972.0,802.0,170.0,811.2,94600.0,0.0
2023-05-01 14:00:00+05:30,33.2,23,4.6,0.01,907.0,741.0,166.0,797.5,94500.0,0.0
2023-05-01 15:00:00+05:30,32.8,26,4.91,0.01,767.0,609.0,158.0,750.0,94420.0,0.0
2023-05-01 16:00:00+05:30,31.7,29,5.22,0.04,575.0,438.0,137.0,679.0,94390.0,0.0
2023-05-01 17:00:00+05:30,30.1,34,5.2,0.02,351.0,240.0,111.0,545.6,94410.0,0.0
2023-05-01 18:00:00+05:30,27.8,44,5.26,0.0,126.0,60.0,66.0,285.2,94440.0,0.0
2023-05-01 19:00:00+05:30,26.2,49,3.67,0.15,7.0,1.0,6.0,14.4,94520.0,0.0
2023-05-01 20:00:00+05:30,25.1,54,3.23,0.09,0.0,0.0,0.0,0.0,94600.0,0.0
2023-05-01 21:00:00+05:30,24.0,61,2.57,0.32,0.0,0.0,0.0,0.0,94660.0,0.0
2023-05-01 22:00:00+05:30,23.0,68,2.3,0.35,0.0,0.0,0.0,0.0,94730.0,0.0
2023-05-01 23:00:00+05:30,22.4,72,2.31,0.22,0.0,0.0,0.0,0.0,94750.0,0.0
2023-05-02 00:00:00+05:30,21.6,78,1.82,0.22,0.0,0.0,0.0,0.0,94690.0,0.0
2023-05-02 01:00:00+05:30,21.0,82,1.12,0.25,0.0,0.0,0.0,0.0,94620.0,0.0
2023-05-02 02:00:00+05:30,20.4,86,1.21,0.28,0.0,0.0,0.0,0.0,94540.0,0.0
2023-05-02 03:00:00+05:30,20.1,88,1.26,0.13,0.0,0.0,0.0,0.0,94500.0,0.0
2023-05-02 04:00:00+05:30,20.6,85,0.41,0.17,0.0,0.0,0.0,0.0,94510.0,0.0
2023-05-02 05:00:00+05:30,20.6,83,1.34,0.45,0.0,0.0,0.0,0.0,94540.0,0.0
2023-05-02 06:00:00+05:30,21.2,80,0.45,0.59,4.0,0.0,4.0,0.0,94590.0,0.0
2023-05-02 07:00:00+05:30,22.8,73,0.42,0.68,87.0,34.0,53.0,174.5,94730.0,0.0
2023-05-02 08:00:00+05:30,25.0,65,0.5,0.82,306.0,183.0,123.0,430.2,94850.0,0.0
2023-05-02 09:00:00+05:30,27.2,55,0.14,0.85,518.0,354.0,164.0,559.6,94900.0,0.0
2023-05-02 10:00:00+05:30,28.8,49,0.64,0.62,649.0,450.0,199.0,560.8,94900.0,0.0
2023-05-02 11:00:00+05:30,30.5,42,1.57,0.83,813.0,634.0,179.0,686.7,94830.0,0.0
2023-05-02 12:00:00+05:30,31.4,39,2.19,0.87,850.0,634.0,216.0,642.4,94750.0,0.0
2023-05-02 13:00:00+05:30,32.2,36,2.33,0.56,807.0,586.0,221.0,592.5,94640.0,0.0
2023-05-02 14:00:00+05:30,31.5,37,4.0,0.9,669.0,426.0,243.0,458.4,94560.0,0.0
2023-05-02 15:00:00+05:30,29.1,47,3.52,0.5,528.0,324.0,204.0,398.9,94520.0,0.7
2023-05-02 16:00:00+05:30,30.4,42,2.55,0.26,487.0,325.0,162.0,503.5,94470.0,0.0
2023-05-02 17:00:00+05:30,29.6,42,3.03,0.24,326.0,210.0,116.0,476.7,94450.0,0.0
2023-05-02 18:00:00+05:30,28.6,43,3.31,0.33,105.0,45.0,60.0,212.9,94510.0,0.0
2023-05-02 19:00:00+05:30,27.0,50,3.42,0.06,6.0,1.0,5.0,14.3,94560.0,0.0
2023-05-02 20:00:00+05:30,25.6,59,3.4,0.03,0.0,0.0,0.0,0.0,94640.0,0.0
2023-05-02 21:00:00+05:30,24.5,67,2.67,0.02,0.0,0.0,0.0,0.0,94740.0,0.0
2023-05-02 22:00:00+05:30,23.5,73,2.26,0.02,0.0,0.0,0.0,0.0,94830.0,0.0
2023-05-02 23:00:00+05:30,22.7,78,1.77,0.18,0.0,0.0,0.0,0.0,94840.0,0.0
2023-05-03 00:00:00+05:30,22.2,83,2.77,0.22,0.0,0.0,0.0,0.0,94770.0,0.0
2023-05-03 01:00:00+05:30,21.6,89,1.94,0.01,0.0,0.0,0.0,0.0,94730.0,0.0
2023-05-03 02:00:00+05:30,21.0,93,1.63,0.04,0.0,0.0,0.0,0.0,94660.0,0.0
2023-05-03 03:00:00+05:30,20.6,96,1.2,0.17,0.0,0.0,0.0,0.0,94660.0,0.0
2023-05-03 04:00:00+05:30,20.2,97,1.58,0.21,0.0,0.0,0.0,0.0,94700.0,0.0
2023-05-03 05:00:00+05:30,20.2,97,1.6,0.2,0.0,0.0,0.0,0.0,94760.0,0.0
2023-05-03 06:00:00+05:30,20.8,95,0.63,0.02,5.0,1.0,4.0,16.0,94840.0,0.0
2023-05-03 07:00:00+05:30,22.6,83,1.08,0.0,119.0,56.0,63.0,284.7,94910.0,0.0
2023-05-03 08:00:00+05:30,25.0,66,0.99,0.01,335.0,223.0,112.0,522.4,95000.0,0.0
2023-05-03 09:00:00+05:30,27.5,52,1.22,0.0,563.0,424.0,139.0,669.0,95060.0,0.0
2023-05-03 10:00:00+05:30,29.6,42,1.94,0.21,760.0,604.0,156.0,752.0,95030.0,0.0
2023-05-03 11:00:00+05:30,31.0,35,2.52,0.33,811.0,623.0,188.0,674.4,94980.0,0.0
2023-05-03 12:00:00+05:30,31.7,31,2.91,0.62,816.0,601.0,215.0,608.8,94940.0,0.0
2023-05-03 13:00:00+05:30,31.4,31,3.01,0.9,664.0,412.0,252.0,416.5,94850.0,0.0
2023-05-03 14:00:00+05:30,31.2,30,2.66,1.0,419.0,233.0,186.0,250.6,94740.0,0.0
2023-05-03 15:00:00+05:30,30.9,35,2.77,0.61,361.0,156.0,205.0,192.0,94610.0,0.0
2023-05-03 16:00:00+05:30,30.4,39,3.13,0.34,393.0,229.0,164.0,354.5,94560.0,0.3
2023-05-03 17:00:00+05:30,28.7,45,1.84,0.31,293.0,170.0,123.0,385.3,94590.0,0.0
2023-05-03 18:00:00+05:30,28.4,44,3.31,0.64,101.0,43.0,58.0,202.5,94610.0,0.0
2023-05-03 19:00:00+05:30,27.2,48,3.74,0.12,6.0,1.0,5.0,14.1,94630.0,0.0
2023-05-03 20:00:00+05:30,25.3,62,3.13,0.05,0.0,0.0,0.0,0.0,94740.0,0.0
2023-05-03 21:00:00+05:30,23.9,73,2.44,0.02,0.0,0.0,0.0,0.0,94810.0,0.0
2023-05-03 22:00:00+05:30,23.0,80,2.06,0.01,0.0,0.0,0.0,0.0,94850.0,0.0
2023-05-03 23:00:00+05:30,22.0,87,1.82,0.0,0.0,0.0,0.0,0.0,94820.0,0.0
2023-05-04 00:00:00+05:30,21.1,93,1.24,0.52,0.0,0.0,0.0,0.0,94740.0,0.0
2023-05-04 01:00:00+05:30,20.5,96,1.12,0.36,0.0,0.0,0.0,0.0,94670.0,0.0
2023-05-04 02:00:00+05:30,19.9,98,1.14,0.07,0.0,0.0,0.0,0.0,94610.0,0.0
2023-05-04 03:00:00+05:30,19.5,99,1.35,0.11,0.0,0.0,0.0,0.0,94570.0,0.0
2023-05-04 04:00:00+05:30,19.2,99,1.06,0.1,0.0,0.0,0.0,0.0,94580.0,0.0
2023-05-04 05:00:00+05:30,20.1,99,0.71,0.0,0.0,0.0,0.0,0.0,94710.0,0.0
2023-05-04 06:00:00+05:30,20.5,96,1.06,0.32,5.0,0.0,5.0,0.0,94770.0,0.0
2023-05-04 07:00:00+05:30,22.2,87,0.76,0.25,110.0,44.0,66.0,221.7,94870.0,0.0
2023-05-04 08:00:00+05:30,24.9,71,1.12,0.02,323.0,198.0,125.0,462.3,94940.0,0.0
2023-05-04 09:00:00+05:30,28.0,50,1.22,0.6,562.0,422.0,140.0,664.7,94990.0,0.0
2023-05-04 10:00:00+05:30,30.3,38,0.4,0.22,760.0,606.0,154.0,753.7,94970.0,0.0
2023-05-04 11:00:00+05:30,31.6,33,0.82,0.32,819.0,625.0,194.0,676.2,94900.0,0.0
2023-05-04 12:00:00+05:30,32.6,29,1.39,0.44,816.0,605.0,211.0,612.6,94850.0,0.0
2023-05-04 13:00:00+05:30,33.2,27,2.3,0.28,795.0,539.0,256.0,544.8,94760.0,0.0
2023-05-04 14:00:00+05:30,33.2,26,3.31,0.29,757.0,542.0,215.0,582.9,94650.0,0.0
2023-05-04 15:00:00+05:30,32.8,27,3.35,0.36,616.0,431.0,185.0,530.2,94550.0,0.0
2023-05-04 16:00:00+05:30,32.2,27,4.12,0.47,465.0,313.0,152.0,484.2,94500.0,0.0
2023-05-04 17:00:00+05:30,29.5,39,4.16,0.62,270.0,167.0,103.0,377.8,94510.0,0.0
2023-05-04 18:00:00+05:30,27.7,46,3.93,0.96,112.0,48.0,64.0,224.9,94550.0,0.0
2023-05-04 19:00:00+05:30,26.6,50,2.47,0.77,7.0,1.0,6.0,14.0,94610.0,0.0
2023-05-04 20:00:00+05:30,25.9,55,2.38,1.0,0.0,0.0,0.0,0.0,94680.0,0.0
2023-05-04 21:00:00+05:30,24.7,65,2.19,1.0,0.0,0.0,0.0,0.0,94760.0,0.0
2023-05-04 22:00:00+05:30,23.5,75,2.55,1.0,0.0,0.0,0.0,0.0,94790.0,0.0
2023-05-04 23:00:00+05:30,22.8,81,2.01,0.95,0.0,0.0,0.0,0.0,94780.0,0.0
2023-05-05 00:00:00+05:30,22.4,84,1.21,0.82,0.0,0.0,0.0,0.0,94760.0,0.0
2023-05-05 01:00:00+05:30,21.7,88,1.03,0.44,0.0,0.0,0.0,0.0,94690.0,0.0
2023-05-05 02:00:00+05:30,21.4,89,1.04,0.05,0.0,0.0,0.0,0.0,94630.0,0.0
2023-05-05 03:00:00+05:30,20.6,93,0.9,0.77,0.0,0.0,0.0,0.0,94580.0,0.0
2023-05-05 04:00:00+05:30,20.1,96,1.04,0.81,0.0,0.0,0.0,0.0,94550.0,0.0
2023-05-05 05:00:00+05:30,20.4,96,1.17,0.18,0.0,0.0,0.0,0.0,94590.0,0.0
2023-05-05 06:00:00+05:30,22.0,87,1.04,0.22,3.0,0.0,3.0,0.0,94670.0,0.0
2023-05-05 07:00:00+05:30,23.6,76,1.04,0.0,113.0,48.0,65.0,239.7,94760.0,0.0
2023-05-05 08:00:00+05:30,26.5,62,0.42,0.0,336.0,225.0,111.0,523.6,94830.0,0.0
2023-05-05 09:00:00+05:30,29.1,49,0.82,0.21,561.0,424.0,137.0,666.8,94900.0,0.0
2023-05-05 10:00:00+05:30,30.6,41,0.85,0.15,657.0,495.0,162.0,615.1,94870.0,0.0
2023-05-05 11:00:00+05:30,32.5,34,0.76,0.23,838.0,654.0,184.0,707.2,94800.0,0.0
2023-05-05 12:00:00+05:30,33.8,29,1.63,0.17,880.0,662.0,218.0,670.1,94740.0,0.0
2023-05-05 13:00:00+05:30,34.4,26,2.33,0.22,888.0,704.0,184.0,711.4,94650.0,0.0
2023-05-05 14:00:00+05:30,34.5,25,3.02,0.73,793.0,613.0,180.0,659.1,94540.0,0.0
2023-05-05 15:00:00+05:30,33.8,26,3.31,0.69,521.0,325.0,196.0,399.7,94470.0,0.0
2023-05-05 16:00:00+05:30,33.5,27,3.85,0.56,440.0,274.0,166.0,423.5,94410.0,0.0
2023-05-05 17:00:00+05:30,30.5,40,6.04,0.43,295.0,174.0,121.0,393.0,94430.0,0.0
2023-05-05 18:00:00+05:30,28.8,47,4.73,0.13,88.0,27.0,61.0,125.9,94500.0,0.0
2023-05-05 19:00:00+05:30,27.2,57,3.2,0.09,8.0,1.0,7.0,13.9,94590.0,0.0
2023-05-05 20:00:00+05:30,26.1,66,3.92,0.67,0.0,0.0,0.0,0.0,94700.0,0.0
2023-05-05 21:00:00+05:30,25.0,75,3.67,0.3,0.0,0.0,0.0,0.0,94760.0,0.0
2023-05-05 22:00:00+05:30,24.3,79,2.93,0.03,0.0,0.0,0.0,0.0,94790.0,0.0
2023-05-05 23:00:00+05:30,23.5,83,2.43,0.11,0.0,0.0,0.0,0.0,94750.0,0.0
2023-05-06 00:00:00+05:30,22.9,86,1.3,0.18,0.0,0.0,0.0,0.0,94690.0,0.0
2023-05-06 01:00:00+05:30,22.4,88,1.0,0.02,0.0,0.0,0.0,0.0,94630.0,0.0
2023-05-06 02:00:00+05:30,21.7,91,1.14,0.02,0.0,0.0,0.0,0.0,94570.0,0.0
2023-05-06 03:00:00+05:30,21.0,95,1.14,0.24,0.0,0.0,0.0,0.0,94540.0,0.0
2023-05-06 04:00:00+05:30,20.6,97,0.85,0.5,0.0,0.0,0.0,0.0,94540.0,0.0
2023-05-06 05:00:00+05:30,21.4,95,1.61,0.45,0.0,0.0,0.0,0.0,94620.0,0.0
2023-05-06 06:00:00+05:30,22.1,91,1.65,0.46,5.0,1.0,4.0,15.3,94700.0,0.0
2023-05-06 07:00:00+05:30,23.9,80,1.48,0.31,115.0,52.0,63.0,257.5,94780.0,0.0
2023-05-06 08:00:00+05:30,26.5,66,1.77,0.57,335.0,223.0,112.0,517.4,94850.0,0.0
2023-05-06 09:00:00+05:30,29.2,52,0.92,0.95,558.0,419.0,139.0,657.9,94890.0,0.0
2023-05-06 10:00:00+05:30,31.1,44,0.5,0.45,698.0,531.0,167.0,659.3,94900.0,0.1
2023-05-06 11:00:00+05:30,32.6,39,1.14,0.31,779.0,574.0,205.0,620.4,94840.0,0.0
2023-05-06 12:00:00+05:30,33.8,35,1.48,0.46,879.0,650.0,229.0,657.8,94790.0,0.0
2023-05-06 13:00:00+05:30,34.0,34,1.88,0.34,791.0,556.0,235.0,561.7,94700.0,0.0
2023-05-06 14:00:00+05:30,34.4,32,2.12,0.34,790.0,580.0,210.0,623.5,94590.0,0.0
2023-05-06 15:00:00+05:30,34.0,32,1.68,0.41,656.0,474.0,182.0,582.7,94530.0,0.0
2023-05-06 16:00:00+05:30,31.8,41,3.58,0.75,443.0,300.0,143.0,463.4,94490.0,0.2
2023-05-06 17:00:00+05:30,28.4,57,4.19,0.51,200.0,106.0,94.0,239.1,94490.0,0.1
2023-05-06 18:00:00+05:30,29.0,55,3.18,0.63,69.0,24.0,45.0,111.4,94550.0,0.0
2023-05-06 19:00:00+05:30,27.7,60,3.31,0.31,7.0,1.0,6.0,13.8,94610.0,0.0
2023-05-06 20:00:00+05:30,26.5,65,2.86,0.93,0.0,0.0,0.0,0.0,94690.0,0.0
2023-05-06 21:00:00+05:30,25.3,71,2.7,0.88,0.0,0.0,0.0,0.0,94750.0,0.0
2023-05-06 22:00:00+05:30,24.8,74,2.0,0.57,0.0,0.0,0.0,0.0,94790.0,0.0
2023-05-06 23:00:00+05:30,24.4,76,1.55,0.76,0.0,0.0,0.0,0.0,94790.0,0.0
2023-05-07 00:00:00+05:30,24.1,78,2.06,0.18,0.0,0.0,0.0,0.0,94750.0,0.0
2023-05-07 01:00:00+05:30,23.5,81,1.44,0.24,0.0,0.0,0.0,0.0,94660.0,0.0
2023-05-07 02:00:00+05:30,23.2,81,1.73,0.22,0.0,0.0,0.0,0.0,94610.0,0.0
2023-05-07 03:00:00+05:30,23.1,81,0.98,0.52,0.0,0.0,0.0,0.0,94580.0,0.0
2023-05-07 04:00:00+05:30,23.0,80,2.02,0.47,0.0,0.0,0.0,0.0,94590.0,0.0
2023-05-07 05:00:00+05:30,23.4,77,2.41,0.38,0.0,0.0,0.0,0.0,94690.0,0.0
2023-05-07 06:00:00+05:30,22.4,87,3.47,0.83,4.0,0.0,4.0,0.0,94730.0,1.5
2023-05-07 07:00:00+05:30,23.0,87,2.58,0.63,74.0,18.0,56.0,88.4,94840.0,0.1
2023-05-07 08:00:00+05:30,24.7,75,2.41,0.58,213.0,90.0,123.0,208.2,94900.0,0.0
2023-05-07 09:00:00+05:30,26.6,63,2.55,0.74,378.0,195.0,183.0,305.7,94920.0,0.0
2023-05-07 10:00:00+05:30,28.2,55,2.69,1.0,442.0,141.0,301.0,174.9,94930.0,0.0
2023-05-07 11:00:00+05:30,29.3,51,2.9,0.95,433.0,107.0,326.0,115.6,94870.0,0.0
2023-05-07 12:00:00+05:30,30.5,48,2.91,1.0,544.0,193.0,351.0,195.3,94830.0,0.0
2023-05-07 13:00:00+05:30,31.6,45,3.04,0.24,623.0,287.0,336.0,289.9,94730.0,0.0
2023-05-07 14:00:00+05:30,33.2,42,3.72,1.0,778.0,588.0,190.0,632.0,94620.0,0.0
2023-05-07 15:00:00+05:30,29.0,56,2.61,0.94,311.0,114.0,197.0,140.1,94590.0,0.4
2023-05-07 16:00:00+05:30,30.4,51,1.12,0.92,306.0,135.0,171.0,208.4,94530.0,0.1
2023-05-07 17:00:00+05:30,28.9,58,3.9,0.94,110.0,11.0,99.0,24.8,94510.0,4.2
2023-05-07 18:00:00+05:30,27.0,68,3.32,0.68,95.0,36.0,59.0,166.3,94520.0,0.2
2023-05-07 19:00:00+05:30,26.6,70,2.5,0.75,6.0,1.0,5.0,13.7,94560.0,0.0
2023-05-07 20:00:00+05:30,26.0,73,3.31,0.92,0.0,0.0,0.0,0.0,94610.0,0.0
2023-05-07 21:00:00+05:30,25.4,78,2.63,0.3,0.0,0.0,0.0,0.0,94650.0,0.0
2023-05-07 22:00:00+05:30,24.8,83,2.0,0.23,0.0,0.0,0.0,0.0,94680.0,0.0
2023-05-07 23:00:00+05:30,24.1,88,2.01,0.29,0.0,0.0,0.0,0.0,94720.0,0.0
2023-05-08 00:00:00+05:30,23.7,91,2.21,0.42,0.0,0.0,0.0,0.0,94660.0,0.0
2023-05-08 01:00:00+05:30,23.5,92,1.94,0.22,0.0,0.0,0.0,0.0,94600.0,0.0
2023-05-08 02:00:00+05:30,23.1,92,1.63,0.21,0.0,0.0,0.0,0.0,94540.0,0.0
2023-05-08 03:00:00+05:30,22.9,92,1.75,0.26,0.0,0.0,0.0,0.0,94520.0,0.0
2023-05-08 04:00:00+05:30,22.8,91,1.73,0.4,0.0,0.0,0.0,0.0,94540.0,0.0
2023-05-08 05:00:00+05:30,23.1,93,1.5,0.32,0.0,0.0,0.0,0.0,94600.0,0.0
2023-05-08 06:00:00+05:30,24.1,85,2.02,1.0,4.0,0.0,4.0,0.0,94670.0,0.0
2023-05-08 07:00:00+05:30,25.0,79,2.21,1.0,70.0,4.0,66.0,19.5,94730.0,0.0
2023-05-08 08:00:00+05:30,26.5,72,1.92,1.0,214.0,55.0,159.0,126.9,94820.0,0.0
2023-05-08 09:00:00+05:30,27.9,66,2.02,0.81,333.0,79.0,254.0,123.7,94850.0,0.0
2023-05-08 10:00:00+05:30,29.4,59,1.81,0.91,446.0,158.0,288.0,195.9,94860.0,0.0
2023-05-08 11:00:00+05:30,30.2,56,1.75,0.47,441.0,137.0,304.0,148.0,94830.0,0.0
2023-05-08 12:00:00+05:30,32.3,49,1.71,0.46,774.0,518.0,256.0,524.0,94780.0,0.0
2023-05-08 13:00:00+05:30,34.3,40,2.28,1.0,873.0,625.0,248.0,631.3,94660.0,0.0
2023-05-08 14:00:00+05:30,25.8,82,5.31,0.96,448.0,273.0,175.0,293.4,94550.0,10.5
2023-05-08 15:00:00+05:30,29.5,65,2.26,1.0,479.0,215.0,264.0,264.1,94490.0,2.8
2023-05-08 16:00:00+05:30,26.5,75,4.47,1.0,341.0,140.0,201.0,215.9,94520.0,1.1
2023-05-08 17:00:00+05:30,29.4,51,4.43,1.0,121.0,21.0,100.0,47.2,94490.0,0.2
2023-05-08 18:00:00+05:30,26.8,70,2.61,1.0,73.0,20.0,53.0,91.9,94520.0,0.0
2023-05-08 19:00:00+05:30,27.0,73,2.47,1.0,5.0,0.0,5.0,0.0,94570.0,0.0
2023-05-08 20:00:00+05:30,26.6,74,1.51,1.0,0.0,0.0,0.0,0.0,94680.0,0.1
2023-05-08 21:00:00+05:30,25.8,79,2.34,1.0,0.0,0.0,0.0,0.0,94710.0,0.0
2023-05-08 22:00:00+05:30,25.5,80,1.97,1.0,0.0,0.0,0.0,0.0,94730.0,0.0
2023-05-08 23:00:00+05:30,25.2,82,0.54,1.0,0.0,0.0,0.0,0.0,94750.0,0.0
2023-05-09 00:00:00+05:30,24.7,86,0.71,1.0,0.0,0.0,0.0,0.0,94700.0,0.0
2023-05-09 01:00:00+05:30,24.9,86,0.58,1.0,0.0,0.0,0.0,0.0,94650.0,0.0
2023-05-09 02:00:00+05:30,23.5,93,1.1,1.0,0.0,0.0,0.0,0.0,94560.0,0.0
2023-05-09 03:00:00+05:30,23.3,94,1.17,1.0,0.0,0.0,0.0,0.0,94520.0,0.0
2023-05-09 04:00:00+05:30,23.4,92,1.2,1.0,0.0,0.0,0.0,0.0,94550.0,0.0
2023-05-09 05:00:00+05:30,22.6,98,1.0,1.0,0.0,0.0,0.0,0.0,94580.0,0.0
2023-05-09 06:00:00+05:30,23.2,94,1.02,0.91,6.0,1.0,5.0,14.7,94660.0,0.0
2023-05-09 07:00:00+05:30,25.8,81,1.43,1.0,101.0,41.0,60.0,198.4,94800.0,0.0
2023-05-09 08:00:00+05:30,27.7,70,2.09,1.0,256.0,128.0,128.0,294.5,94880.0,0.0
2023-05-09 09:00:00+05:30,29.9,60,1.9,0.99,500.0,331.0,169.0,517.6,94940.0,0.0
2023-05-09 10:00:00+05:30,31.5,53,1.33,1.0,703.0,501.0,202.0,620.7,94950.0,0.1
2023-05-09 11:00:00+05:30,33.1,48,0.91,1.0,819.0,590.0,229.0,637.0,94920.0,0.0
2023-05-09 12:00:00+05:30,34.6,41,0.81,0.99,897.0,656.0,241.0,663.5,94830.0,0.0
2023-05-09 13:00:00+05:30,35.7,35,0.81,1.0,710.0,448.0,262.0,452.4,94700.0,0.0
2023-05-09 14:00:00+05:30,28.8,66,4.5,1.0,426.0,160.0,266.0,171.9,94650.0,1.4
2023-05-09 15:00:00+05:30,30.3,62,2.51,1.0,376.0,122.0,254.0,149.8,94580.0,0.2
2023-05-09 16:00:00+05:30,30.2,59,0.67,1.0,372.0,118.0,254.0,181.9,94540.0,1.9
2023-05-09 17:00:00+05:30,28.8,68,2.9,1.0,232.0,57.0,175.0,127.9,94510.0,0.0
2023-05-09 18:00:00+05:30,28.6,76,0.57,1.0,85.0,9.0,76.0,41.2,94550.0,0.0
2023-05-09 19:00:00+05:30,27.6,76,1.6,1.0,7.0,0.0,7.0,0.0,94590.0,0.0
2023-05-09 20:00:00+05:30,27.2,74,1.56,1.0,0.0,0.0,0.0,0.0,94660.0,0.0
2023-05-09 21:00:00+05:30,26.3,78,1.63,1.0,0.0,0.0,0.0,0.0,94730.0,0.0
2023-05-09 22:00:00+05:30,25.6,81,1.73,1.0,0.0,0.0,0.0,0.0,94790.0,0.0
2023-05-09 23:00:00+05:30,24.8,87,1.43,1.0,0.0,0.0,0.0,0.0,94780.0,0.0
2023-05-10 00:00:00+05:30,24.5,87,1.3,0.94,0.0,0.0,0.0,0.0,94740.0,0.0
2023-05-10 01:00:00+05:30,24.3,89,1.3,1.0,0.0,0.0,0.0,0.0,94660.0,0.0
2023-05-10 02:00:00+05:30,24.6,89,0.76,0.96,0.0,0.0,0.0,0.0,94620.0,0.0
2023-05-10 03:00:00+05:30,24.0,90,1.0,0.74,0.0,0.0,0.0,0.0,94550.0,0.0
2023-05-10 04:00:00+05:30,23.4,94,1.22,0.97,0.0,0.0,0.0,0.0,94530.0,0.0
2023-05-10 05:00:00+05:30,23.8,93,1.86,0.98,0.0,0.0,0.0,0.0,94610.0,0.0
2023-05-10 06:00:00+05:30,24.6,85,1.57,0.82,7.0,1.0,6.0,14.5,94660.0,0.0
2023-05-10 07:00:00+05:30,26.7,77,1.2,1.0,124.0,59.0,65.0,283.5,94770.0,0.0
2023-05-10 08:00:00+05:30,29.0,69,1.21,1.0,328.0,206.0,122.0,472.7,94830.0,0.0
2023-05-10 09:00:00+05:30,31.6,57,1.63,0.98,539.0,376.0,163.0,587.2,94880.0,0.0
2023-05-10 10:00:00+05:30,34.1,42,1.6,1.0,734.0,562.0,172.0,695.8,94870.0,0.0
2023-05-10 11:00:00+05:30,35.8,32,1.58,1.0,857.0,651.0,206.0,702.6,94780.0,0.0
2023-05-10 12:00:00+05:30,37.2,27,1.7,1.0,876.0,661.0,215.0,668.5,94700.0,0.0
2023-05-10 13:00:00+05:30,38.0,25,2.06,0.95,914.0,701.0,213.0,707.9,94620.0,0.0
2023-05-10 14:00:00+05:30,38.2,24,1.87,1.0,725.0,471.0,254.0,506.0,94500.0,0.0
2023-05-10 15:00:00+05:30,37.8,24,1.58,1.0,625.0,385.0,240.0,472.7,94440.0,0.0
2023-05-10 16:00:00+05:30,37.2,22,0.51,1.0,362.0,203.0,159.0,312.7,94360.0,0.0
2023-05-10 17:00:00+05:30,36.8,24,1.71,1.0,255.0,107.0,148.0,239.7,94390.0,0.0
2023-05-10 18:00:00+05:30,31.6,48,5.6,1.0,125.0,54.0,71.0,245.9,94450.0,0.0
2023-05-10 19:00:00+05:30,28.4,65,2.2,1.0,9.0,1.0,8.0,13.4,94520.0,0.0
2023-05-10 20:00:00+05:30,27.8,67,2.91,0.08,0.0,0.0,0.0,0.0,94590.0,0.0
2023-05-10 21:00:00+05:30,26.7,70,2.11,0.0,0.0,0.0,0.0,0.0,94640.0,0.0
2023-05-10 22:00:00+05:30,25.5,74,1.5,0.03,0.0,0.0,0.0,0.0,94640.0,0.0
2023-05-10 23:00:00+05:30,24.6,79,1.58,0.0,0.0,0.0,0.0,0.0,94610.0,0.0
2023-05-11 00:00:00+05:30,24.8,75,2.34,0.0,0.0,0.0,0.0,0.0,94570.0,0.0
2023-05-11 01:00:00+05:30,23.7,79,2.0,0.0,0.0,0.0,0.0,0.0,94510.0,0.0
2023-05-11 02:00:00+05:30,23.1,78,0.95,0.0,0.0,0.0,0.0,0.0,94490.0,0.0
2023-05-11 03:00:00+05:30,22.8,78,0.98,0.15,0.0,0.0,0.0,0.0,94490.0,0.0
2023-05-11 04:00:00+05:30,22.4,77,1.21,0.9,0.0,0.0,0.0,0.0,94480.0,0.0
2023-05-11 05:00:00+05:30,22.2,78,1.7,0.99,0.0,0.0,0.0,0.0,94530.0,0.0
2023-05-11 06:00:00+05:30,23.3,75,2.1,1.0,7.0,1.0,6.0,14.4,94600.0,0.0
2023-05-11 07:00:00+05:30,26.5,67,1.94,0.98,124.0,48.0,76.0,229.1,94740.0,0.0
2023-05-11 08:00:00+05:30,30.2,57,1.48,0.99,346.0,230.0,116.0,526.5,94870.0,0.0
2023-05-11 09:00:00+05:30,33.0,44,1.06,0.59,573.0,432.0,141.0,674.0,94920.0,0.0
2023-05-11 10:00:00+05:30,35.5,30,0.9,0.98,768.0,611.0,157.0,756.1,94930.0,0.0
2023-05-11 11:00:00+05:30,37.5,21,1.03,1.0,884.0,702.0,182.0,757.5,94860.0,0.0
2023-05-11 12:00:00+05:30,38.8,17,0.67,1.0,908.0,665.0,243.0,672.4,94790.0,0.0
2023-05-11 13:00:00+05:30,40.0,15,0.76,1.0,941.0,756.0,185.0,763.4,94670.0,0.0
2023-05-11 14:00:00+05:30,40.8,14,1.98,1.0,918.0,727.0,191.0,781.0,94550.0,0.0
2023-05-11 15:00:00+05:30,40.0,13,4.49,1.0,752.0,567.0,185.0,695.9,94460.0,0.0
2023-05-11 16:00:00+05:30,39.2,14,2.5,0.99,536.0,361.0,175.0,555.6,94450.0,0.0
2023-05-11 17:00:00+05:30,36.3,26,5.19,0.34,351.0,235.0,116.0,525.6,94470.0,0.0
2023-05-11 18:00:00+05:30,31.5,49,4.61,0.25,138.0,65.0,73.0,294.5,94520.0,0.0
2023-05-11 19:00:00+05:30,29.8,56,3.51,0.99,9.0,2.0,7.0,26.6,94560.0,0.0
2023-05-11 20:00:00+05:30,28.0,64,2.05,0.48,0.0,0.0,0.0,0.0,94620.0,0.0
2023-05-11 21:00:00+05:30,26.9,71,2.1,0.95,0.0,0.0,0.0,0.0,94660.0,0.0
2023-05-11 22:00:00+05:30,25.6,76,1.58,1.0,0.0,0.0,0.0,0.0,94690.0,0.0
2023-05-11 23:00:00+05:30,25.0,77,2.95,0.97,0.0,0.0,0.0,0.0,94690.0,0.0
2023-05-12 00:00:00+05:30,25.4,66,3.0,0.82,0.0,0.0,0.0,0.0,94590.0,0.0
2023-05-12 01:00:00+05:30,24.4,69,1.61,0.89,0.0,0.0,0.0,0.0,94540.0,0.0
2023-05-12 02:00:00+05:30,23.1,73,1.92,0.81,0.0,0.0,0.0,0.0,94520.0,0.0
2023-05-12 03:00:00+05:30,23.2,71,1.7,0.52,0.0,0.0,0.0,0.0,94540.0,0.0
2023-05-12 04:00:00+05:30,22.9,77,1.92,0.82,0.0,0.0,0.0,0.0,94550.0,0.0
2023-05-12 05:00:00+05:30,23.0,89,1.64,0.6,0.0,0.0,0.0,0.0,94630.0,0.0
2023-05-12 06:00:00+05:30,24.0,83,2.33,0.3,8.0,1.0,7.0,14.2,94690.0,0.0
2023-05-12 07:00:00+05:30,26.5,68,2.15,0.0,132.0,66.0,66.0,313.1,94810.0,0.0
2023-05-12 08:00:00+05:30,29.6,53,1.39,0.0,356.0,249.0,107.0,568.7,94930.0,0.0
2023-05-12 09:00:00+05:30,32.7,40,2.18,0.52,578.0,444.0,134.0,692.0,94960.0,0.0
2023-05-12 10:00:00+05:30,35.2,30,3.28,0.57,771.0,618.0,153.0,764.4,94960.0,0.0
2023-05-12 11:00:00+05:30,37.3,21,3.68,0.97,909.0,746.0,163.0,804.8,94910.0,0.0
2023-05-12 12:00:00+05:30,38.2,20,3.82,0.78,979.0,810.0,169.0,819.0,94840.0,0.0
2023-05-12 13:00:00+05:30,38.5,19,3.83,0.48,950.0,754.0,196.0,761.3,94740.0,0.0
2023-05-12 14:00:00+05:30,38.2,19,4.74,0.04,769.0,526.0,243.0,565.0,94630.0,0.0
2023-05-12 15:00:00+05:30,38.1,19,5.28,0.08,748.0,587.0,161.0,720.3,94560.0,0.0
2023-05-12 16:00:00+05:30,37.5,21,5.2,0.1,563.0,420.0,143.0,646.0,94530.0,0.0
2023-05-12 17:00:00+05:30,35.0,31,5.69,0.09,356.0,242.0,114.0,540.4,94570.0,0.0
2023-05-12 18:00:00+05:30,31.7,50,5.06,0.53,139.0,72.0,67.0,324.6,94570.0,0.0
2023-05-12 19:00:00+05:30,29.4,57,3.86,0.26,9.0,2.0,7.0,26.4,94580.0,0.0
2023-05-12 20:00:00+05:30,27.7,66,2.4,0.01,0.0,0.0,0.0,0.0,94670.0,0.0
2023-05-12 21:00:00+05:30,26.6,70,3.18,0.0,0.0,0.0,0.0,0.0,94710.0,0.0
2023-05-12 22:00:00+05:30,25.6,74,2.69,0.0,0.0,0.0,0.0,0.0,94710.0,0.0
2023-05-12 23:00:00+05:30,24.3,78,1.51,0.0,0.0,0.0,0.0,0.0,94690.0,0.0
2023-05-13 00:00:00+05:30,23.5,81,1.86,0.0,0.0,0.0,0.0,0.0,94660.0,0.0
2023-05-13 01:00:00+05:30,23.8,76,2.71,0.0,0.0,0.0,0.0,0.0,94620.0,0.0
2023-05-13 02:00:00+05:30,23.4,77,3.22,0.0,0.0,0.0,0.0,0.0,94530.0,0.0
2023-05-13 03:00:00+05:30,23.5,72,2.55,0.0,0.0,0.0,0.0,0.0,94490.0,0.0
2023-05-13 04:00:00+05:30,22.5,72,1.7,0.0,0.0,0.0,0.0,0.0,94510.0,0.0
2023-05-13 05:00:00+05:30,23.2,79,2.04,0.0,0.0,0.0,0.0,0.0,94580.0,0.0
2023-05-13 06:00:00+05:30,24.3,71,1.7,0.0,8.0,1.0,7.0,14.1,94690.0,0.0
2023-05-13 07:00:00+05:30,26.9,61,2.1,0.01,135.0,70.0,65.0,330.1,94840.0,0.0
2023-05-13 08:00:00+05:30,29.5,52,3.13,0.02,352.0,243.0,109.0,553.9,94930.0,0.0
2023-05-13 09:00:00+05:30,31.6,46,3.91,0.0,574.0,437.0,137.0,680.4,94990.0,0.0
2023-05-13 10:00:00+05:30,33.4,41,4.34,0.02,766.0,614.0,152.0,759.1,94990.0,0.0
2023-05-13 11:00:00+05:30,34.7,38,4.79,0.0,903.0,741.0,162.0,799.2,94960.0,0.0
2023-05-13 12:00:00+05:30,35.9,33,4.32,0.45,974.0,808.0,166.0,816.9,94940.0,0.0
2023-05-13 13:00:00+05:30,36.0,29,4.31,0.29,764.0,531.0,233.0,536.1,94880.0,0.0
2023-05-13 14:00:00+05:30,35.9,29,4.59,0.19,762.0,532.0,230.0,571.4,94780.0,0.0
2023-05-13 15:00:00+05:30,35.5,30,4.97,0.19,694.0,523.0,171.0,641.5,94720.0,0.0
2023-05-13 16:00:00+05:30,35.0,32,4.49,0.39,526.0,382.0,144.0,587.1,94700.0,0.0
2023-05-13 17:00:00+05:30,33.4,38,5.79,0.13,316.0,197.0,119.0,439.2,94650.0,0.0
2023-05-13 18:00:00+05:30,31.4,45,4.63,0.07,129.0,64.0,65.0,287.2,94700.0,0.0
2023-05-13 19:00:00+05:30,28.9,56,4.61,0.01,9.0,2.0,7.0,26.2,94730.0,0.0
2023-05-13 20:00:00+05:30,27.2,65,4.54,0.01,0.0,0.0,0.0,0.0,94770.0,0.0
2023-05-13 21:00:00+05:30,25.9,74,3.01,0.02,0.0,0.0,0.0,0.0,94810.0,0.0
2023-05-13 22:00:00+05:30,24.9,78,2.33,0.0,0.0,0.0,0.0,0.0,94860.0,0.0
2023-05-13 23:00:00+05:30,24.1,80,2.73,0.0,0.0,0.0,0.0,0.0,94820.0,0.0
2023-05-14 00:00:00+05:30,23.5,83,2.91,0.0,0.0,0.0,0.0,0.0,94740.0,0.0
2023-05-14 01:00:00+05:30,23.0,83,1.82,0.0,0.0,0.0,0.0,0.0,94680.0,0.0
2023-05-14 02:00:00+05:30,22.6,81,2.15,0.0,0.0,0.0,0.0,0.0,94600.0,0.0
2023-05-14 03:00:00+05:30,22.5,78,2.68,0.0,0.0,0.0,0.0,0.0,94560.0,0.0
2023-05-14 04:00:00+05:30,22.4,76,2.73,0.0,0.0,0.0,0.0,0.0,94560.0,0.0
2023-05-14 05:00:00+05:30,22.6,84,2.64,0.0,0.0,0.0,0.0,0.0,94640.0,0.0
2023-05-14 06:00:00+05:30,23.4,77,3.16,0.0,8.0,1.0,7.0,14.0,94680.0,0.0
2023-05-14 07:00:00+05:30,25.9,64,3.28,0.0,136.0,70.0,66.0,328.2,94800.0,0.0
2023-05-14 08:00:00+05:30,28.6,51,4.21,0.0,357.0,248.0,109.0,564.2,94890.0,0.0
2023-05-14 09:00:00+05:30,30.9,42,4.91,0.0,581.0,446.0,135.0,693.8,94930.0,0.0
2023-05-14 10:00:00+05:30,32.7,36,5.35,0.0,773.0,621.0,152.0,767.5,94930.0,0.0
2023-05-14 11:00:00+05:30,33.9,34,5.56,0.0,911.0,748.0,163.0,806.7,94900.0,0.0
2023-05-14 12:00:00+05:30,35.0,31,5.67,0.0,981.0,814.0,167.0,823.0,94840.0,0.0
2023-05-14 13:00:00+05:30,35.8,27,5.79,0.76,981.0,813.0,168.0,820.9,94740.0,0.0
2023-05-14 14:00:00+05:30,36.0,23,5.77,0.95,912.0,749.0,163.0,804.3,94630.0,0.0
2023-05-14 15:00:00+05:30,35.6,23,5.6,0.97,780.0,628.0,152.0,770.1,94550.0,0.0
2023-05-14 16:00:00+05:30,34.7,25,5.25,0.89,591.0,456.0,135.0,700.3,94520.0,0.0
2023-05-14 17:00:00+05:30,32.5,31,4.75,0.83,366.0,256.0,110.0,569.7,94570.0,0.0
2023-05-14 18:00:00+05:30,30.5,37,4.05,0.0,144.0,76.0,68.0,339.4,94600.0,0.0
2023-05-14 19:00:00+05:30,28.1,48,2.83,0.0,10.0,2.0,8.0,26.0,94640.0,0.0
2023-05-14 20:00:00+05:30,26.5,59,2.3,0.0,0.0,0.0,0.0,0.0,94690.0,0.0
2023-05-14 21:00:00+05:30,25.2,70,2.11,0.0,0.0,0.0,0.0,0.0,94710.0,0.0
2023-05-14 22:00:00+05:30,24.1,77,2.3,0.0,0.0,0.0,0.0,0.0,94710.0,0.0
2023-05-14 23:00:00+05:30,23.3,84,2.61,0.0,0.0,0.0,0.0,0.0,94680.0,0.0
2023-05-15 00:00:00+05:30,22.7,88,2.9,0.0,0.0,0.0,0.0,0.0,94610.0,0.0
2023-05-15 01:00:00+05:30,22.5,90,3.31,0.02,0.0,0.0,0.0,0.0,94560.0,0.0
2023-05-15 02:00:00+05:30,22.2,89,3.22,0.02,0.0,0.0,0.0,0.0,94530.0,0.0
2023-05-15 03:00:00+05:30,22.0,90,2.91,0.0,0.0,0.0,0.0,0.0,94520.0,0.0
2023-05-15 04:00:00+05:30,21.8,91,2.92,0.02,0.0,0.0,0.0,0.0,94550.0,0.0
2023-05-15 05:00:00+05:30,23.2,96,2.57,0.04,0.0,0.0,0.0,0.0,94680.0,0.0
2023-05-15 06:00:00+05:30,24.2,91,3.21,0.43,6.0,0.0,6.0,0.0,94790.0,0.0
2023-05-15 07:00:00+05:30,25.5,83,3.51,0.36,104.0,40.0,64.0,186.6,94880.0,0.0
2023-05-15 08:00:00+05:30,27.6,71,4.22,0.19,298.0,163.0,135.0,370.1,94990.0,0.0
2023-05-15 09:00:00+05:30,29.9,59,4.37,0.19,520.0,360.0,160.0,559.6,95040.0,0.0
2023-05-15 10:00:00+05:30,31.7,49,4.78,0.08,732.0,555.0,177.0,685.7,95030.0,0.0
2023-05-15 11:00:00+05:30,33.2,42,4.84,0.05,875.0,695.0,180.0,749.4,95000.0,0.0
2023-05-15 12:00:00+05:30,34.4,36,4.93,0.03,955.0,774.0,181.0,782.5,94930.0,0.0
2023-05-15 13:00:00+05:30,35.3,31,4.9,0.01,967.0,790.0,177.0,797.6,94850.0,0.0
2023-05-15 14:00:00+05:30,35.7,28,4.98,0.01,908.0,744.0,164.0,798.9,94750.0,0.0
2023-05-15 15:00:00+05:30,35.4,28,5.22,0.08,766.0,613.0,153.0,751.5,94700.0,0.0
2023-05-15 16:00:00+05:30,34.2,31,5.41,0.04,540.0,393.0,147.0,603.1,94670.0,0.0
2023-05-15 17:00:00+05:30,32.3,37,5.02,0.01,341.0,224.0,117.0,497.7,94660.0,0.0
2023-05-15 18:00:00+05:30,30.1,48,4.74,0.03,139.0,71.0,68.0,315.5,94710.0,0.0
2023-05-15 19:00:00+05:30,28.0,62,4.12,0.01,10.0,2.0,8.0,25.8,94770.0,0.0
2023-05-15 20:00:00+05:30,26.2,75,3.26,0.0,0.0,0.0,0.0,0.0,94790.0,0.0
2023-05-15 21:00:00+05:30,25.0,83,2.62,0.0,0.0,0.0,0.0,0.0,94840.0,0.0
2023-05-15 22:00:00+05:30,24.0,89,2.1,0.03,0.0,0.0,0.0,0.0,94850.0,0.0
2023-05-15 23:00:00+05:30,23.4,93,2.0,0.02,0.0,0.0,0.0,0.0,94830.0,0.0
2023-05-16 00:00:00+05:30,22.7,96,1.73,0.02,0.0,0.0,0.0,0.0,94790.0,0.0
2023-05-16 01:00:00+05:30,22.2,97,1.7,0.0,0.0,0.0,0.0,0.0,94720.0,0.0
2023-05-16 02:00:00+05:30,21.9,98,1.6,0.04,0.0,0.0,0.0,0.0,94690.0,0.0
2023-05-16 03:00:00+05:30,21.6,100,1.81,1.0,0.0,0.0,0.0,0.0,94700.0,0.0
2023-05-16 04:00:00+05:30,21.8,97,2.09,1.0,0.0,0.0,0.0,0.0,94750.0,0.0
2023-05-16 05:00:00+05:30,22.8,94,2.32,1.0,0.0,0.0,0.0,0.0,94810.0,0.0
2023-05-16 06:00:00+05:30,23.9,86,2.61,0.24,8.0,1.0,7.0,13.8,94900.0,0.0
2023-05-16 07:00:00+05:30,25.9,76,3.79,0.28,127.0,58.0,69.0,269.2,95000.0,0.0
2023-05-16 08:00:00+05:30,28.0,65,3.86,0.15,325.0,193.0,132.0,437.5,95090.0,0.0
2023-05-16 09:00:00+05:30,30.1,54,4.37,0.06,565.0,412.0,153.0,640.0,95130.0,0.0
2023-05-16 10:00:00+05:30,32.2,42,4.93,0.0,758.0,595.0,163.0,734.9,95150.0,0.0
2023-05-16 11:00:00+05:30,33.7,34,5.22,0.0,904.0,740.0,164.0,797.9,95110.0,0.0
2023-05-16 12:00:00+05:30,34.8,30,5.26,0.0,980.0,810.0,170.0,818.9,95050.0,0.0
2023-05-16 13:00:00+05:30,35.4,27,5.2,0.32,975.0,802.0,173.0,809.8,94960.0,0.0
2023-05-16 14:00:00+05:30,35.2,27,5.28,0.01,827.0,625.0,202.0,671.1,94860.0,0.0
2023-05-16 15:00:00+05:30,34.7,28,5.33,0.19,730.0,564.0,166.0,691.2,94820.0,0.0
2023-05-16 16:00:00+05:30,33.5,31,5.41,0.04,544.0,396.0,148.0,607.3,94800.0,0.0
2023-05-16 17:00:00+05:30,31.9,35,4.8,0.03,353.0,241.0,112.0,534.5,94850.0,0.0
2023-05-16 18:00:00+05:30,30.1,41,4.44,0.02,142.0,73.0,69.0,322.9,94900.0,0.0
2023-05-16 19:00:00+05:30,28.1,51,3.57,0.0,11.0,2.0,9.0,25.6,94910.0,0.0
2023-05-16 20:00:00+05:30,26.4,65,3.04,0.0,0.0,0.0,0.0,0.0,94970.0,0.0
2023-05-16 21:00:00+05:30,25.0,78,2.34,0.0,0.0,0.0,0.0,0.0,95020.0,0.0
2023-05-16 22:00:00+05:30,23.9,86,1.82,0.0,0.0,0.0,0.0,0.0,95020.0,0.0
2023-05-16 23:00:00+05:30,22.9,92,1.4,0.01,0.0,0.0,0.0,0.0,95000.0,0.0
2023-05-17 00:00:00+05:30,22.2,96,1.33,0.01,0.0,0.0,0.0,0.0,94920.0,0.0
2023-05-17 01:00:00+05:30,21.9,97,1.58,0.01,0.0,0.0,0.0,0.0,94830.0,0.0
2023-05-17 02:00:00+05:30,21.5,98,1.62,0.0,0.0,0.0,0.0,0.0,94750.0,0.0
2023-05-17 03:00:00+05:30,21.3,97,1.73,0.0,0.0,0.0,0.0,0.0,94710.0,0.0
2023-05-17 04:00:00+05:30,21.2,96,1.61,0.0,0.0,0.0,0.0,0.0,94720.0,0.0
2023-05-17 05:00:00+05:30,21.3,100,1.5,0.0,0.0,0.0,0.0,0.0,94790.0,0.0
2023-05-17 06:00:00+05:30,22.0,95,1.68,0.0,9.0,1.0,8.0,13.7,94860.0,0.0
2023-05-17 07:00:00+05:30,24.8,80,1.63,0.0,137.0,70.0,67.0,323.4,95010.0,0.0
2023-05-17 08:00:00+05:30,27.6,66,2.6,0.12,352.0,240.0,112.0,543.2,95090.0,0.0
2023-05-17 09:00:00+05:30,30.4,51,2.91,0.01,569.0,424.0,145.0,658.2,95140.0,0.0
2023-05-17 10:00:00+05:30,33.0,38,3.18,0.05,765.0,611.0,154.0,754.5,95140.0,0.0
2023-05-17 11:00:00+05:30,34.8,30,3.0,0.02,896.0,731.0,165.0,788.2,95100.0,0.0
2023-05-17 12:00:00+05:30,36.0,26,2.91,0.0,965.0,790.0,175.0,798.7,95030.0,0.0
2023-05-17 13:00:00+05:30,36.7,24,3.01,0.25,967.0,792.0,175.0,799.7,94940.0,0.0
2023-05-17 14:00:00+05:30,37.0,23,3.26,0.05,868.0,682.0,186.0,732.2,94830.0,0.0
2023-05-17 15:00:00+05:30,36.9,24,3.57,0.08,747.0,576.0,171.0,705.7,94780.0,0.0
2023-05-17 16:00:00+05:30,36.1,25,3.86,0.13,562.0,417.0,145.0,639.0,94750.0,0.0
2023-05-17 17:00:00+05:30,35.7,23,2.62,0.19,341.0,228.0,113.0,504.8,94760.0,0.0
2023-05-17 18:00:00+05:30,33.5,30,4.92,0.02,141.0,72.0,69.0,316.9,94770.0,0.0
2023-05-17 19:00:00+05:30,28.6,61,5.06,0.02,11.0,2.0,9.0,25.4,94840.0,0.0
2023-05-17 20:00:00+05:30,27.1,70,4.27,0.02,0.0,0.0,0.0,0.0,94910.0,0.0
2023-05-17 21:00:00+05:30,25.9,77,3.62,0.01,0.0,0.0,0.0,0.0,94990.0,0.0
2023-05-17 22:00:00+05:30,25.1,81,3.44,0.02,0.0,0.0,0.0,0.0,95020.0,0.0
2023-05-17 23:00:00+05:30,24.5,82,2.01,0.03,0.0,0.0,0.0,0.0,95020.0,0.0
2023-05-18 00:00:00+05:30,24.0,83,2.25,0.04,0.0,0.0,0.0,0.0,94960.0,0.0
2023-05-18 01:00:00+05:30,23.4,84,2.24,0.08,0.0,0.0,0.0,0.0,94870.0,0.0
2023-05-18 02:00:00+05:30,22.8,90,1.26,0.1,0.0,0.0,0.0,0.0,94850.0,0.0
2023-05-18 03:00:00+05:30,22.4,94,1.14,0.19,0.0,0.0,0.0,0.0,94860.0,0.0
2023-05-18 04:00:00+05:30,22.2,95,1.61,0.11,0.0,0.0,0.0,0.0,94900.0,0.0
2023-05-18 05:00:00+05:30,22.7,97,1.2,0.06,0.0,0.0,0.0,0.0,94960.0,0.0
2023-05-18 06:00:00+05:30,23.0,95,1.94,0.28,8.0,1.0,7.0,13.6,95050.0,0.0
2023-05-18 07:00:00+05:30,24.8,82,2.0,0.03,127.0,54.0,73.0,248.5,95160.0,0.0
2023-05-18 08:00:00+05:30,27.9,61,2.31,0.01,351.0,236.0,115.0,533.4,95250.0,0.0
2023-05-18 09:00:00+05:30,31.4,43,2.64,0.0,576.0,437.0,139.0,678.0,95290.0,0.0
2023-05-18 10:00:00+05:30,34.2,31,2.97,0.0,768.0,614.0,154.0,758.0,95290.0,0.0
2023-05-18 11:00:00+05:30,36.3,23,3.14,0.0,905.0,741.0,164.0,798.9,95260.0,0.0
2023-05-18 12:00:00+05:30,37.3,20,3.5,0.02,973.0,801.0,172.0,809.9,95180.0,0.0
2023-05-18 13:00:00+05:30,37.7,19,3.9,0.07,954.0,775.0,179.0,782.5,95110.0,0.0
2023-05-18 14:00:00+05:30,37.5,20,4.55,0.08,874.0,689.0,185.0,739.6,94980.0,0.0
2023-05-18 15:00:00+05:30,37.0,21,4.62,0.04,768.0,613.0,155.0,750.8,94920.0,0.0
2023-05-18 16:00:00+05:30,36.4,22,4.72,0.0,585.0,448.0,137.0,686.0,94860.0,0.0
2023-05-18 17:00:00+05:30,33.8,34,5.72,0.15,363.0,250.0,113.0,552.6,94900.0,0.0
2023-05-18 18:00:00+05:30,32.2,41,5.24,0.21,135.0,68.0,67.0,297.9,94890.0,0.0
2023-05-18 19:00:00+05:30,29.1,64,4.92,0.02,10.0,2.0,8.0,25.2,94920.0,0.0
2023-05-18 20:00:00+05:30,27.5,74,3.99,0.0,0.0,0.0,0.0,0.0,94980.0,0.0
2023-05-18 21:00:00+05:30,26.3,81,3.3,0.0,0.0,0.0,0.0,0.0,95020.0,0.0
2023-05-18 22:00:00+05:30,25.5,84,2.52,0.01,0.0,0.0,0.0,0.0,95020.0,0.0
2023-05-18 23:00:00+05:30,24.9,84,2.5,0.0,0.0,0.0,0.0,0.0,94980.0,0.0
2023-05-19 00:00:00+05:30,24.4,83,2.04,0.0,0.0,0.0,0.0,0.0,94910.0,0.0
2023-05-19 01:00:00+05:30,23.2,85,1.6,0.0,0.0,0.0,0.0,0.0,94810.0,0.0
2023-05-19 02:00:00+05:30,23.2,82,1.17,0.0,0.0,0.0,0.0,0.0,94790.0,0.0
2023-05-19 03:00:00+05:30,22.0,87,1.21,0.0,0.0,0.0,0.0,0.0,94760.0,0.0
2023-05-19 04:00:00+05:30,22.0,86,1.71,0.0,0.0,0.0,0.0,0.0,94770.0,0.0
2023-05-19 05:00:00+05:30,21.2,99,1.7,0.0,0.0,0.0,0.0,0.0,94780.0,0.0
2023-05-19 06:00:00+05:30,21.5,98,1.62,0.45,9.0,1.0,8.0,13.5,94840.0,0.0
2023-05-19 07:00:00+05:30,24.7,78,1.06,0.04,139.0,70.0,69.0,320.8,94970.0,0.0
2023-05-19 08:00:00+05:30,29.0,50,0.9,0.0,358.0,245.0,113.0,553.1,95080.0,0.0
2023-05-19 09:00:00+05:30,33.2,32,1.35,0.0,583.0,447.0,136.0,693.2,95130.0,0.0
2023-05-19 10:00:00+05:30,36.2,19,2.33,0.0,774.0,621.0,153.0,766.6,95130.0,0.0
2023-05-19 11:00:00+05:30,37.7,16,3.2,0.0,911.0,747.0,164.0,805.4,95100.0,0.0
2023-05-19 12:00:00+05:30,38.2,16,3.67,0.0,985.0,816.0,169.0,825.1,95020.0,0.0
2023-05-19 13:00:00+05:30,38.5,16,3.64,0.01,988.0,819.0,169.0,827.0,94930.0,0.0
2023-05-19 14:00:00+05:30,38.5,16,4.04,0.06,907.0,737.0,170.0,791.1,94830.0,0.0
2023-05-19 15:00:00+05:30,38.1,18,4.34,0.01,774.0,610.0,164.0,746.9,94750.0,0.0
2023-05-19 16:00:00+05:30,37.0,21,5.07,0.09,601.0,466.0,135.0,713.0,94720.0,0.0
2023-05-19 17:00:00+05:30,35.2,27,5.19,0.14,354.0,244.0,110.0,538.3,94720.0,0.0
2023-05-19 18:00:00+05:30,32.3,41,5.28,0.03,142.0,72.0,70.0,313.9,94710.0,0.0
2023-05-19 19:00:00+05:30,29.3,63,5.1,0.04,11.0,2.0,9.0,25.0,94740.0,0.0
2023-05-19 20:00:00+05:30,27.1,78,3.72,0.06,0.0,0.0,0.0,0.0,94820.0,0.0
2023-05-19 21:00:00+05:30,25.9,84,3.52,0.06,0.0,0.0,0.0,0.0,94870.0,0.0
2023-05-19 22:00:00+05:30,25.2,86,3.21,0.04,0.0,0.0,0.0,0.0,94890.0,0.0
2023-05-19 23:00:00+05:30,24.6,87,2.12,0.03,0.0,0.0,0.0,0.0,94890.0,0.0
2023-05-20 00:00:00+05:30,24.0,88,2.28,0.06,0.0,0.0,0.0,0.0,94840.0,0.0
2023-05-20 01:00:00+05:30,23.4,89,1.8,0.07,0.0,0.0,0.0,0.0,94790.0,0.0
2023-05-20 02:00:00+05:30,22.9,92,2.5,0.06,0.0,0.0,0.0,0.0,94730.0,0.0
2023-05-20 03:00:00+05:30,22.4,95,3.01,0.18,0.0,0.0,0.0,0.0,94680.0,0.0
2023-05-20 04:00:00+05:30,22.0,97,2.3,0.01,0.0,0.0,0.0,0.0,94690.0,0.0
2023-05-20 05:00:00+05:30,22.2,95,1.75,0.06,0.0,0.0,0.0,0.0,94700.0,0.0
2023-05-20 06:00:00+05:30,22.7,89,2.06,0.04,9.0,2.0,7.0,26.8,94760.0,0.0
2023-05-20 07:00:00+05:30,25.1,75,2.24,0.16,138.0,69.0,69.0,315.1,94880.0,0.0
2023-05-20 08:00:00+05:30,27.6,63,2.33,0.21,349.0,232.0,117.0,523.2,94940.0,0.0
2023-05-20 09:00:00+05:30,30.4,51,2.69,0.08,566.0,414.0,152.0,641.8,95010.0,0.0
2023-05-20 10:00:00+05:30,32.9,40,3.23,0.01,761.0,600.0,161.0,740.6,95020.0,0.0
2023-05-20 11:00:00+05:30,35.1,29,3.89,0.0,901.0,735.0,166.0,792.5,95000.0,0.0
2023-05-20 12:00:00+05:30,36.4,23,3.98,0.2,956.0,784.0,172.0,792.9,94980.0,0.0
2023-05-20 13:00:00+05:30,37.0,21,3.92,0.13,932.0,743.0,189.0,750.3,94910.0,0.0
2023-05-20 14:00:00+05:30,36.5,22,4.54,0.12,820.0,644.0,176.0,691.2,94820.0,0.0
2023-05-20 15:00:00+05:30,36.0,23,4.49,0.16,718.0,550.0,168.0,673.2,94770.0,0.0
2023-05-20 16:00:00+05:30,35.5,24,4.18,0.2,539.0,392.0,147.0,599.3,94740.0,0.0
2023-05-20 17:00:00+05:30,34.3,26,4.37,0.21,339.0,226.0,113.0,497.7,94740.0,0.0
2023-05-20 18:00:00+05:30,32.7,32,4.12,0.13,138.0,70.0,68.0,303.6,94770.0,0.0
2023-05-20 19:00:00+05:30,30.0,51,4.22,0.07,11.0,2.0,9.0,24.8,94780.0,0.0
2023-05-20 20:00:00+05:30,27.6,70,3.61,0.1,0.0,0.0,0.0,0.0,94820.0,0.0
2023-05-20 21:00:00+05:30,26.0,78,3.2,0.1,0.0,0.0,0.0,0.0,94870.0,0.0
2023-05-20 22:00:00+05:30,24.8,85,3.2,0.08,0.0,0.0,0.0,0.0,94860.0,0.0
2023-05-20 23:00:00+05:30,23.9,91,3.14,0.13,0.0,0.0,0.0,0.0,94830.0,0.0
2023-05-21 00:00:00+05:30,23.4,93,2.31,0.11,0.0,0.0,0.0,0.0,94770.0,0.0
2023-05-21 01:00:00+05:30,22.9,94,1.7,0.09,0.0,0.0,0.0,0.0,94720.0,0.0
2023-05-21 02:00:00+05:30,22.4,94,1.84,0.13,0.0,0.0,0.0,0.0,94660.0,0.0
2023-05-21 03:00:00+05:30,21.9,97,1.62,0.2,0.0,0.0,0.0,0.0,94640.0,0.0
2023-05-21 04:00:00+05:30,21.6,98,1.68,0.16,0.0,0.0,0.0,0.0,94680.0,0.0
2023-05-21 05:00:00+05:30,21.2,98,0.94,0.5,0.0,0.0,0.0,0.0,94730.0,0.0
2023-05-21 06:00:00+05:30,22.3,92,1.6,0.07,9.0,1.0,8.0,13.3,94840.0,0.0
2023-05-21 07:00:00+05:30,24.2,81,1.53,0.2,136.0,67.0,69.0,305.0,94950.0,0.0
2023-05-21 08:00:00+05:30,26.6,70,1.81,0.36,345.0,226.0,119.0,509.2,95050.0,0.0
2023-05-21 09:00:00+05:30,29.1,58,2.31,0.23,535.0,358.0,177.0,554.8,95100.0,0.0
2023-05-21 10:00:00+05:30,31.5,48,2.89,0.13,730.0,538.0,192.0,664.1,95130.0,0.0
2023-05-21 11:00:00+05:30,33.7,40,3.29,0.01,884.0,700.0,184.0,754.9,95080.0,0.0
2023-05-21 12:00:00+05:30,35.3,34,3.2,0.24,965.0,790.0,175.0,799.0,95040.0,0.0
2023-05-21 13:00:00+05:30,36.0,27,3.13,0.14,829.0,640.0,189.0,646.3,94960.0,0.0
2023-05-21 14:00:00+05:30,36.3,26,3.54,0.42,800.0,611.0,189.0,655.7,94880.0,0.0
2023-05-21 15:00:00+05:30,35.1,28,4.26,0.61,543.0,370.0,173.0,452.7,94830.0,0.0
2023-05-21 16:00:00+05:30,34.0,32,4.9,0.33,391.0,233.0,158.0,355.9,94790.0,0.0
2023-05-21 17:00:00+05:30,34.0,30,4.03,0.15,317.0,202.0,115.0,444.0,94830.0,0.0
2023-05-21 18:00:00+05:30,31.7,42,4.59,0.12,137.0,69.0,68.0,297.8,94820.0,0.0
2023-05-21 19:00:00+05:30,28.6,60,4.7,0.05,12.0,2.0,10.0,24.6,94880.0,0.0
2023-05-21 20:00:00+05:30,26.5,72,4.33,0.04,0.0,0.0,0.0,0.0,94930.0,0.0
2023-05-21 21:00:00+05:30,25.4,80,3.2,0.03,0.0,0.0,0.0,0.0,95000.0,0.0
2023-05-21 22:00:00+05:30,24.6,85,3.16,0.01,0.0,0.0,0.0,0.0,95030.0,0.0
2023-05-21 23:00:00+05:30,24.0,89,2.41,0.02,0.0,0.0,0.0,0.0,94990.0,0.0
2023-05-22 00:00:00+05:30,23.4,92,2.14,0.02,0.0,0.0,0.0,0.0,94910.0,0.0
2023-05-22 01:00:00+05:30,23.0,92,1.68,0.0,0.0,0.0,0.0,0.0,94830.0,0.0
2023-05-22 02:00:00+05:30,22.0,94,1.36,0.01,0.0,0.0,0.0,0.0,94800.0,0.0
2023-05-22 03:00:00+05:30,21.8,95,1.2,0.0,0.0,0.0,0.0,0.0,94790.0,0.0
2023-05-22 04:00:00+05:30,21.8,94,1.65,0.01,0.0,0.0,0.0,0.0,94790.0,0.0
2023-05-22 05:00:00+05:30,22.1,93,1.17,0.13,0.0,0.0,0.0,0.0,94800.0,0.0
2023-05-22 06:00:00+05:30,23.7,84,1.72,1.0,8.0,0.0,8.0,0.0,94940.0,0.0
2023-05-22 07:00:00+05:30,25.6,70,1.84,0.54,106.0,37.0,69.0,168.0,95060.0,0.0
2023-05-22 08:00:00+05:30,27.7,58,1.25,0.37,274.0,121.0,153.0,272.4,95180.0,0.0
2023-05-22 09:00:00+05:30,30.3,46,1.65,0.62,509.0,331.0,178.0,512.9,95250.0,0.0
2023-05-22 10:00:00+05:30,32.5,38,2.63,0.21,660.0,413.0,247.0,509.8,95230.0,0.0
2023-05-22 11:00:00+05:30,34.5,33,3.1,0.06,834.0,614.0,220.0,662.2,95180.0,0.0
2023-05-22 12:00:00+05:30,36.0,27,3.31,0.3,922.0,731.0,191.0,739.4,95110.0,0.0
2023-05-22 13:00:00+05:30,36.5,24,3.86,0.01,847.0,628.0,219.0,634.2,94990.0,0.0
2023-05-22 14:00:00+05:30,36.7,23,4.53,0.05,891.0,724.0,167.0,776.9,94900.0,0.0
2023-05-22 15:00:00+05:30,36.0,25,4.7,0.11,762.0,605.0,157.0,739.9,94830.0,0.0
2023-05-22 16:00:00+05:30,35.2,28,4.25,0.22,553.0,407.0,146.0,621.1,94790.0,0.0
2023-05-22 17:00:00+05:30,34.2,31,4.48,0.27,331.0,218.0,113.0,478.3,94820.0,0.0
2023-05-22 18:00:00+05:30,31.6,45,5.02,0.13,141.0,70.0,71.0,300.6,94810.0,0.0
2023-05-22 19:00:00+05:30,29.4,59,5.14,0.09,11.0,2.0,9.0,24.4,94840.0,0.0
2023-05-22 20:00:00+05:30,27.2,72,3.44,0.02,0.0,0.0,0.0,0.0,94910.0,0.0
2023-05-22 21:00:00+05:30,26.0,76,2.47,0.0,0.0,0.0,0.0,0.0,94970.0,0.0
2023-05-22 22:00:00+05:30,25.2,79,1.71,0.0,0.0,0.0,0.0,0.0,95000.0,0.0
2023-05-22 23:00:00+05:30,24.6,81,1.32,0.0,0.0,0.0,0.0,0.0,94960.0,0.0
2023-05-23 00:00:00+05:30,23.8,85,1.0,0.0,0.0,0.0,0.0,0.0,94910.0,0.0
2023-05-23 01:00:00+05:30,23.6,84,1.03,0.01,0.0,0.0,0.0,0.0,94860.0,0.0
2023-05-23 02:00:00+05:30,23.5,82,2.06,0.0,0.0,0.0,0.0,0.0,94820.0,0.0
2023-05-23 03:00:00+05:30,22.9,82,1.39,0.0,0.0,0.0,0.0,0.0,94820.0,0.0
2023-05-23 04:00:00+05:30,22.2,83,1.08,0.0,0.0,0.0,0.0,0.0,94830.0,0.0
2023-05-23 05:00:00+05:30,22.4,86,1.9,0.0,0.0,0.0,0.0,0.0,94880.0,0.0
2023-05-23 06:00:00+05:30,23.0,83,2.09,0.0,10.0,2.0,8.0,26.4,94960.0,0.0
2023-05-23 07:00:00+05:30,26.3,66,1.39,0.0,138.0,69.0,69.0,312.4,95050.0,0.0
2023-05-23 08:00:00+05:30,30.5,34,2.22,0.0,355.0,243.0,112.0,546.7,95170.0,0.0
2023-05-23 09:00:00+05:30,33.2,23,2.55,0.0,576.0,439.0,137.0,680.1,95210.0,0.0
2023-05-23 10:00:00+05:30,35.5,18,2.55,0.0,766.0,611.0,155.0,754.3,95210.0,0.0
2023-05-23 11:00:00+05:30,37.0,17,2.05,0.0,902.0,737.0,165.0,795.0,95170.0,0.0
2023-05-23 12:00:00+05:30,38.2,17,1.79,0.0,976.0,807.0,169.0,816.4,95070.0,0.0
2023-05-23 13:00:00+05:30,38.8,17,2.55,0.19,974.0,804.0,170.0,812.0,94960.0,0.0
2023-05-23 14:00:00+05:30,38.5,18,4.32,0.56,776.0,574.0,202.0,615.9,94840.0,0.0
2023-05-23 15:00:00+05:30,36.7,24,6.11,0.6,564.0,371.0,193.0,453.6,94790.0,0.0
2023-05-23 16:00:00+05:30,34.6,31,5.82,0.67,394.0,227.0,167.0,346.1,94780.0,0.0
2023-05-23 17:00:00+05:30,34.1,35,6.02,0.5,238.0,123.0,115.0,269.3,94740.0,0.0
2023-05-23 18:00:00+05:30,31.0,51,5.67,0.37,136.0,65.0,71.0,277.7,94770.0,0.0
2023-05-23 19:00:00+05:30,29.0,56,4.02,0.22,11.0,2.0,9.0,24.3,94830.0,0.0
2023-05-23 20:00:00+05:30,27.9,58,3.5,0.09,0.0,0.0,0.0,0.0,94890.0,0.0
2023-05-23 21:00:00+05:30,27.0,61,2.9,0.08,0.0,0.0,0.0,0.0,94940.0,0.0
2023-05-23 22:00:00+05:30,26.0,65,2.2,0.04,0.0,0.0,0.0,0.0,94960.0,0.0
2023-05-23 23:00:00+05:30,25.2,69,1.9,0.03,0.0,0.0,0.0,0.0,94980.0,0.0
2023-05-24 00:00:00+05:30,24.4,76,2.51,0.08,0.0,0.0,0.0,0.0,94960.0,0.0
2023-05-24 01:00:00+05:30,23.8,82,2.51,0.2,0.0,0.0,0.0,0.0,94900.0,0.0
2023-05-24 02:00:00+05:30,23.4,85,1.9,0.43,0.0,0.0,0.0,0.0,94860.0,0.0
2023-05-24 03:00:00+05:30,23.2,86,1.81,0.22,0.0,0.0,0.0,0.0,94800.0,0.0
2023-05-24 04:00:00+05:30,22.8,88,1.58,0.02,0.0,0.0,0.0,0.0,94800.0,0.0
2023-05-24 05:00:00+05:30,23.5,90,2.04,0.05,0.0,0.0,0.0,0.0,94840.0,0.0
2023-05-24 06:00:00+05:30,24.3,85,2.6,0.2,9.0,1.0,8.0,13.2,94890.0,0.0
2023-05-24 07:00:00+05:30,25.7,76,2.72,0.28,128.0,57.0,71.0,257.5,94990.0,0.0
2023-05-24 08:00:00+05:30,27.8,63,2.75,0.17,333.0,204.0,129.0,458.7,95050.0,0.0
2023-05-24 09:00:00+05:30,30.3,51,3.04,0.06,556.0,403.0,153.0,624.3,95080.0,0.0
2023-05-24 10:00:00+05:30,32.7,41,3.49,0.01,746.0,580.0,166.0,716.1,95090.0,0.0
2023-05-24 11:00:00+05:30,34.5,34,3.71,0.0,887.0,719.0,168.0,775.7,95070.0,0.0
2023-05-24 12:00:00+05:30,35.8,31,3.77,0.02,960.0,788.0,172.0,797.3,95020.0,0.0
2023-05-24 13:00:00+05:30,36.5,29,4.37,0.04,958.0,786.0,172.0,793.9,94930.0,0.0
2023-05-24 14:00:00+05:30,35.8,31,4.92,0.35,886.0,720.0,166.0,772.5,94820.0,0.0
2023-05-24 15:00:00+05:30,35.0,33,4.84,0.57,649.0,461.0,188.0,563.4,94790.0,0.0
2023-05-24 16:00:00+05:30,33.7,37,5.2,0.42,486.0,323.0,163.0,492.1,94740.0,0.0
2023-05-24 17:00:00+05:30,33.0,39,5.14,0.52,319.0,189.0,130.0,413.1,94770.0,0.0
2023-05-24 18:00:00+05:30,30.5,54,4.95,0.11,138.0,67.0,71.0,284.8,94820.0,0.0
2023-05-24 19:00:00+05:30,28.4,62,4.39,0.05,13.0,2.0,11.0,24.1,94860.0,0.0
2023-05-24 20:00:00+05:30,27.0,67,3.92,0.04,0.0,0.0,0.0,0.0,94930.0,0.0
2023-05-24 21:00:00+05:30,25.8,75,3.6,0.04,0.0,0.0,0.0,0.0,95000.0,0.0
2023-05-24 22:00:00+05:30,24.9,82,3.2,0.12,0.0,0.0,0.0,0.0,95030.0,0.0
2023-05-24 23:00:00+05:30,24.5,85,3.01,0.1,0.0,0.0,0.0,0.0,95030.0,0.0
2023-05-25 00:00:00+05:30,24.0,86,3.0,0.22,0.0,0.0,0.0,0.0,94990.0,0.0
2023-05-25 01:00:00+05:30,23.6,87,3.1,0.12,0.0,0.0,0.0,0.0,94900.0,0.0
2023-05-25 02:00:00+05:30,23.4,88,2.91,0.09,0.0,0.0,0.0,0.0,94860.0,0.0
2023-05-25 03:00:00+05:30,23.0,87,2.83,0.12,0.0,0.0,0.0,0.0,94830.0,0.0
2023-05-25 04:00:00+05:30,22.8,84,2.81,0.02,0.0,0.0,0.0,0.0,94860.0,0.0
2023-05-25 05:00:00+05:30,23.2,87,2.9,0.04,0.0,0.0,0.0,0.0,94900.0,0.0
2023-05-25 06:00:00+05:30,23.8,84,3.52,0.06,10.0,2.0,8.0,26.2,94970.0,0.0
2023-05-25 07:00:00+05:30,25.8,71,4.03,0.22,134.0,64.0,70.0,288.5,95060.0,0.0
2023-05-25 08:00:00+05:30,27.7,61,4.32,0.32,332.0,209.0,123.0,469.7,95120.0,0.0
2023-05-25 09:00:00+05:30,29.5,53,4.53,0.23,555.0,396.0,159.0,613.4,95140.0,0.0
2023-05-25 10:00:00+05:30,31.3,44,4.83,0.1,728.0,543.0,185.0,670.5,95170.0,0.0
2023-05-25 11:00:00+05:30,32.7,41,4.87,0.05,878.0,692.0,186.0,746.7,95120.0,0.0
2023-05-25 12:00:00+05:30,33.9,38,5.1,0.04,955.0,778.0,177.0,787.3,95050.0,0.0
2023-05-25 13:00:00+05:30,34.5,37,5.38,0.08,946.0,771.0,175.0,778.8,94980.0,0.0
2023-05-25 14:00:00+05:30,34.7,33,5.67,0.44,866.0,690.0,176.0,740.2,94880.0,0.0
2023-05-25 15:00:00+05:30,33.7,34,6.0,0.3,640.0,457.0,183.0,558.3,94850.0,0.0
2023-05-25 16:00:00+05:30,32.7,37,5.95,0.07,504.0,367.0,137.0,558.6,94800.0,0.0
2023-05-25 17:00:00+05:30,31.7,41,5.16,0.01,353.0,241.0,112.0,525.7,94880.0,0.0
2023-05-25 18:00:00+05:30,29.4,51,4.98,0.0,151.0,79.0,72.0,334.1,94910.0,0.0
2023-05-25 19:00:00+05:30,27.4,63,4.4,0.04,13.0,3.0,10.0,35.8,94920.0,0.0
2023-05-25 20:00:00+05:30,26.1,68,4.12,0.04,0.0,0.0,0.0,0.0,94960.0,0.0
2023-05-25 21:00:00+05:30,25.0,73,3.54,0.0,0.0,0.0,0.0,0.0,95000.0,0.0
2023-05-25 22:00:00+05:30,24.2,78,3.34,0.0,0.0,0.0,0.0,0.0,95010.0,0.0
2023-05-25 23:00:00+05:30,23.9,83,3.08,0.06,0.0,0.0,0.0,0.0,95000.0,0.0
2023-05-26 00:00:00+05:30,23.8,86,2.98,0.09,0.0,0.0,0.0,0.0,94950.0,0.0
2023-05-26 01:00:00+05:30,23.6,86,3.04,0.08,0.0,0.0,0.0,0.0,94910.0,0.0
2023-05-26 02:00:00+05:30,23.6,85,3.3,0.14,0.0,0.0,0.0,0.0,94880.0,0.0
2023-05-26 03:00:00+05:30,23.5,87,3.2,0.15,0.0,0.0,0.0,0.0,94880.0,0.0
2023-05-26 04:00:00+05:30,23.5,88,2.89,0.16,0.0,0.0,0.0,0.0,94920.0,0.0
2023-05-26 05:00:00+05:30,23.6,88,3.21,0.41,0.0,0.0,0.0,0.0,94990.0,0.0
2023-05-26 06:00:00+05:30,24.4,84,4.0,1.0,6.0,0.0,6.0,0.0,95050.0,0.0
2023-05-26 07:00:00+05:30,25.1,80,4.31,0.41,79.0,18.0,61.0,81.0,95140.0,0.0
2023-05-26 08:00:00+05:30,27.2,68,5.3,0.35,296.0,170.0,126.0,381.9,95180.0,0.0
2023-05-26 09:00:00+05:30,29.2,58,5.5,0.17,499.0,329.0,170.0,509.7,95210.0,0.0
2023-05-26 10:00:00+05:30,31.0,50,5.9,0.25,692.0,497.0,195.0,613.8,95210.0,0.0
2023-05-26 11:00:00+05:30,32.0,46,5.6,0.12,822.0,608.0,214.0,656.2,95150.0,0.0
2023-05-26 12:00:00+05:30,33.0,44,5.8,0.1,930.0,741.0,189.0,750.0,95080.0,0.0
2023-05-26 13:00:00+05:30,33.2,43,5.71,0.16,910.0,716.0,194.0,723.3,95000.0,0.0
2023-05-26 14:00:00+05:30,32.0,43,5.45,0.66,700.0,496.0,204.0,532.0,94930.0,0.2
2023-05-26 15:00:00+05:30,31.1,50,5.9,0.32,450.0,268.0,182.0,327.2,94880.0,0.0
2023-05-26 16:00:00+05:30,31.1,50,5.64,0.26,513.0,364.0,149.0,553.5,94860.0,0.0
2023-05-26 17:00:00+05:30,29.5,57,4.77,0.25,333.0,210.0,123.0,457.1,94920.0,0.0
2023-05-26 18:00:00+05:30,28.6,61,5.15,0.45,123.0,54.0,69.0,227.2,94960.0,0.0
2023-05-26 19:00:00+05:30,27.1,68,4.33,0.16,12.0,2.0,10.0,23.7,94980.0,0.0
2023-05-26 20:00:00+05:30,26.1,75,3.8,0.06,0.0,0.0,0.0,0.0,95030.0,0.0
2023-05-26 21:00:00+05:30,25.1,80,2.93,0.08,0.0,0.0,0.0,0.0,95050.0,0.0
2023-05-26 22:00:00+05:30,24.1,86,2.47,0.2,0.0,0.0,0.0,0.0,95040.0,0.0
2023-05-26 23:00:00+05:30,23.5,90,2.56,0.66,0.0,0.0,0.0,0.0,94980.0,0.0
2023-05-27 00:00:00+05:30,23.0,92,2.79,0.56,0.0,0.0,0.0,0.0,94930.0,0.0
2023-05-27 01:00:00+05:30,22.7,91,2.93,0.05,0.0,0.0,0.0,0.0,94880.0,0.0
2023-05-27 02:00:00+05:30,22.2,92,2.62,0.03,0.0,0.0,0.0,0.0,94810.0,0.0
2023-05-27 03:00:00+05:30,22.0,92,2.33,0.08,0.0,0.0,0.0,0.0,94780.0,0.0
2023-05-27 04:00:00+05:30,21.7,93,2.3,0.22,0.0,0.0,0.0,0.0,94790.0,0.0
2023-05-27 05:00:00+05:30,22.0,87,2.3,0.37,0.0,0.0,0.0,0.0,94830.0,0.0
2023-05-27 06:00:00+05:30,22.5,85,2.6,0.01,10.0,2.0,8.0,26.1,94900.0,0.0
2023-05-27 07:00:00+05:30,24.5,74,3.0,0.01,142.0,71.0,71.0,319.1,95020.0,0.0
2023-05-27 08:00:00+05:30,26.9,62,4.23,0.2,348.0,227.0,121.0,509.9,95060.0,0.0
2023-05-27 09:00:00+05:30,29.0,53,4.43,0.4,546.0,382.0,164.0,591.9,95090.0,0.0
2023-05-27 10:00:00+05:30,30.6,46,4.73,0.31,715.0,492.0,223.0,607.8,95080.0,0.0
2023-05-27 11:00:00+05:30,32.0,42,4.94,0.08,861.0,642.0,219.0,693.1,95050.0,0.0
2023-05-27 12:00:00+05:30,33.4,38,5.05,0.04,946.0,741.0,205.0,750.2,95010.0,0.0
2023-05-27 13:00:00+05:30,34.5,34,5.0,0.37,959.0,773.0,186.0,780.9,94920.0,0.0
2023-05-27 14:00:00+05:30,34.2,32,4.84,0.4,743.0,526.0,217.0,564.1,94840.0,0.0
2023-05-27 15:00:00+05:30,33.7,34,4.87,0.65,637.0,439.0,198.0,535.8,94800.0,0.0
2023-05-27 16:00:00+05:30,32.0,41,5.17,0.46,354.0,187.0,167.0,284.1,94760.0,0.0
2023-05-27 17:00:00+05:30,31.6,40,4.57,0.32,269.0,148.0,121.0,321.5,94810.0,0.0
2023-05-27 18:00:00+05:30,29.4,50,5.15,0.24,115.0,42.0,73.0,175.8,94810.0,0.0
2023-05-27 19:00:00+05:30,27.1,64,4.44,0.18,12.0,2.0,10.0,23.5,94850.0,0.0
2023-05-27 20:00:00+05:30,26.6,65,3.57,0.17,0.0,0.0,0.0,0.0,94890.0,0.0
2023-05-27 21:00:00+05:30,25.9,68,3.01,0.01,0.0,0.0,0.0,0.0,94950.0,0.0
2023-05-27 22:00:00+05:30,24.9,74,2.62,0.03,0.0,0.0,0.0,0.0,94970.0,0.0
2023-05-27 23:00:00+05:30,24.1,81,2.45,0.02,0.0,0.0,0.0,0.0,94930.0,0.0
2023-05-28 00:00:00+05:30,23.4,86,2.7,0.02,0.0,0.0,0.0,0.0,94880.0,0.0
2023-05-28 01:00:00+05:30,23.0,90,2.94,0.03,0.0,0.0,0.0,0.0,94800.0,0.0
2023-05-28 02:00:00+05:30,22.7,92,2.98,0.03,0.0,0.0,0.0,0.0,94740.0,0.0
2023-05-28 03:00:00+05:30,22.5,93,2.79,0.03,0.0,0.0,0.0,0.0,94710.0,0.0
2023-05-28 04:00:00+05:30,22.3,94,2.32,0.05,0.0,0.0,0.0,0.0,94720.0,0.0
2023-05-28 05:00:00+05:30,23.2,90,2.26,0.09,0.0,0.0,0.0,0.0,94780.0,0.0
2023-05-28 06:00:00+05:30,23.8,86,2.86,0.13,10.0,1.0,9.0,13.0,94860.0,0.0
2023-05-28 07:00:00+05:30,25.5,76,3.83,0.2,136.0,64.0,72.0,287.3,94940.0,0.0
2023-05-28 08:00:00+05:30,27.8,64,3.92,0.16,328.0,202.0,126.0,453.7,94960.0,0.0
2023-05-28 09:00:00+05:30,29.9,53,4.05,0.03,561.0,403.0,158.0,624.5,94970.0,0.0
2023-05-28 10:00:00+05:30,31.8,46,4.22,0.01,765.0,609.0,156.0,752.5,94980.0,0.0
2023-05-28 11:00:00+05:30,33.5,41,4.05,0.01,902.0,737.0,165.0,795.9,94950.0,0.0
2023-05-28 12:00:00+05:30,35.0,33,3.99,0.11,973.0,803.0,170.0,813.1,94910.0,0.0
2023-05-28 13:00:00+05:30,35.8,28,4.11,0.45,920.0,730.0,190.0,737.5,94840.0,0.0
2023-05-28 14:00:00+05:30,35.6,27,4.29,0.3,773.0,546.0,227.0,585.5,94780.0,0.0
2023-05-28 15:00:00+05:30,34.5,32,4.52,0.29,634.0,444.0,190.0,541.7,94740.0,0.0
2023-05-28 16:00:00+05:30,33.0,39,4.46,0.46,472.0,328.0,144.0,497.8,94700.0,0.0
2023-05-28 17:00:00+05:30,32.5,38,4.68,0.25,281.0,153.0,128.0,331.7,94680.0,0.0
2023-05-28 18:00:00+05:30,30.8,42,4.24,0.06,136.0,68.0,68.0,283.3,94710.0,0.0
2023-05-28 19:00:00+05:30,28.8,51,3.52,0.04,14.0,3.0,11.0,35.0,94720.0,0.0
2023-05-28 20:00:00+05:30,27.0,59,3.51,0.02,0.0,0.0,0.0,0.0,94760.0,0.0
2023-05-28 21:00:00+05:30,25.6,69,3.07,0.01,0.0,0.0,0.0,0.0,94840.0,0.0
2023-05-28 22:00:00+05:30,24.5,80,3.36,0.01,0.0,0.0,0.0,0.0,94900.0,0.0
2023-05-28 23:00:00+05:30,23.7,90,2.5,0.03,0.0,0.0,0.0,0.0,94900.0,0.0
2023-05-29 00:00:00+05:30,23.4,94,2.53,0.06,0.0,0.0,0.0,0.0,94820.0,0.0
2023-05-29 01:00:00+05:30,23.0,96,2.5,0.06,0.0,0.0,0.0,0.0,94710.0,0.0
2023-05-29 02:00:00+05:30,22.6,96,1.49,0.04,0.0,0.0,0.0,0.0,94670.0,0.0
2023-05-29 03:00:00+05:30,22.4,97,2.06,0.07,0.0,0.0,0.0,0.0,94620.0,0.0
2023-05-29 04:00:00+05:30,22.1,98,1.84,0.14,0.0,0.0,0.0,0.0,94610.0,0.0
2023-05-29 05:00:00+05:30,22.3,95,1.22,0.14,0.0,0.0,0.0,0.0,94730.0,0.0
2023-05-29 06:00:00+05:30,23.4,89,0.81,0.04,11.0,2.0,9.0,26.0,94820.0,0.0
2023-05-29 07:00:00+05:30,25.5,78,1.2,0.01,139.0,69.0,70.0,309.4,94890.0,0.0
2023-05-29 08:00:00+05:30,28.0,66,0.91,0.0,350.0,236.0,114.0,530.0,94940.0,0.0
2023-05-29 09:00:00+05:30,30.9,52,0.78,0.0,567.0,429.0,138.0,665.0,94940.0,0.0
2023-05-29 10:00:00+05:30,33.8,39,0.92,0.0,755.0,600.0,155.0,741.6,94940.0,0.0
2023-05-29 11:00:00+05:30,36.2,29,1.3,0.1,893.0,729.0,164.0,787.5,94890.0,0.0
2023-05-29 12:00:00+05:30,37.5,23,2.14,0.23,901.0,704.0,197.0,713.0,94820.0,0.0
2023-05-29 13:00:00+05:30,38.5,21,2.73,0.43,911.0,714.0,197.0,721.4,94770.0,0.0
2023-05-29 14:00:00+05:30,38.2,22,3.44,0.54,764.0,540.0,224.0,579.0,94660.0,0.0
2023-05-29 15:00:00+05:30,37.5,23,3.72,0.64,584.0,384.0,200.0,468.3,94630.0,0.0
2023-05-29 16:00:00+05:30,35.2,28,5.87,0.62,459.0,257.0,202.0,389.7,94620.0,0.0
2023-05-29 17:00:00+05:30,33.7,33,5.28,0.23,305.0,168.0,137.0,363.5,94630.0,0.0
2023-05-29 18:00:00+05:30,31.2,54,4.97,0.24,132.0,65.0,67.0,269.4,94680.0,0.0
2023-05-29 19:00:00+05:30,28.6,72,4.12,0.16,14.0,3.0,11.0,34.8,94740.0,0.0
2023-05-29 20:00:00+05:30,27.2,80,3.73,0.11,0.0,0.0,0.0,0.0,94840.0,0.0
2023-05-29 21:00:00+05:30,26.3,85,3.18,0.11,0.0,0.0,0.0,0.0,94900.0,0.0
2023-05-29 22:00:00+05:30,25.5,88,2.41,0.13,0.0,0.0,0.0,0.0,94930.0,0.0
2023-05-29 23:00:00+05:30,24.9,90,2.3,0.16,0.0,0.0,0.0,0.0,94910.0,0.0
2023-05-30 00:00:00+05:30,24.1,92,2.5,0.16,0.0,0.0,0.0,0.0,94860.0,0.0
2023-05-30 01:00:00+05:30,23.5,95,1.9,0.39,0.0,0.0,0.0,0.0,94800.0,0.0
2023-05-30 02:00:00+05:30,23.0,97,1.26,0.04,0.0,0.0,0.0,0.0,94750.0,0.0
2023-05-30 03:00:00+05:30,22.5,99,1.25,0.03,0.0,0.0,0.0,0.0,94690.0,0.0
2023-05-30 04:00:00+05:30,22.0,99,1.08,0.01,0.0,0.0,0.0,0.0,94680.0,0.0
2023-05-30 05:00:00+05:30,22.5,95,1.12,0.08,0.0,0.0,0.0,0.0,94710.0,0.0
2023-05-30 06:00:00+05:30,23.8,85,0.63,0.11,11.0,2.0,9.0,25.9,94810.0,0.0
2023-05-30 07:00:00+05:30,26.4,66,0.41,0.0,138.0,67.0,71.0,300.2,94940.0,0.0
2023-05-30 08:00:00+05:30,29.5,49,0.94,0.0,356.0,244.0,112.0,548.0,95020.0,0.0
2023-05-30 09:00:00+05:30,32.8,37,1.0,0.0,575.0,439.0,136.0,680.7,95030.0,0.0
2023-05-30 10:00:00+05:30,35.3,28,0.82,0.0,765.0,611.0,154.0,755.5,95010.0,0.0
2023-05-30 11:00:00+05:30,37.2,21,1.14,0.37,908.0,747.0,161.0,807.2,94970.0,0.0
2023-05-30 12:00:00+05:30,37.8,17,2.78,0.29,803.0,588.0,215.0,595.6,94880.0,0.0
2023-05-30 13:00:00+05:30,38.3,17,4.0,0.37,845.0,639.0,206.0,645.7,94780.0,0.0
2023-05-30 14:00:00+05:30,38.0,18,4.47,0.5,844.0,650.0,194.0,696.8,94710.0,0.0
2023-05-30 15:00:00+05:30,37.3,19,4.43,0.25,653.0,435.0,218.0,530.2,94630.0,0.0
2023-05-30 16:00:00+05:30,36.2,22,5.32,0.36,538.0,366.0,172.0,554.4,94590.0,0.0
2023-05-30 17:00:00+05:30,33.5,36,5.86,0.96,326.0,202.0,124.0,436.3,94670.0,0.0
2023-05-30 18:00:00+05:30,31.5,47,5.55,0.68,97.0,38.0,59.0,156.7,94710.0,0.0
2023-05-30 19:00:00+05:30,28.9,69,4.55,0.41,12.0,2.0,10.0,23.0,94760.0,0.0
2023-05-30 20:00:00+05:30,27.8,77,4.18,0.23,0.0,0.0,0.0,0.0,94780.0,0.0
2023-05-30 21:00:00+05:30,27.0,82,3.67,0.04,0.0,0.0,0.0,0.0,94830.0,0.0
2023-05-30 22:00:00+05:30,26.4,85,2.02,0.0,0.0,0.0,0.0,0.0,94850.0,0.0
2023-05-30 23:00:00+05:30,25.7,88,1.33,0.02,0.0,0.0,0.0,0.0,94850.0,0.0
2023-05-31 00:00:00+05:30,25.1,91,1.14,0.0,0.0,0.0,0.0,0.0,94790.0,0.0
2023-05-31 01:00:00+05:30,24.4,94,0.73,0.0,0.0,0.0,0.0,0.0,94730.0,0.0
2023-05-31 02:00:00+05:30,24.0,94,1.27,0.0,0.0,0.0,0.0,0.0,94680.0,0.0
2023-05-31 03:00:00+05:30,23.6,94,1.13,0.0,0.0,0.0,0.0,0.0,94670.0,0.0
2023-05-31 04:00:00+05:30,23.2,93,1.06,0.0,0.0,0.0,0.0,0.0,94670.0,0.0
2023-05-31 05:00:00+05:30,23.2,99,1.9,0.0,0.0,0.0,0.0,0.0,94730.0,0.0
2023-05-31 06:00:00+05:30,23.9,96,1.4,0.43,10.0,2.0,8.0,25.9,94830.0,0.0
2023-05-31 07:00:00+05:30,25.9,85,0.7,0.14,135.0,62.0,73.0,277.6,94930.0,0.0
2023-05-31 08:00:00+05:30,28.8,69,0.42,0.0,344.0,221.0,123.0,496.5,95010.0,0.0
2023-05-31 09:00:00+05:30,32.2,49,1.2,0.0,569.0,431.0,138.0,668.5,95020.0,0.0
2023-05-31 10:00:00+05:30,35.5,29,2.24,0.16,757.0,603.0,154.0,745.9,95010.0,0.0
2023-05-31 11:00:00+05:30,37.2,20,2.11,0.12,788.0,604.0,184.0,652.8,94960.0,0.0
2023-05-31 12:00:00+05:30,38.4,18,1.94,0.27,858.0,660.0,198.0,668.7,94860.0,0.0
2023-05-31 13:00:00+05:30,39.2,17,3.08,0.75,892.0,698.0,194.0,705.3,94750.0,0.0
2023-05-31 14:00:00+05:30,38.7,19,4.58,0.94,856.0,672.0,184.0,720.3,94650.0,0.0
2023-05-31 15:00:00+05:30,37.0,21,4.7,0.98,486.0,278.0,208.0,338.7,94590.0,0.0
2023-05-31 16:00:00+05:30,37.8,19,3.58,0.31,555.0,400.0,155.0,605.3,94560.0,0.0
2023-05-31 17:00:00+05:30,36.3,24,5.01,0.91,364.0,247.0,117.0,532.4,94580.0,0.0
2023-05-31 18:00:00+05:30,32.6,47,5.22,0.83,147.0,70.0,77.0,287.3,94630.0,0.0
2023-05-31 19:00:00+05:30,30.4,64,4.98,0.87,14.0,2.0,12.0,22.8,94650.0,0.0
2023-05-31 20:00:00+05:30,28.4,75,3.93,0.15,0.0,0.0,0.0,0.0,94680.0,0.0
2023-05-31 21:00:00+05:30,27.9,74,2.77,0.09,0.0,0.0,0.0,0.0,94700.0,0.0
2023-05-31 22:00:00+05:30,27.5,71,1.6,0.06,0.0,0.0,0.0,0.0,94720.0,0.0
2023-05-31 23:00:00+05:30,26.6,71,2.21,0.04,0.0,0.0,0.0,0.0,94690.0,0.0
2023-06-01 00:00:00+05:30,25.8,69,1.41,0.03,0.0,0.0,0.0,0.0,94630.0,0.0
2023-06-01 01:00:00+05:30,24.5,74,0.81,0.1,0.0,0.0,0.0,0.0,94630.0,0.0
2023-06-01 02:00:00+05:30,24.8,71,2.64,0.07,0.0,0.0,0.0,0.0,94600.0,0.0
2023-06-01 03:00:00+05:30,24.3,71,2.33,0.06,0.0,0.0,0.0,0.0,94560.0,0.0
2023-06-01 04:00:00+05:30,23.5,72,1.28,0.09,0.0,0.0,0.0,0.0,94580.0,0.0
2023-06-01 05:00:00+05:30,23.3,82,1.86,0.0,0.0,0.0,0.0,0.0,94680.0,0.0
2023-06-01 06:00:00+05:30,23.9,73,2.12,0.0,11.0,2.0,9.0,25.9,94710.0,0.0
2023-06-01 07:00:00+05:30,27.0,54,1.71,0.0,142.0,73.0,69.0,326.8,94840.0,0.0
2023-06-01 08:00:00+05:30,30.5,36,2.14,0.0,358.0,246.0,112.0,552.8,94890.0,0.0
2023-06-01 09:00:00+05:30,33.8,26,2.22,0.0,577.0,441.0,136.0,684.3,94940.0,0.0
2023-06-01 10:00:00+05:30,36.1,21,2.28,0.0,765.0,613.0,152.0,758.5,94930.0,0.0
2023-06-01 11:00:00+05:30,37.5,19,2.3,0.02,901.0,738.0,163.0,797.9,94900.0,0.0
2023-06-01 12:00:00+05:30,38.2,18,2.92,0.19,936.0,759.0,177.0,769.2,94830.0,0.0
2023-06-01 13:00:00+05:30,38.3,19,4.11,0.13,878.0,685.0,193.0,692.3,94750.0,0.0
2023-06-01 14:00:00+05:30,38.0,20,4.78,0.81,851.0,666.0,185.0,713.8,94660.0,0.0
2023-06-01 15:00:00+05:30,37.7,20,4.65,0.99,727.0,571.0,156.0,695.4,94630.0,0.0
2023-06-01 16:00:00+05:30,36.3,24,5.23,1.0,546.0,396.0,150.0,598.7,94610.0,0.0
2023-06-01 17:00:00+05:30,33.4,37,5.08,0.97,337.0,218.0,119.0,469.0,94650.0,0.0
2023-06-01 18:00:00+05:30,31.8,50,5.11,0.58,134.0,58.0,76.0,236.9,94690.0,0.0
2023-06-01 19:00:00+05:30,29.7,63,4.39,0.44,13.0,2.0,11.0,22.7,94730.0,0.0
2023-06-01 20:00:00+05:30,27.8,79,4.49,0.23,0.0,0.0,0.0,0.0,94780.0,0.0
2023-06-01 21:00:00+05:30,26.8,85,3.7,0.02,0.0,0.0,0.0,0.0,94800.0,0.0
2023-06-01 22:00:00+05:30,26.0,86,3.51,0.05,0.0,0.0,0.0,0.0,94790.0,0.0
2023-06-01 23:00:00+05:30,25.3,86,2.8,0.1,0.0,0.0,0.0,0.0,94750.0,0.0
2023-06-02 00:00:00+05:30,24.8,83,2.22,0.04,0.0,0.0,0.0,0.0,94710.0,0.0
2023-06-02 01:00:00+05:30,24.1,83,2.52,0.04,0.0,0.0,0.0,0.0,94680.0,0.0
2023-06-02 02:00:00+05:30,23.5,85,2.9,0.07,0.0,0.0,0.0,0.0,94640.0,0.0
2023-06-02 03:00:00+05:30,23.0,89,3.0,0.08,0.0,0.0,0.0,0.0,94660.0,0.0
2023-06-02 04:00:00+05:30,22.8,91,2.82,0.14,0.0,0.0,0.0,0.0,94660.0,0.0
2023-06-02 05:00:00+05:30,23.2,89,2.41,0.1,0.0,0.0,0.0,0.0,94720.0,0.0
2023-06-02 06:00:00+05:30,23.5,86,2.73,0.18,11.0,2.0,9.0,25.9,94770.0,0.0
2023-06-02 07:00:00+05:30,25.6,73,2.9,0.05,138.0,66.0,72.0,295.4,94860.0,0.0
2023-06-02 08:00:00+05:30,28.1,58,3.0,0.05,356.0,241.0,115.0,541.7,94940.0,0.0
2023-06-02 09:00:00+05:30,30.5,48,3.88,0.09,574.0,430.0,144.0,667.5,95000.0,0.0
2023-06-02 10:00:00+05:30,32.2,43,4.3,0.12,748.0,579.0,169.0,716.7,95020.0,0.0
2023-06-02 11:00:00+05:30,33.8,37,4.62,0.03,887.0,700.0,187.0,757.1,95000.0,0.0
2023-06-02 12:00:00+05:30,34.8,34,4.88,0.03,965.0,789.0,176.0,799.8,94960.0,0.0
2023-06-02 13:00:00+05:30,35.4,32,4.85,0.21,965.0,789.0,176.0,797.4,94870.0,0.0
2023-06-02 14:00:00+05:30,35.3,32,4.81,0.09,822.0,629.0,193.0,674.1,94790.0,0.0
2023-06-02 15:00:00+05:30,34.8,32,4.79,0.28,711.0,543.0,168.0,661.0,94740.0,0.0
2023-06-02 16:00:00+05:30,33.6,37,4.84,0.41,476.0,323.0,153.0,487.9,94700.0,0.0
2023-06-02 17:00:00+05:30,32.2,42,4.92,0.26,299.0,176.0,123.0,377.9,94730.0,0.0
2023-06-02 18:00:00+05:30,30.4,49,4.44,0.08,144.0,73.0,71.0,296.8,94750.0,0.0
2023-06-02 19:00:00+05:30,28.5,58,3.79,0.02,16.0,3.0,13.0,33.8,94770.0,0.0
2023-06-02 20:00:00+05:30,27.0,69,3.61,0.01,0.0,0.0,0.0,0.0,94810.0,0.0
2023-06-02 21:00:00+05:30,25.7,80,3.23,0.02,0.0,0.0,0.0,0.0,94850.0,0.0
2023-06-02 22:00:00+05:30,25.0,84,2.88,0.01,0.0,0.0,0.0,0.0,94870.0,0.0
2023-06-02 23:00:00+05:30,24.4,86,2.69,0.17,0.0,0.0,0.0,0.0,94860.0,0.0
2023-06-03 00:00:00+05:30,24.1,87,2.63,0.24,0.0,0.0,0.0,0.0,94810.0,0.0
2023-06-03 01:00:00+05:30,23.9,88,2.52,0.32,0.0,0.0,0.0,0.0,94760.0,0.0
2023-06-03 02:00:00+05:30,23.9,88,2.41,0.19,0.0,0.0,0.0,0.0,94710.0,0.0
2023-06-03 03:00:00+05:30,23.5,91,2.41,0.22,0.0,0.0,0.0,0.0,94630.0,0.0
2023-06-03 04:00:00+05:30,23.4,92,2.31,0.23,0.0,0.0,0.0,0.0,94630.0,0.0
2023-06-03 05:00:00+05:30,24.1,91,2.33,0.26,0.0,0.0,0.0,0.0,94710.0,0.0
2023-06-03 06:00:00+05:30,24.9,86,3.0,0.2,9.0,1.0,8.0,12.9,94780.0,0.0
2023-06-03 07:00:00+05:30,26.3,77,3.24,0.28,129.0,58.0,71.0,259.6,94870.0,0.0
2023-06-03 08:00:00+05:30,28.5,64,3.7,0.17,333.0,204.0,129.0,458.7,94930.0,0.0
2023-06-03 09:00:00+05:30,30.4,55,3.73,0.05,542.0,383.0,159.0,594.8,94950.0,0.0
2023-06-03 10:00:00+05:30,32.2,48,3.79,0.01,745.0,584.0,161.0,723.2,94960.0,0.0
2023-06-03 11:00:00+05:30,33.6,42,4.18,0.08,879.0,702.0,177.0,759.5,94920.0,0.0
2023-06-03 12:00:00+05:30,35.0,37,4.33,0.12,947.0,758.0,189.0,768.5,94870.0,0.0
2023-06-03 13:00:00+05:30,35.5,35,4.73,0.09,945.0,753.0,192.0,761.1,94810.0,0.0
2023-06-03 14:00:00+05:30,35.2,37,3.98,0.19,845.0,643.0,202.0,689.0,94740.0,0.1
2023-06-03 15:00:00+05:30,33.4,41,4.88,0.62,666.0,488.0,178.0,593.8,94710.0,0.2
2023-06-03 16:00:00+05:30,32.5,46,4.25,0.31,425.0,279.0,146.0,421.0,94630.0,0.0
2023-06-03 17:00:00+05:30,32.5,44,4.61,0.32,301.0,177.0,124.0,379.3,94610.0,0.0
2023-06-03 18:00:00+05:30,30.9,50,4.3,0.12,136.0,66.0,70.0,267.1,94620.0,0.0
2023-06-03 19:00:00+05:30,29.1,58,3.63,0.03,15.0,3.0,12.0,33.6,94640.0,0.0
2023-06-03 20:00:00+05:30,27.5,69,4.16,0.02,0.0,0.0,0.0,0.0,94720.0,0.0
2023-06-03 21:00:00+05:30,26.3,76,3.67,0.01,0.0,0.0,0.0,0.0,94790.0,0.0
2023-06-03 22:00:00+05:30,25.6,81,3.16,0.12,0.0,0.0,0.0,0.0,94810.0,0.0
2023-06-03 23:00:00+05:30,25.2,82,2.93,0.11,0.0,0.0,0.0,0.0,94830.0,0.0
2023-06-04 00:00:00+05:30,24.8,84,2.84,0.17,0.0,0.0,0.0,0.0,94750.0,0.0
2023-06-04 01:00:00+05:30,24.4,86,2.6,0.14,0.0,0.0,0.0,0.0,94680.0,0.0
2023-06-04 02:00:00+05:30,24.1,89,2.2,0.15,0.0,0.0,0.0,0.0,94640.0,0.0
2023-06-04 03:00:00+05:30,23.9,91,2.4,0.21,0.0,0.0,0.0,0.0,94630.0,0.0
2023-06-04 04:00:00+05:30,24.0,90,2.61,0.17,0.0,0.0,0.0,0.0,94670.0,0.0
2023-06-04 05:00:00+05:30,24.4,90,2.6,0.07,0.0,0.0,0.0,0.0,94680.0,0.0
2023-06-04 06:00:00+05:30,25.0,87,3.1,0.21,10.0,1.0,9.0,12.9,94770.0,0.0
2023-06-04 07:00:00+05:30,26.5,78,3.9,0.22,129.0,58.0,71.0,259.7,94870.0,0.0
2023-06-04 08:00:00+05:30,28.5,67,4.32,0.26,312.0,185.0,127.0,416.2,94930.0,0.0
2023-06-04 09:00:00+05:30,30.5,57,4.36,0.21,514.0,345.0,169.0,536.0,94950.0,0.0
2023-06-04 10:00:00+05:30,31.9,51,4.3,0.25,700.0,498.0,202.0,617.0,94980.0,0.0
2023-06-04 11:00:00+05:30,33.0,47,4.47,0.35,815.0,607.0,208.0,657.0,94930.0,0.0
2023-06-04 12:00:00+05:30,29.4,61,5.97,0.84,809.0,570.0,239.0,578.0,94910.0,1.0
2023-06-04 13:00:00+05:30,31.5,56,4.54,0.27,571.0,292.0,279.0,295.1,94830.0,0.1
2023-06-04 14:00:00+05:30,31.8,48,6.09,0.78,773.0,540.0,233.0,578.5,94800.0,0.0
2023-06-04 15:00:00+05:30,30.5,56,4.25,0.34,527.0,283.0,244.0,344.2,94710.0,0.7
2023-06-04 16:00:00+05:30,31.2,53,3.49,0.09,541.0,358.0,183.0,539.7,94640.0,0.0
2023-06-04 17:00:00+05:30,28.3,62,1.8,0.09,359.0,241.0,118.0,515.5,94660.0,0.0
2023-06-04 18:00:00+05:30,28.2,62,1.7,0.01,156.0,77.0,79.0,310.3,94630.0,0.0
2023-06-04 19:00:00+05:30,26.8,68,1.41,0.01,17.0,4.0,13.0,44.5,94580.0,0.0
2023-06-04 20:00:00+05:30,26.0,72,1.84,0.0,0.0,0.0,0.0,0.0,94630.0,0.0
2023-06-04 21:00:00+05:30,25.3,77,1.92,0.0,0.0,0.0,0.0,0.0,94670.0,0.0
2023-06-04 22:00:00+05:30,24.4,81,1.34,0.0,0.0,0.0,0.0,0.0,94700.0,0.0
2023-06-04 23:00:00+05:30,23.9,84,1.4,0.0,0.0,0.0,0.0,0.0,94710.0,0.0
2023-06-05 00:00:00+05:30,23.4,88,2.05,0.0,0.0,0.0,0.0,0.0,94640.0,0.0
2023-06-05 01:00:00+05:30,22.9,92,1.71,0.0,0.0,0.0,0.0,0.0,94600.0,0.0
2023-06-05 02:00:00+05:30,22.7,97,2.09,0.41,0.0,0.0,0.0,0.0,94590.0,0.0
2023-06-05 03:00:00+05:30,23.0,98,2.0,1.0,0.0,0.0,0.0,0.0,94580.0,0.0
2023-06-05 04:00:00+05:30,23.7,94,2.61,0.39,0.0,0.0,0.0,0.0,94640.0,0.0
2023-06-05 05:00:00+05:30,24.0,91,2.12,0.68,0.0,0.0,0.0,0.0,94710.0,0.0
2023-06-05 06:00:00+05:30,24.5,89,2.75,1.0,8.0,1.0,7.0,12.9,94730.0,0.0
2023-06-05 07:00:00+05:30,26.0,79,3.41,0.46,107.0,32.0,75.0,143.3,94810.0,0.0
2023-06-05 08:00:00+05:30,28.0,67,3.41,0.1,317.0,185.0,132.0,416.4,94860.0,0.0
2023-06-05 09:00:00+05:30,29.9,56,3.6,0.05,551.0,399.0,152.0,620.3,94910.0,0.0
2023-06-05 10:00:00+05:30,31.5,50,3.95,0.15,734.0,566.0,168.0,701.5,94920.0,0.0
2023-06-05 11:00:00+05:30,32.9,45,4.12,0.08,844.0,644.0,200.0,697.2,94860.0,0.0
2023-06-05 12:00:00+05:30,33.8,43,4.51,0.2,932.0,744.0,188.0,754.7,94820.0,0.0
2023-06-05 13:00:00+05:30,34.3,42,4.59,0.17,898.0,682.0,216.0,689.4,94710.0,0.0
2023-06-05 14:00:00+05:30,33.7,44,4.49,0.98,804.0,603.0,201.0,645.9,94630.0,0.0
2023-06-05 15:00:00+05:30,33.5,44,4.32,0.19,623.0,432.0,191.0,525.1,94540.0,0.0
2023-06-05 16:00:00+05:30,32.6,48,4.79,0.19,538.0,385.0,153.0,579.9,94480.0,0.0
2023-06-05 17:00:00+05:30,31.2,51,5.03,0.18,348.0,231.0,117.0,493.2,94510.0,0.0
2023-06-05 18:00:00+05:30,29.4,58,4.52,0.1,154.0,79.0,75.0,317.0,94520.0,0.0
2023-06-05 19:00:00+05:30,27.8,66,3.77,0.02,17.0,4.0,13.0,44.2,94560.0,0.0
2023-06-05 20:00:00+05:30,26.5,74,3.83,0.01,0.0,0.0,0.0,0.0,94640.0,0.0
2023-06-05 21:00:00+05:30,25.4,79,3.1,0.02,0.0,0.0,0.0,0.0,94710.0,0.0
2023-06-05 22:00:00+05:30,24.6,83,2.35,0.04,0.0,0.0,0.0,0.0,94740.0,0.0
2023-06-05 23:00:00+05:30,23.8,88,2.02,0.03,0.0,0.0,0.0,0.0,94740.0,0.0
2023-06-06 00:00:00+05:30,23.0,92,1.81,0.03,0.0,0.0,0.0,0.0,94690.0,0.0
2023-06-06 01:00:00+05:30,22.6,95,2.0,0.03,0.0,0.0,0.0,0.0,94640.0,0.0
2023-06-06 02:00:00+05:30,22.4,95,2.12,0.09,0.0,0.0,0.0,0.0,94610.0,0.0
2023-06-06 03:00:00+05:30,22.5,95,2.22,0.18,0.0,0.0,0.0,0.0,94610.0,0.0
2023-06-06 04:00:00+05:30,22.5,94,2.45,0.23,0.0,0.0,0.0,0.0,94620.0,0.0
2023-06-06 05:00:00+05:30,22.9,95,2.45,0.29,0.0,0.0,0.0,0.0,94660.0,0.0
2023-06-06 06:00:00+05:30,23.5,90,2.43,0.18,11.0,2.0,9.0,25.9,94720.0,0.0
2023-06-06 07:00:00+05:30,25.5,78,3.01,0.13,134.0,63.0,71.0,282.4,94790.0,0.0
2023-06-06 08:00:00+05:30,27.5,65,3.32,0.17,341.0,219.0,122.0,493.3,94840.0,0.0
2023-06-06 09:00:00+05:30,29.6,56,3.69,0.1,558.0,404.0,154.0,628.4,94900.0,0.0
2023-06-06 10:00:00+05:30,31.5,50,4.05,0.05,743.0,573.0,170.0,710.5,94880.0,0.0
2023-06-06 11:00:00+05:30,33.1,43,3.77,0.04,886.0,713.0,173.0,772.2,94850.0,0.0
2023-06-06 12:00:00+05:30,34.5,37,3.4,0.25,955.0,778.0,177.0,789.3,94760.0,0.0
2023-06-06 13:00:00+05:30,35.1,35,3.47,0.09,884.0,696.0,188.0,703.6,94670.0,0.0
2023-06-06 14:00:00+05:30,35.5,33,4.02,0.26,810.0,621.0,189.0,665.1,94570.0,0.0
2023-06-06 15:00:00+05:30,34.8,34,3.58,0.28,622.0,443.0,179.0,538.3,94490.0,0.0
2023-06-06 16:00:00+05:30,34.5,34,3.31,0.14,483.0,321.0,162.0,483.0,94450.0,0.0
2023-06-06 17:00:00+05:30,33.9,37,3.67,0.06,351.0,232.0,119.0,494.4,94400.0,0.0
2023-06-06 18:00:00+05:30,32.2,45,3.64,0.09,149.0,74.0,75.0,295.6,94410.0,0.0
2023-06-06 19:00:00+05:30,29.9,58,3.9,0.08,17.0,4.0,13.0,43.9,94460.0,0.0
2023-06-06 20:00:00+05:30,27.8,72,4.24,0.02,0.0,0.0,0.0,0.0,94550.0,0.0
2023-06-06 21:00:00+05:30,26.5,78,3.91,0.04,0.0,0.0,0.0,0.0,94640.0,0.0
2023-06-06 22:00:00+05:30,25.6,82,3.4,0.02,0.0,0.0,0.0,0.0,94670.0,0.0
2023-06-06 23:00:00+05:30,24.9,85,3.0,0.04,0.0,0.0,0.0,0.0,94680.0,0.0
2023-06-07 00:00:00+05:30,24.2,88,3.0,0.02,0.0,0.0,0.0,0.0,94630.0,0.0
2023-06-07 01:00:00+05:30,23.7,91,3.0,0.05,0.0,0.0,0.0,0.0,94590.0,0.0
2023-06-07 02:00:00+05:30,23.3,92,2.82,0.1,0.0,0.0,0.0,0.0,94530.0,0.0
2023-06-07 03:00:00+05:30,23.2,92,2.71,0.15,0.0,0.0,0.0,0.0,94530.0,0.0
2023-06-07 04:00:00+05:30,23.1,92,2.45,0.16,0.0,0.0,0.0,0.0,94540.0,0.0
2023-06-07 05:00:00+05:30,24.4,86,3.5,0.61,0.0,0.0,0.0,0.0,94640.0,0.0
2023-06-07 06:00:00+05:30,24.6,84,3.0,0.89,9.0,1.0,8.0,13.0,94660.0,0.0
2023-06-07 07:00:00+05:30,25.7,78,3.24,0.3,122.0,45.0,77.0,201.9,94720.0,0.0
2023-06-07 08:00:00+05:30,27.9,65,3.7,0.04,323.0,191.0,132.0,430.5,94760.0,0.0
2023-06-07 09:00:00+05:30,30.0,55,3.61,0.07,563.0,409.0,154.0,636.5,94760.0,0.0
2023-06-07 10:00:00+05:30,31.8,47,4.06,0.32,757.0,596.0,161.0,739.4,94790.0,0.0
2023-06-07 11:00:00+05:30,33.0,43,4.03,0.04,889.0,719.0,170.0,779.0,94750.0,0.0
2023-06-07 12:00:00+05:30,34.8,36,3.63,0.14,959.0,782.0,177.0,793.5,94690.0,0.0
2023-06-07 13:00:00+05:30,35.8,29,3.76,0.28,916.0,723.0,193.0,730.9,94630.0,0.0
2023-06-07 14:00:00+05:30,35.5,28,3.76,0.21,738.0,548.0,190.0,586.8,94560.0,0.0
2023-06-07 15:00:00+05:30,35.5,28,3.52,0.27,688.0,509.0,179.0,618.2,94480.0,0.0
2023-06-07 16:00:00+05:30,35.0,30,4.59,0.34,524.0,385.0,139.0,578.8,94440.0,0.0
2023-06-07 17:00:00+05:30,33.9,34,3.82,0.22,329.0,217.0,112.0,461.6,94460.0,0.0
2023-06-07 18:00:00+05:30,32.0,43,4.21,0.64,160.0,84.0,76.0,334.2,94510.0,0.0
2023-06-07 19:00:00+05:30,30.2,51,4.3,0.24,18.0,4.0,14.0,43.7,94560.0,0.0
2023-06-07 20:00:00+05:30,28.2,62,5.12,0.13,0.0,0.0,0.0,0.0,94640.0,0.0
2023-06-07 21:00:00+05:30,26.7,69,4.12,0.07,0.0,0.0,0.0,0.0,94720.0,0.0
2023-06-07 22:00:00+05:30,25.8,75,3.83,0.02,0.0,0.0,0.0,0.0,94740.0,0.0
2023-06-07 23:00:00+05:30,24.9,82,3.26,0.06,0.0,0.0,0.0,0.0,94740.0,0.0
2023-06-08 00:00:00+05:30,24.3,86,2.56,0.11,0.0,0.0,0.0,0.0,94690.0,0.0
2023-06-08 01:00:00+05:30,24.0,87,2.94,0.1,0.0,0.0,0.0,0.0,94640.0,0.0
2023-06-08 02:00:00+05:30,24.0,87,3.77,0.14,0.0,0.0,0.0,0.0,94600.0,0.0
2023-06-08 03:00:00+05:30,23.9,88,2.91,0.08,0.0,0.0,0.0,0.0,94590.0,0.0
2023-06-08 04:00:00+05:30,23.5,90,1.71,0.11,0.0,0.0,0.0,0.0,94590.0,0.0
2023-06-08 05:00:00+05:30,23.5,91,1.3,0.35,0.0,0.0,0.0,0.0,94700.0,0.0
2023-06-08 06:00:00+05:30,24.5,85,2.26,0.23,10.0,1.0,9.0,13.0,94750.0,0.0
2023-06-08 07:00:00+05:30,26.1,76,2.44,0.17,128.0,54.0,74.0,242.5,94800.0,0.0
2023-06-08 08:00:00+05:30,28.0,66,2.43,0.12,328.0,203.0,125.0,457.9,94840.0,0.0
2023-06-08 09:00:00+05:30,30.2,57,2.8,0.1,548.0,390.0,158.0,607.3,94870.0,0.0
2023-06-08 10:00:00+05:30,32.0,49,3.2,0.86,737.0,565.0,172.0,701.3,94860.0,0.0
2023-06-08 11:00:00+05:30,33.5,43,3.31,0.71,863.0,669.0,194.0,725.1,94830.0,0.0
2023-06-08 12:00:00+05:30,34.8,38,3.31,0.09,925.0,731.0,194.0,741.9,94760.0,0.0
2023-06-08 13:00:00+05:30,35.2,36,3.61,0.42,922.0,728.0,194.0,736.0,94690.0,0.0
2023-06-08 14:00:00+05:30,35.4,35,3.61,0.74,765.0,552.0,213.0,591.0,94610.0,0.0
2023-06-08 15:00:00+05:30,35.3,35,4.46,0.46,720.0,541.0,179.0,656.7,94560.0,0.0
2023-06-08 16:00:00+05:30,31.5,52,5.43,0.82,508.0,353.0,155.0,530.2,94540.0,0.4
2023-06-08 17:00:00+05:30,31.1,52,4.61,0.69,292.0,167.0,125.0,354.6,94500.0,0.0
2023-06-08 18:00:00+05:30,30.2,58,4.73,0.82,141.0,54.0,87.0,214.0,94480.0,0.0
2023-06-08 19:00:00+05:30,28.6,66,4.02,0.72,17.0,3.0,14.0,32.6,94580.0,0.0
2023-06-08 20:00:00+05:30,27.5,73,3.61,0.17,0.0,0.0,0.0,0.0,94630.0,0.0
2023-06-08 21:00:00+05:30,26.5,79,3.58,0.84,0.0,0.0,0.0,0.0,94680.0,0.0
2023-06-08 22:00:00+05:30,26.0,82,3.54,0.9,0.0,0.0,0.0,0.0,94680.0,0.0
2023-06-08 23:00:00+05:30,25.6,83,2.84,0.85,0.0,0.0,0.0,0.0,94670.0,0.0
2023-06-09 00:00:00+05:30,25.1,85,2.38,0.52,0.0,0.0,0.0,0.0,94600.0,0.0
2023-06-09 01:00:00+05:30,24.7,87,2.01,0.14,0.0,0.0,0.0,0.0,94530.0,0.0
2023-06-09 02:00:00+05:30,24.3,88,1.81,0.14,0.0,0.0,0.0,0.0,94460.0,0.0
2023-06-09 03:00:00+05:30,24.1,89,1.61,0.28,0.0,0.0,0.0,0.0,94440.0,0.0
2023-06-09 04:00:00+05:30,24.1,89,1.9,0.18,0.0,0.0,0.0,0.0,94460.0,0.0
2023-06-09 05:00:00+05:30,24.0,90,1.3,0.58,0.0,0.0,0.0,0.0,94480.0,0.0
2023-06-09 06:00:00+05:30,24.9,86,1.75,0.35,10.0,1.0,9.0,13.0,94620.0,0.0
2023-06-09 07:00:00+05:30,26.3,78,2.28,0.21,123.0,50.0,73.0,224.8,94700.0,0.0
2023-06-09 08:00:00+05:30,28.2,67,2.56,0.13,329.0,205.0,124.0,462.8,94740.0,0.0
2023-06-09 09:00:00+05:30,30.5,56,2.33,0.02,550.0,395.0,155.0,615.5,94720.0,0.0
2023-06-09 10:00:00+05:30,32.4,49,2.33,0.07,743.0,578.0,165.0,717.8,94650.0,0.0
2023-06-09 11:00:00+05:30,34.2,41,2.56,0.18,871.0,686.0,185.0,743.8,94600.0,0.0
2023-06-09 12:00:00+05:30,35.2,36,2.73,0.16,894.0,706.0,188.0,716.7,94520.0,0.0
2023-06-09 13:00:00+05:30,36.0,32,4.3,0.34,892.0,694.0,198.0,701.6,94450.0,0.0
2023-06-09 14:00:00+05:30,34.0,37,4.84,0.71,783.0,561.0,222.0,600.5,94410.0,0.3
2023-06-09 15:00:00+05:30,32.4,48,4.25,0.25,504.0,268.0,236.0,325.2,94340.0,0.3
2023-06-09 16:00:00+05:30,31.5,48,4.7,0.62,560.0,414.0,146.0,621.2,94360.0,0.1
2023-06-09 17:00:00+05:30,29.6,63,5.22,0.58,242.0,102.0,140.0,216.2,94370.0,0.7
2023-06-09 18:00:00+05:30,30.1,55,4.83,0.23,141.0,63.0,78.0,248.6,94340.0,0.0
2023-06-09 19:00:00+05:30,28.6,61,3.64,0.07,17.0,3.0,14.0,32.4,94370.0,0.0
2023-06-09 20:00:00+05:30,27.8,67,2.94,0.07,0.0,0.0,0.0,0.0,94420.0,0.0
2023-06-09 21:00:00+05:30,27.0,72,3.4,0.06,0.0,0.0,0.0,0.0,94430.0,0.0
2023-06-09 22:00:00+05:30,26.2,78,3.05,0.16,0.0,0.0,0.0,0.0,94460.0,0.0
2023-06-09 23:00:00+05:30,25.5,82,3.38,0.18,0.0,0.0,0.0,0.0,94460.0,0.0
2023-06-10 00:00:00+05:30,25.0,82,2.72,0.43,0.0,0.0,0.0,0.0,94400.0,0.0
2023-06-10 01:00:00+05:30,24.8,84,1.94,0.4,0.0,0.0,0.0,0.0,94360.0,0.0
2023-06-10 02:00:00+05:30,24.6,84,1.22,0.18,0.0,0.0,0.0,0.0,94310.0,0.0
2023-06-10 03:00:00+05:30,24.4,86,0.78,0.23,0.0,0.0,0.0,0.0,94310.0,0.0
2023-06-10 04:00:00+05:30,24.5,84,0.63,0.1,0.0,0.0,0.0,0.0,94320.0,0.0
2023-06-10 05:00:00+05:30,24.5,83,1.25,0.14,0.0,0.0,0.0,0.0,94340.0,0.0
2023-06-10 06:00:00+05:30,25.5,78,2.39,0.24,10.0,1.0,9.0,13.0,94420.0,0.0
2023-06-10 07:00:00+05:30,27.2,70,2.86,0.96,131.0,61.0,70.0,274.7,94500.0,0.0
2023-06-10 08:00:00+05:30,28.9,63,3.26,0.15,330.0,207.0,123.0,467.8,94510.0,0.0
2023-06-10 09:00:00+05:30,30.8,55,3.23,0.06,540.0,386.0,154.0,602.0,94520.0,0.0
2023-06-10 10:00:00+05:30,32.5,49,3.98,0.22,728.0,564.0,164.0,700.8,94490.0,0.0
2023-06-10 11:00:00+05:30,34.0,44,4.04,0.27,806.0,596.0,210.0,646.4,94480.0,0.0
2023-06-10 12:00:00+05:30,34.0,42,4.95,0.24,843.0,634.0,209.0,643.8,94420.0,0.0
2023-06-10 13:00:00+05:30,34.5,42,4.26,0.49,819.0,605.0,214.0,611.7,94340.0,0.1
2023-06-10 14:00:00+05:30,32.2,52,4.0,0.37,797.0,550.0,247.0,588.6,94280.0,1.1
2023-06-10 15:00:00+05:30,33.2,47,4.46,0.39,653.0,428.0,225.0,519.0,94230.0,0.0
2023-06-10 16:00:00+05:30,30.0,55,5.75,0.66,515.0,351.0,164.0,526.2,94280.0,0.6
2023-06-10 17:00:00+05:30,31.9,43,5.17,0.77,253.0,117.0,136.0,247.5,94240.0,2.0
2023-06-10 18:00:00+05:30,28.4,62,5.23,0.31,155.0,78.0,77.0,306.5,94320.0,0.0
2023-06-10 19:00:00+05:30,27.7,65,3.89,0.26,17.0,3.0,14.0,32.2,94410.0,0.0
2023-06-10 20:00:00+05:30,27.0,70,3.12,0.33,0.0,0.0,0.0,0.0,94450.0,0.0
2023-06-10 21:00:00+05:30,26.4,72,2.75,0.1,0.0,0.0,0.0,0.0,94470.0,0.0
2023-06-10 22:00:00+05:30,25.9,75,2.47,0.09,0.0,0.0,0.0,0.0,94490.0,0.0
2023-06-10 23:00:00+05:30,25.5,77,1.71,0.05,0.0,0.0,0.0,0.0,94450.0,0.0
2023-06-11 00:00:00+05:30,24.8,80,0.82,0.04,0.0,0.0,0.0,0.0,94390.0,0.0
2023-06-11 01:00:00+05:30,24.5,82,1.02,0.09,0.0,0.0,0.0,0.0,94310.0,0.0
2023-06-11 02:00:00+05:30,24.1,84,1.08,0.12,0.0,0.0,0.0,0.0,94260.0,0.0
2023-06-11 03:00:00+05:30,24.0,84,1.14,0.11,0.0,0.0,0.0,0.0,94240.0,0.0
2023-06-11 04:00:00+05:30,23.9,84,1.87,0.4,0.0,0.0,0.0,0.0,94270.0,0.0
2023-06-11 05:00:00+05:30,23.6,87,1.22,0.31,0.0,0.0,0.0,0.0,94280.0,0.0
2023-06-11 06:00:00+05:30,24.8,81,1.93,0.42,10.0,1.0,9.0,13.1,94380.0,0.0
2023-06-11 07:00:00+05:30,26.0,74,1.89,0.24,118.0,46.0,72.0,207.6,94410.0,0.0
2023-06-11 08:00:00+05:30,28.2,62,2.73,0.04,319.0,194.0,125.0,438.9,94460.0,0.0
2023-06-11 09:00:00+05:30,30.6,51,3.83,0.1,549.0,407.0,142.0,635.2,94500.0,0.0
2023-06-11 10:00:00+05:30,32.2,46,4.3,0.3,693.0,516.0,177.0,641.5,94500.0,0.0
2023-06-11 11:00:00+05:30,33.4,42,5.02,0.15,823.0,626.0,197.0,679.2,94490.0,0.0
2023-06-11 12:00:00+05:30,33.2,41,6.08,0.56,895.0,684.0,211.0,694.7,94460.0,0.1
2023-06-11 13:00:00+05:30,31.0,54,5.02,0.49,754.0,525.0,229.0,530.8,94390.0,0.9
2023-06-11 14:00:00+05:30,31.0,51,5.97,0.68,800.0,553.0,247.0,591.7,94270.0,0.9
2023-06-11 15:00:00+05:30,29.5,60,7.0,0.56,558.0,369.0,189.0,447.2,94240.0,1.0
2023-06-11 16:00:00+05:30,29.4,59,4.89,0.24,498.0,316.0,182.0,473.2,94220.0,0.1
2023-06-11 17:00:00+05:30,30.2,51,4.0,0.29,333.0,208.0,125.0,439.3,94220.0,0.0
2023-06-11 18:00:00+05:30,29.0,55,3.98,0.09,144.0,67.0,77.0,262.2,94250.0,0.0
2023-06-11 19:00:00+05:30,27.4,63,3.38,0.06,18.0,4.0,14.0,42.6,94320.0,0.0
2023-06-11 20:00:00+05:30,26.5,68,2.47,0.04,0.0,0.0,0.0,0.0,94350.0,0.0
2023-06-11 21:00:00+05:30,26.0,72,2.1,0.04,0.0,0.0,0.0,0.0,94330.0,0.0
2023-06-11 22:00:00+05:30,25.4,74,1.92,0.01,0.0,0.0,0.0,0.0,94340.0,0.0
2023-06-11 23:00:00+05:30,24.5,77,1.12,0.67,0.0,0.0,0.0,0.0,94370.0,0.0
2023-06-12 00:00:00+05:30,24.0,80,1.02,0.79,0.0,0.0,0.0,0.0,94330.0,0.0
2023-06-12 01:00:00+05:30,24.0,80,1.34,0.95,0.0,0.0,0.0,0.0,94260.0,0.0
2023-06-12 02:00:00+05:30,23.8,81,1.44,0.89,0.0,0.0,0.0,0.0,94200.0,0.0
2023-06-12 03:00:00+05:30,23.5,82,1.28,0.52,0.0,0.0,0.0,0.0,94190.0,0.0
2023-06-12 04:00:00+05:30,23.8,82,0.85,0.6,0.0,0.0,0.0,0.0,94230.0,0.0
2023-06-12 05:00:00+05:30,23.6,85,1.22,0.68,0.0,0.0,0.0,0.0,94160.0,0.0
2023-06-12 06:00:00+05:30,24.6,80,2.1,0.19,10.0,1.0,9.0,13.1,94250.0,0.0
2023-06-12 07:00:00+05:30,26.5,70,3.16,0.97,127.0,54.0,73.0,244.2,94330.0,0.0
2023-06-12 08:00:00+05:30,27.6,64,3.41,0.77,198.0,44.0,154.0,99.7,94390.0,0.0
2023-06-12 09:00:00+05:30,29.3,59,4.66,0.51,411.0,189.0,222.0,295.2,94450.0,0.0
2023-06-12 10:00:00+05:30,31.0,51,5.25,0.42,650.0,414.0,236.0,515.0,94420.0,0.0
2023-06-12 11:00:00+05:30,32.2,45,6.13,0.09,800.0,578.0,222.0,627.4,94430.0,0.0
2023-06-12 12:00:00+05:30,33.3,41,6.67,0.12,932.0,746.0,186.0,757.8,94380.0,0.0
2023-06-12 13:00:00+05:30,33.5,41,7.01,0.16,901.0,698.0,203.0,705.7,94360.0,0.0
2023-06-12 14:00:00+05:30,33.2,40,7.5,0.08,845.0,658.0,187.0,703.8,94300.0,0.0
2023-06-12 15:00:00+05:30,32.2,45,6.95,0.19,709.0,542.0,167.0,656.5,94250.0,0.0
2023-06-12 16:00:00+05:30,31.4,48,6.58,0.14,533.0,373.0,160.0,558.0,94200.0,0.0
2023-06-12 17:00:00+05:30,31.0,44,6.13,0.21,356.0,233.0,123.0,491.1,94230.0,0.0
2023-06-12 18:00:00+05:30,29.0,52,5.39,0.72,160.0,84.0,76.0,327.4,94260.0,0.0
2023-06-12 19:00:00+05:30,27.5,61,3.91,0.46,19.0,4.0,15.0,42.4,94300.0,0.0
2023-06-12 20:00:00+05:30,26.6,67,3.54,0.31,0.0,0.0,0.0,0.0,94370.0,0.0
2023-06-12 21:00:00+05:30,26.0,72,3.14,0.36,0.0,0.0,0.0,0.0,94420.0,0.0
2023-06-12 22:00:00+05:30,25.4,76,2.92,0.54,0.0,0.0,0.0,0.0,94450.0,0.0
2023-06-12 23:00:00+05:30,25.0,79,2.83,0.52,0.0,0.0,0.0,0.0,94450.0,0.0
2023-06-13 00:00:00+05:30,24.5,82,2.82,0.18,0.0,0.0,0.0,0.0,94370.0,0.0
2023-06-13 01:00:00+05:30,24.2,83,2.79,0.87,0.0,0.0,0.0,0.0,94330.0,0.0
2023-06-13 02:00:00+05:30,24.1,85,3.13,0.98,0.0,0.0,0.0,0.0,94300.0,0.0
2023-06-13 03:00:00+05:30,24.2,86,3.42,0.83,0.0,0.0,0.0,0.0,94290.0,0.0
2023-06-13 04:00:00+05:30,23.8,88,3.27,0.97,0.0,0.0,0.0,0.0,94300.0,0.0
2023-06-13 05:00:00+05:30,24.4,84,3.07,0.91,0.0,0.0,0.0,0.0,94340.0,0.0
2023-06-13 06:00:00+05:30,24.8,83,3.32,1.0,9.0,1.0,8.0,13.1,94380.0,0.0
2023-06-13 07:00:00+05:30,25.8,77,4.79,0.96,112.0,41.0,71.0,185.9,94430.0,0.0
2023-06-13 08:00:00+05:30,27.7,67,4.55,0.46,283.0,156.0,127.0,353.9,94510.0,0.0
2023-06-13 09:00:00+05:30,29.9,57,6.26,0.51,517.0,360.0,157.0,562.8,94560.0,0.0
2023-06-13 10:00:00+05:30,29.5,60,6.64,0.34,588.0,383.0,205.0,476.8,94560.0,0.1
2023-06-13 11:00:00+05:30,31.0,53,6.8,0.3,821.0,599.0,222.0,650.5,94560.0,0.1
2023-06-13 12:00:00+05:30,30.8,56,6.73,0.49,892.0,678.0,214.0,688.9,94510.0,1.1
2023-06-13 13:00:00+05:30,30.8,55,6.51,0.54,782.0,572.0,210.0,578.3,94470.0,0.5
2023-06-13 14:00:00+05:30,31.0,52,6.58,0.24,682.0,455.0,227.0,486.6,94400.0,0.4
2023-06-13 15:00:00+05:30,30.3,56,6.23,0.29,629.0,436.0,193.0,527.8,94370.0,0.1
2023-06-13 16:00:00+05:30,30.1,54,6.0,0.65,494.0,327.0,167.0,488.7,94340.0,0.0
2023-06-13 17:00:00+05:30,29.3,55,5.74,0.58,297.0,170.0,127.0,357.7,94390.0,0.0
2023-06-13 18:00:00+05:30,27.6,62,4.96,0.61,155.0,77.0,78.0,298.9,94410.0,0.0
2023-06-13 19:00:00+05:30,26.4,70,3.96,0.39,18.0,4.0,14.0,42.2,94420.0,0.0
2023-06-13 20:00:00+05:30,25.6,76,3.18,0.32,0.0,0.0,0.0,0.0,94500.0,0.0
2023-06-13 21:00:00+05:30,25.0,82,3.47,0.61,0.0,0.0,0.0,0.0,94560.0,0.0
2023-06-13 22:00:00+05:30,24.7,84,3.32,0.82,0.0,0.0,0.0,0.0,94610.0,0.1
2023-06-13 23:00:00+05:30,24.5,84,2.77,1.0,0.0,0.0,0.0,0.0,94580.0,0.0
2023-06-14 00:00:00+05:30,24.4,83,2.92,0.94,0.0,0.0,0.0,0.0,94520.0,0.0
2023-06-14 01:00:00+05:30,23.8,86,3.22,1.0,0.0,0.0,0.0,0.0,94480.0,0.0
2023-06-14 02:00:00+05:30,23.8,88,3.28,1.0,0.0,0.0,0.0,0.0,94460.0,0.0
2023-06-14 03:00:00+05:30,24.0,88,3.39,1.0,0.0,0.0,0.0,0.0,94460.0,0.0
2023-06-14 04:00:00+05:30,24.0,88,2.98,1.0,0.0,0.0,0.0,0.0,94450.0,0.0
2023-06-14 05:00:00+05:30,24.0,90,3.41,0.95,0.0,0.0,0.0,0.0,94480.0,0.0
2023-06-14 06:00:00+05:30,24.0,87,3.75,1.0,8.0,1.0,7.0,13.2,94550.0,0.0
2023-06-14 07:00:00+05:30,24.9,81,2.36,0.99,87.0,18.0,69.0,81.8,94610.0,0.0
2023-06-14 08:00:00+05:30,27.2,69,4.89,1.0,308.0,181.0,127.0,411.2,94690.0,0.0
2023-06-14 09:00:00+05:30,28.9,62,5.38,0.89,469.0,286.0,183.0,447.6,94740.0,0.0
2023-06-14 10:00:00+05:30,29.8,58,6.44,0.25,654.0,436.0,218.0,543.1,94760.0,0.0
2023-06-14 11:00:00+05:30,31.5,51,5.98,0.11,813.0,603.0,210.0,655.1,94730.0,0.0
2023-06-14 12:00:00+05:30,31.9,50,5.9,0.2,843.0,610.0,233.0,619.9,94700.0,0.0
2023-06-14 13:00:00+05:30,30.6,56,6.88,0.52,865.0,654.0,211.0,661.2,94640.0,1.2
2023-06-14 14:00:00+05:30,29.0,63,6.49,0.9,623.0,416.0,207.0,444.7,94610.0,0.8
2023-06-14 15:00:00+05:30,30.0,57,7.44,0.7,649.0,431.0,218.0,521.5,94580.0,0.1
2023-06-14 16:00:00+05:30,27.9,68,7.16,0.82,514.0,349.0,165.0,521.0,94570.0,0.2
2023-06-14 17:00:00+05:30,28.0,65,4.92,0.86,282.0,155.0,127.0,325.5,94530.0,0.0
2023-06-14 18:00:00+05:30,26.5,72,4.92,0.99,141.0,59.0,82.0,228.1,94570.0,0.0
2023-06-14 19:00:00+05:30,25.0,80,4.02,0.98,15.0,3.0,12.0,31.4,94610.0,0.0
2023-06-14 20:00:00+05:30,24.2,81,3.48,0.74,0.0,0.0,0.0,0.0,94640.0,0.0
2023-06-14 21:00:00+05:30,24.4,84,4.67,1.0,0.0,0.0,0.0,0.0,94690.0,0.0
2023-06-14 22:00:00+05:30,24.7,83,4.58,1.0,0.0,0.0,0.0,0.0,94740.0,0.1
2023-06-14 23:00:00+05:30,24.6,84,4.11,0.54,0.0,0.0,0.0,0.0,94700.0,0.0
2023-06-15 00:00:00+05:30,24.0,88,3.56,0.99,0.0,0.0,0.0,0.0,94640.0,0.0
2023-06-15 01:00:00+05:30,24.1,88,3.68,0.91,0.0,0.0,0.0,0.0,94570.0,0.0
2023-06-15 02:00:00+05:30,24.0,88,4.04,0.87,0.0,0.0,0.0,0.0,94510.0,0.0
2023-06-15 03:00:00+05:30,23.7,89,4.28,0.97,0.0,0.0,0.0,0.0,94490.0,0.0
2023-06-15 04:00:00+05:30,23.9,89,3.56,1.0,0.0,0.0,0.0,0.0,94520.0,0.0
2023-06-15 05:00:00+05:30,24.1,89,3.71,0.99,0.0,0.0,0.0,0.0,94540.0,0.0
2023-06-15 06:00:00+05:30,24.5,85,3.04,0.24,6.0,0.0,6.0,0.0,94570.0,0.0
2023-06-15 07:00:00+05:30,25.4,79,3.89,0.45,121.0,45.0,76.0,205.1,94660.0,0.0
2023-06-15 08:00:00+05:30,27.3,68,5.48,0.36,289.0,150.0,139.0,341.2,94720.0,0.0
2023-06-15 09:00:00+05:30,28.8,61,6.22,0.3,467.0,276.0,191.0,432.3,94800.0,0.0
2023-06-15 10:00:00+05:30,30.0,55,6.38,0.49,619.0,389.0,230.0,484.9,94820.0,0.0
2023-06-15 11:00:00+05:30,30.5,54,5.69,0.57,668.0,403.0,265.0,438.0,94790.0,0.0
2023-06-15 12:00:00+05:30,32.1,46,6.13,0.28,812.0,515.0,297.0,523.5,94730.0,0.0
2023-06-15 13:00:00+05:30,32.5,43,6.62,0.2,876.0,623.0,253.0,629.8,94660.0,0.0
2023-06-15 14:00:00+05:30,32.0,45,6.8,0.21,814.0,585.0,229.0,625.2,94590.0,0.0
2023-06-15 15:00:00+05:30,31.5,48,6.75,0.21,709.0,510.0,199.0,616.7,94560.0,0.0
2023-06-15 16:00:00+05:30,30.5,51,6.8,0.2,502.0,344.0,158.0,513.0,94530.0,0.0
2023-06-15 17:00:00+05:30,28.5,59,5.38,0.12,332.0,199.0,133.0,417.1,94550.0,0.0
2023-06-15 18:00:00+05:30,27.6,63,4.76,0.38,154.0,71.0,83.0,273.4,94550.0,0.0
2023-06-15 19:00:00+05:30,26.4,70,4.39,0.2,20.0,4.0,16.0,41.7,94580.0,0.0
2023-06-15 20:00:00+05:30,25.4,77,3.69,0.79,0.0,0.0,0.0,0.0,94620.0,0.0
2023-06-15 21:00:00+05:30,24.8,81,2.9,0.68,0.0,0.0,0.0,0.0,94660.0,0.0
2023-06-15 22:00:00+05:30,24.4,83,2.9,0.2,0.0,0.0,0.0,0.0,94670.0,0.0
2023-06-15 23:00:00+05:30,24.0,85,3.14,0.22,0.0,0.0,0.0,0.0,94620.0,0.0
2023-06-16 00:00:00+05:30,24.0,84,3.39,1.0,0.0,0.0,0.0,0.0,94590.0,0.0
2023-06-16 01:00:00+05:30,23.8,86,3.55,0.74,0.0,0.0,0.0,0.0,94490.0,0.0
2023-06-16 02:00:00+05:30,23.9,85,3.33,0.51,0.0,0.0,0.0,0.0,94410.0,0.0
2023-06-16 03:00:00+05:30,23.7,86,3.05,0.34,0.0,0.0,0.0,0.0,94410.0,0.0
2023-06-16 04:00:00+05:30,23.8,86,3.26,0.66,0.0,0.0,0.0,0.0,94420.0,0.0
2023-06-16 05:00:00+05:30,24.5,88,2.9,0.95,0.0,0.0,0.0,0.0,94430.0,0.0
2023-06-16 06:00:00+05:30,24.9,84,4.04,1.0,6.0,0.0,6.0,0.0,94480.0,0.1
2023-06-16 07:00:00+05:30,25.4,81,4.75,0.87,81.0,19.0,62.0,86.9,94550.0,0.1
2023-06-16 08:00:00+05:30,26.6,73,4.88,0.46,253.0,101.0,152.0,230.1,94610.0,0.0
2023-06-16 09:00:00+05:30,28.8,61,5.6,0.52,513.0,333.0,180.0,522.2,94670.0,0.0
2023-06-16 10:00:00+05:30,29.9,55,7.14,0.45,613.0,374.0,239.0,466.5,94690.0,0.0
2023-06-16 11:00:00+05:30,30.8,52,8.54,0.43,707.0,455.0,252.0,494.7,94660.0,0.1
2023-06-16 12:00:00+05:30,30.9,53,7.19,0.23,782.0,528.0,254.0,536.8,94630.0,0.2
2023-06-16 13:00:00+05:30,31.5,51,7.29,0.23,892.0,657.0,235.0,664.2,94550.0,0.0
2023-06-16 14:00:00+05:30,31.0,53,7.74,0.25,828.0,617.0,211.0,659.3,94460.0,0.0
2023-06-16 15:00:00+05:30,30.1,56,8.23,0.38,693.0,481.0,212.0,581.3,94450.0,0.0
2023-06-16 16:00:00+05:30,29.0,60,8.28,0.51,478.0,292.0,186.0,435.0,94430.0,0.1
2023-06-16 17:00:00+05:30,28.6,62,6.04,0.74,281.0,144.0,137.0,301.3,94490.0,0.1
2023-06-16 18:00:00+05:30,26.8,70,5.55,0.93,135.0,56.0,79.0,214.8,94480.0,0.0
2023-06-16 19:00:00+05:30,25.4,79,4.39,0.99,19.0,4.0,15.0,41.5,94540.0,0.0
2023-06-16 20:00:00+05:30,25.0,82,4.12,1.0,0.0,0.0,0.0,0.0,94570.0,0.0
2023-06-16 21:00:00+05:30,25.0,83,4.88,0.99,0.0,0.0,0.0,0.0,94600.0,0.0
2023-06-16 22:00:00+05:30,24.3,87,4.0,1.0,0.0,0.0,0.0,0.0,94600.0,0.0
2023-06-16 23:00:00+05:30,24.4,86,3.94,1.0,0.0,0.0,0.0,0.0,94590.0,0.0
2023-06-17 00:00:00+05:30,24.5,86,3.98,1.0,0.0,0.0,0.0,0.0,94570.0,0.0
2023-06-17 01:00:00+05:30,24.1,88,3.76,0.96,0.0,0.0,0.0,0.0,94520.0,0.0
2023-06-17 02:00:00+05:30,24.0,90,3.54,1.0,0.0,0.0,0.0,0.0,94460.0,0.0
2023-06-17 03:00:00+05:30,24.3,88,3.98,1.0,0.0,0.0,0.0,0.0,94470.0,0.0
2023-06-17 04:00:00+05:30,24.6,87,3.94,1.0,0.0,0.0,0.0,0.0,94450.0,0.1
2023-06-17 05:00:00+05:30,24.2,89,3.94,0.94,0.0,0.0,0.0,0.0,94500.0,0.0
2023-06-17 06:00:00+05:30,24.4,87,4.05,1.0,7.0,0.0,7.0,0.0,94570.0,0.0
2023-06-17 07:00:00+05:30,25.5,81,5.37,0.99,102.0,23.0,79.0,105.5,94650.0,0.0
2023-06-17 08:00:00+05:30,26.8,74,6.31,1.0,270.0,138.0,132.0,314.9,94690.0,0.1
2023-06-17 09:00:00+05:30,28.8,64,6.49,0.95,503.0,316.0,187.0,496.0,94690.0,0.0
2023-06-17 10:00:00+05:30,30.0,58,6.8,0.98,641.0,450.0,191.0,561.6,94680.0,0.0
2023-06-17 11:00:00+05:30,30.9,54,6.91,0.96,667.0,382.0,285.0,415.5,94690.0,0.0
2023-06-17 12:00:00+05:30,31.0,55,6.48,0.94,725.0,412.0,313.0,418.9,94690.0,0.1
2023-06-17 13:00:00+05:30,31.7,53,6.48,0.67,900.0,712.0,188.0,719.8,94630.0,0.1
2023-06-17 14:00:00+05:30,31.4,52,6.38,0.16,782.0,570.0,212.0,608.9,94540.0,0.0
2023-06-17 15:00:00+05:30,31.4,51,6.67,0.31,710.0,521.0,189.0,629.2,94500.0,0.0
2023-06-17 16:00:00+05:30,29.8,58,6.57,0.59,533.0,346.0,187.0,514.9,94460.0,0.0
2023-06-17 17:00:00+05:30,28.4,62,5.44,0.71,320.0,179.0,141.0,373.8,94530.0,0.0
2023-06-17 18:00:00+05:30,26.8,70,4.92,0.47,141.0,64.0,77.0,244.6,94570.0,0.0
2023-06-17 19:00:00+05:30,25.1,79,4.44,0.36,18.0,3.0,15.0,30.9,94630.0,0.0
2023-06-17 20:00:00+05:30,24.4,84,4.03,0.77,0.0,0.0,0.0,0.0,94690.0,0.0
2023-06-17 21:00:00+05:30,24.1,86,3.67,0.61,0.0,0.0,0.0,0.0,94720.0,0.0
2023-06-17 22:00:00+05:30,24.2,86,3.81,0.29,0.0,0.0,0.0,0.0,94740.0,0.0
2023-06-17 23:00:00+05:30,23.9,88,3.1,0.74,0.0,0.0,0.0,0.0,94730.0,0.0
2023-06-18 00:00:00+05:30,23.8,89,3.67,1.0,0.0,0.0,0.0,0.0,94700.0,0.0
2023-06-18 01:00:00+05:30,23.9,89,4.03,1.0,0.0,0.0,0.0,0.0,94630.0,0.0
2023-06-18 02:00:00+05:30,23.6,91,3.58,1.0,0.0,0.0,0.0,0.0,94570.0,0.0
2023-06-18 03:00:00+05:30,23.6,91,4.02,1.0,0.0,0.0,0.0,0.0,94530.0,0.0
2023-06-18 04:00:00+05:30,23.8,91,3.35,1.0,0.0,0.0,0.0,0.0,94480.0,0.0
2023-06-18 05:00:00+05:30,24.5,88,4.98,1.0,0.0,0.0,0.0,0.0,94570.0,0.0
2023-06-18 06:00:00+05:30,24.1,89,4.65,1.0,8.0,0.0,8.0,0.0,94600.0,0.0
2023-06-18 07:00:00+05:30,24.9,84,5.38,0.98,88.0,20.0,68.0,92.0,94660.0,0.0
2023-06-18 08:00:00+05:30,26.6,75,5.85,0.91,255.0,116.0,139.0,265.2,94700.0,0.0
2023-06-18 09:00:00+05:30,28.5,64,5.92,0.36,466.0,259.0,207.0,407.0,94750.0,0.0
2023-06-18 10:00:00+05:30,30.0,57,6.8,0.3,610.0,375.0,235.0,468.4,94770.0,0.0
2023-06-18 11:00:00+05:30,31.0,54,6.41,0.48,791.0,549.0,242.0,597.4,94750.0,0.0
2023-06-18 12:00:00+05:30,31.6,51,6.4,0.79,878.0,627.0,251.0,637.6,94700.0,0.0
2023-06-18 13:00:00+05:30,31.6,49,6.6,0.28,888.0,661.0,227.0,668.2,94640.0,0.0
2023-06-18 14:00:00+05:30,30.2,56,6.64,0.43,739.0,505.0,234.0,539.3,94570.0,0.7
2023-06-18 15:00:00+05:30,29.6,59,6.5,0.5,569.0,360.0,209.0,434.5,94540.0,0.1
2023-06-18 16:00:00+05:30,29.0,63,6.2,0.74,473.0,304.0,169.0,451.9,94490.0,0.1
2023-06-18 17:00:00+05:30,28.1,64,5.22,0.35,295.0,153.0,142.0,318.9,94530.0,0.0
2023-06-18 18:00:00+05:30,26.9,70,5.01,0.96,129.0,50.0,79.0,190.4,94550.0,0.0
2023-06-18 19:00:00+05:30,25.4,79,3.92,1.0,18.0,3.0,15.0,30.8,94580.0,0.0
2023-06-18 20:00:00+05:30,24.7,84,3.3,1.0,0.0,0.0,0.0,0.0,94610.0,0.0
2023-06-18 21:00:00+05:30,24.4,86,3.01,1.0,0.0,0.0,0.0,0.0,94640.0,0.0
2023-06-18 22:00:00+05:30,23.8,89,2.82,0.94,0.0,0.0,0.0,0.0,94660.0,0.0
2023-06-18 23:00:00+05:30,23.5,90,2.67,0.99,0.0,0.0,0.0,0.0,94660.0,0.0
2023-06-19 00:00:00+05:30,23.3,91,2.77,1.0,0.0,0.0,0.0,0.0,94600.0,0.0
2023-06-19 01:00:00+05:30,23.4,90,3.14,1.0,0.0,0.0,0.0,0.0,94540.0,0.0
2023-06-19 02:00:00+05:30,23.5,89,3.55,1.0,0.0,0.0,0.0,0.0,94520.0,0.0
2023-06-19 03:00:00+05:30,23.5,88,3.4,1.0,0.0,0.0,0.0,0.0,94480.0,0.0
2023-06-19 04:00:00+05:30,23.1,89,3.3,1.0,0.0,0.0,0.0,0.0,94450.0,0.0
2023-06-19 05:00:00+05:30,23.3,92,3.3,1.0,0.0,0.0,0.0,0.0,94490.0,0.0
2023-06-19 06:00:00+05:30,23.7,89,3.5,0.99,9.0,1.0,8.0,13.5,94550.0,0.0
2023-06-19 07:00:00+05:30,25.1,80,4.12,0.98,112.0,37.0,75.0,170.9,94640.0,0.0
2023-06-19 08:00:00+05:30,27.0,68,4.3,0.93,272.0,137.0,135.0,313.7,94680.0,0.0
2023-06-19 09:00:00+05:30,29.0,58,5.6,0.84,530.0,371.0,159.0,583.6,94720.0,0.0
2023-06-19 10:00:00+05:30,30.2,53,6.0,0.48,669.0,460.0,209.0,574.9,94720.0,0.0
2023-06-19 11:00:00+05:30,31.9,46,6.0,0.68,811.0,590.0,221.0,642.3,94680.0,0.0
2023-06-19 12:00:00+05:30,32.2,43,6.24,0.83,784.0,499.0,285.0,507.6,94660.0,0.0
2023-06-19 13:00:00+05:30,32.4,42,5.71,0.52,781.0,490.0,291.0,495.3,94590.0,0.0
2023-06-19 14:00:00+05:30,33.1,40,5.8,0.32,869.0,679.0,190.0,724.8,94500.0,0.0
2023-06-19 15:00:00+05:30,33.2,39,5.9,0.58,715.0,507.0,208.0,611.6,94430.0,0.0
2023-06-19 16:00:00+05:30,32.7,40,6.11,0.69,546.0,362.0,184.0,537.6,94360.0,0.0
2023-06-19 17:00:00+05:30,29.9,52,5.1,0.94,314.0,158.0,156.0,328.8,94390.0,0.0
2023-06-19 18:00:00+05:30,29.0,55,4.9,0.41,134.0,53.0,81.0,201.1,94400.0,0.0
2023-06-19 19:00:00+05:30,26.9,68,4.42,0.15,19.0,4.0,15.0,40.8,94420.0,0.0
2023-06-19 20:00:00+05:30,25.9,75,3.8,0.05,0.0,0.0,0.0,0.0,94460.0,0.0
2023-06-19 21:00:00+05:30,25.0,82,3.31,0.07,0.0,0.0,0.0,0.0,94490.0,0.0
2023-06-19 22:00:00+05:30,24.2,87,2.71,0.89,0.0,0.0,0.0,0.0,94510.0,0.0
2023-06-19 23:00:00+05:30,23.9,90,2.55,0.97,0.0,0.0,0.0,0.0,94490.0,0.0
2023-06-20 00:00:00+05:30,23.3,93,2.28,1.0,0.0,0.0,0.0,0.0,94430.0,0.0
2023-06-20 01:00:00+05:30,23.2,92,2.15,1.0,0.0,0.0,0.0,0.0,94410.0,0.0
2023-06-20 02:00:00+05:30,23.4,90,2.56,0.98,0.0,0.0,0.0,0.0,94380.0,0.0
2023-06-20 03:00:00+05:30,23.6,88,2.94,1.0,0.0,0.0,0.0,0.0,94340.0,0.0
2023-06-20 04:00:00+05:30,23.7,87,2.61,1.0,0.0,0.0,0.0,0.0,94340.0,0.0
2023-06-20 05:00:00+05:30,23.5,90,2.72,0.99,0.0,0.0,0.0,0.0,94370.0,0.0
2023-06-20 06:00:00+05:30,23.9,88,2.82,0.96,9.0,1.0,8.0,13.6,94430.0,0.0
2023-06-20 07:00:00+05:30,25.1,81,2.93,0.99,119.0,47.0,72.0,217.9,94510.0,0.0
2023-06-20 08:00:00+05:30,26.7,71,3.5,1.0,287.0,162.0,125.0,371.6,94570.0,0.0
2023-06-20 09:00:00+05:30,28.8,60,4.4,0.94,489.0,327.0,162.0,514.9,94620.0,0.0
2023-06-20 10:00:00+05:30,30.8,52,4.51,0.98,682.0,472.0,210.0,590.3,94610.0,0.0
2023-06-20 11:00:00+05:30,31.6,48,4.8,0.58,696.0,423.0,273.0,460.7,94580.0,0.0
2023-06-20 12:00:00+05:30,32.3,44,4.9,0.94,712.0,385.0,327.0,391.7,94540.0,0.0
2023-06-20 13:00:00+05:30,32.9,43,5.0,0.3,806.0,569.0,237.0,575.1,94470.0,0.0
2023-06-20 14:00:00+05:30,32.8,46,5.61,0.2,834.0,624.0,210.0,665.9,94400.0,0.0
2023-06-20 15:00:00+05:30,32.2,48,5.9,0.19,699.0,516.0,183.0,622.1,94340.0,0.0
2023-06-20 16:00:00+05:30,31.4,50,6.3,0.36,536.0,366.0,170.0,543.0,94290.0,0.0
2023-06-20 17:00:00+05:30,29.9,54,5.7,0.51,350.0,217.0,133.0,450.8,94360.0,0.0
2023-06-20 18:00:00+05:30,28.4,61,5.5,0.87,154.0,73.0,81.0,276.0,94370.0,0.0
2023-06-20 19:00:00+05:30,26.5,69,4.5,0.97,18.0,4.0,14.0,40.7,94420.0,0.0
2023-06-20 20:00:00+05:30,25.5,77,3.71,1.0,0.0,0.0,0.0,0.0,94480.0,0.0
2023-06-20 21:00:00+05:30,25.0,81,3.0,1.0,0.0,0.0,0.0,0.0,94540.0,0.0
2023-06-20 22:00:00+05:30,24.5,85,2.96,0.98,0.0,0.0,0.0,0.0,94580.0,0.0
2023-06-20 23:00:00+05:30,24.2,86,3.04,1.0,0.0,0.0,0.0,0.0,94580.0,0.0
2023-06-21 00:00:00+05:30,23.9,87,2.94,0.99,0.0,0.0,0.0,0.0,94510.0,0.0
2023-06-21 01:00:00+05:30,23.5,88,2.71,1.0,0.0,0.0,0.0,0.0,94450.0,0.0
2023-06-21 02:00:00+05:30,23.1,90,2.21,1.0,0.0,0.0,0.0,0.0,94400.0,0.0
2023-06-21 03:00:00+05:30,23.1,90,2.32,1.0,0.0,0.0,0.0,0.0,94360.0,0.0
2023-06-21 04:00:00+05:30,23.1,90,2.21,1.0,0.0,0.0,0.0,0.0,94360.0,0.0
2023-06-21 05:00:00+05:30,23.6,91,1.73,1.0,0.0,0.0,0.0,0.0,94410.0,0.0
2023-06-21 06:00:00+05:30,24.5,85,2.5,0.43,7.0,1.0,6.0,13.6,94460.0,0.0
2023-06-21 07:00:00+05:30,25.6,79,2.92,0.94,112.0,41.0,71.0,190.8,94520.0,0.0
2023-06-21 08:00:00+05:30,27.4,68,3.62,0.33,303.0,171.0,132.0,393.0,94570.0,0.0
2023-06-21 09:00:00+05:30,29.4,58,4.44,0.68,525.0,367.0,158.0,578.5,94640.0,0.0
2023-06-21 10:00:00+05:30,31.1,51,4.4,0.6,690.0,503.0,187.0,629.5,94670.0,0.0
2023-06-21 11:00:00+05:30,32.2,47,4.6,0.48,822.0,587.0,235.0,639.5,94650.0,0.0
2023-06-21 12:00:00+05:30,32.9,46,5.0,0.19,857.0,605.0,252.0,615.6,94590.0,0.0
2023-06-21 13:00:00+05:30,33.2,45,5.2,0.84,877.0,654.0,223.0,660.9,94510.0,0.0
2023-06-21 14:00:00+05:30,29.8,57,5.61,0.74,696.0,493.0,203.0,525.9,94450.0,0.6
2023-06-21 15:00:00+05:30,31.2,53,5.5,0.99,497.0,270.0,227.0,325.3,94400.0,0.2
2023-06-21 16:00:00+05:30,30.8,52,5.7,1.0,495.0,339.0,156.0,502.4,94360.0,0.0
2023-06-21 17:00:00+05:30,30.4,51,5.1,0.98,317.0,184.0,133.0,381.6,94360.0,0.0
2023-06-21 18:00:00+05:30,28.5,58,5.1,0.98,153.0,72.0,81.0,271.4,94380.0,0.0
2023-06-21 19:00:00+05:30,27.0,66,4.11,1.0,21.0,4.0,17.0,40.5,94460.0,0.0
2023-06-21 20:00:00+05:30,25.9,74,3.52,1.0,0.0,0.0,0.0,0.0,94550.0,0.0
2023-06-21 21:00:00+05:30,25.1,80,3.06,1.0,0.0,0.0,0.0,0.0,94590.0,0.0
2023-06-21 22:00:00+05:30,24.5,85,2.77,1.0,0.0,0.0,0.0,0.0,94610.0,0.0
2023-06-21 23:00:00+05:30,24.1,88,2.6,1.0,0.0,0.0,0.0,0.0,94590.0,0.0
2023-06-22 00:00:00+05:30,23.9,89,2.72,1.0,0.0,0.0,0.0,0.0,94570.0,0.0
2023-06-22 01:00:00+05:30,23.5,90,2.79,1.0,0.0,0.0,0.0,0.0,94510.0,0.0
2023-06-22 02:00:00+05:30,23.1,93,2.73,1.0,0.0,0.0,0.0,0.0,94440.0,0.0
2023-06-22 03:00:00+05:30,23.5,90,2.79,1.0,0.0,0.0,0.0,0.0,94420.0,0.0
2023-06-22 04:00:00+05:30,23.5,89,3.1,1.0,0.0,0.0,0.0,0.0,94420.0,0.0
2023-06-22 05:00:00+05:30,23.4,89,2.38,1.0,0.0,0.0,0.0,0.0,94520.0,0.0
2023-06-22 06:00:00+05:30,24.0,84,2.81,0.94,8.0,0.0,8.0,0.0,94550.0,0.0
2023-06-22 07:00:00+05:30,25.4,76,2.81,1.0,108.0,35.0,73.0,163.5,94610.0,0.0
2023-06-22 08:00:00+05:30,27.4,65,3.3,0.37,308.0,170.0,138.0,391.4,94650.0,0.0
2023-06-22 09:00:00+05:30,29.2,56,3.8,0.75,508.0,334.0,174.0,527.1,94710.0,0.0
2023-06-22 10:00:00+05:30,31.1,49,4.4,0.96,709.0,523.0,186.0,655.0,94690.0,0.0
2023-06-22 11:00:00+05:30,32.2,46,4.8,1.0,814.0,585.0,229.0,637.6,94650.0,0.0
2023-06-22 12:00:00+05:30,32.7,45,5.1,0.99,838.0,635.0,203.0,646.2,94590.0,0.0
2023-06-22 13:00:00+05:30,33.0,45,5.32,0.95,905.0,696.0,209.0,703.3,94510.0,0.0
2023-06-22 14:00:00+05:30,32.7,45,5.31,0.21,720.0,469.0,251.0,500.2,94440.0,0.0
2023-06-22 15:00:00+05:30,31.8,46,5.71,0.88,663.0,470.0,193.0,565.9,94390.0,0.1
2023-06-22 16:00:00+05:30,30.6,52,5.5,0.99,494.0,324.0,170.0,479.7,94360.0,0.6
2023-06-22 17:00:00+05:30,30.5,51,4.9,0.71,309.0,175.0,134.0,362.4,94350.0,0.0
2023-06-22 18:00:00+05:30,29.1,56,4.9,1.0,158.0,75.0,83.0,281.8,94370.0,0.0
2023-06-22 19:00:00+05:30,27.4,65,4.44,0.99,17.0,3.0,14.0,30.2,94430.0,0.0
2023-06-22 20:00:00+05:30,26.3,72,3.75,0.8,0.0,0.0,0.0,0.0,94490.0,0.0
2023-06-22 21:00:00+05:30,25.4,79,3.1,0.99,0.0,0.0,0.0,0.0,94540.0,0.0
2023-06-22 22:00:00+05:30,24.8,84,2.6,1.0,0.0,0.0,0.0,0.0,94590.0,0.0
2023-06-22 23:00:00+05:30,24.4,86,2.51,0.99,0.0,0.0,0.0,0.0,94570.0,0.0
2023-06-23 00:00:00+05:30,24.0,88,2.12,0.99,0.0,0.0,0.0,0.0,94540.0,0.0
2023-06-23 01:00:00+05:30,23.9,89,2.12,0.94,0.0,0.0,0.0,0.0,94520.0,0.0
2023-06-23 02:00:00+05:30,23.6,90,2.19,0.76,0.0,0.0,0.0,0.0,94470.0,0.0
2023-06-23 03:00:00+05:30,23.3,92,2.06,0.56,0.0,0.0,0.0,0.0,94440.0,0.0
2023-06-23 04:00:00+05:30,23.1,92,1.99,0.84,0.0,0.0,0.0,0.0,94420.0,0.0
2023-06-23 05:00:00+05:30,24.2,88,2.66,0.83,0.0,0.0,0.0,0.0,94430.0,0.0
2023-06-23 06:00:00+05:30,24.5,87,2.45,0.94,8.0,0.0,8.0,0.0,94510.0,0.0
2023-06-23 07:00:00+05:30,25.5,80,2.69,0.35,96.0,27.0,69.0,126.6,94520.0,0.0
2023-06-23 08:00:00+05:30,27.4,69,3.45,0.3,282.0,156.0,126.0,359.8,94570.0,0.0
2023-06-23 09:00:00+05:30,29.2,60,4.02,0.87,478.0,305.0,173.0,481.8,94610.0,0.0
2023-06-23 10:00:00+05:30,30.9,52,4.44,1.0,627.0,391.0,236.0,490.0,94620.0,0.0
2023-06-23 11:00:00+05:30,31.1,50,5.12,1.0,724.0,392.0,332.0,427.4,94600.0,0.0
2023-06-23 12:00:00+05:30,30.9,50,5.12,1.0,738.0,414.0,324.0,421.3,94560.0,0.2
2023-06-23 13:00:00+05:30,30.3,55,4.92,0.73,767.0,443.0,324.0,447.6,94500.0,1.2
2023-06-23 14:00:00+05:30,31.4,53,4.3,0.95,618.0,352.0,266.0,375.3,94410.0,0.5
2023-06-23 15:00:00+05:30,30.0,55,5.2,0.97,458.0,220.0,238.0,264.8,94340.0,0.0
2023-06-23 16:00:00+05:30,29.1,61,5.36,1.0,374.0,197.0,177.0,291.4,94300.0,0.0
2023-06-23 17:00:00+05:30,28.9,61,4.93,1.0,306.0,147.0,159.0,304.0,94330.0,0.0
2023-06-23 18:00:00+05:30,27.2,70,4.12,0.88,150.0,63.0,87.0,236.0,94350.0,0.0
2023-06-23 19:00:00+05:30,26.0,77,3.55,0.99,19.0,2.0,17.0,20.1,94420.0,0.0
2023-06-23 20:00:00+05:30,25.2,81,2.95,1.0,0.0,0.0,0.0,0.0,94460.0,0.0
2023-06-23 21:00:00+05:30,24.9,83,2.92,1.0,0.0,0.0,0.0,0.0,94500.0,0.0
2023-06-23 22:00:00+05:30,24.5,85,3.02,1.0,0.0,0.0,0.0,0.0,94500.0,0.0
2023-06-23 23:00:00+05:30,24.1,88,3.24,1.0,0.0,0.0,0.0,0.0,94530.0,0.0
2023-06-24 00:00:00+05:30,24.6,85,3.0,1.0,0.0,0.0,0.0,0.0,94500.0,0.0
2023-06-24 01:00:00+05:30,24.6,84,2.87,1.0,0.0,0.0,0.0,0.0,94400.0,0.0
2023-06-24 02:00:00+05:30,24.4,84,3.31,1.0,0.0,0.0,0.0,0.0,94320.0,0.0
2023-06-24 03:00:00+05:30,23.8,87,2.77,1.0,0.0,0.0,0.0,0.0,94290.0,0.0
2023-06-24 04:00:00+05:30,24.0,86,2.04,1.0,0.0,0.0,0.0,0.0,94270.0,0.0
2023-06-24 05:00:00+05:30,24.8,85,3.18,1.0,0.0,0.0,0.0,0.0,94260.0,0.0
2023-06-24 06:00:00+05:30,24.9,84,2.63,1.0,6.0,0.0,6.0,0.0,94290.0,0.0
2023-06-24 07:00:00+05:30,25.6,79,3.1,1.0,78.0,8.0,70.0,37.7,94330.0,0.0
2023-06-24 08:00:00+05:30,26.6,73,3.23,1.0,165.0,24.0,141.0,55.5,94380.0,0.1
2023-06-24 09:00:00+05:30,28.1,66,3.49,1.0,342.0,93.0,249.0,147.1,94430.0,0.0
2023-06-24 10:00:00+05:30,28.8,62,3.74,1.0,372.0,62.0,310.0,77.7,94440.0,0.0
2023-06-24 11:00:00+05:30,29.3,61,3.91,1.0,494.0,195.0,299.0,212.7,94430.0,0.0
2023-06-24 12:00:00+05:30,31.4,53,4.5,1.0,800.0,480.0,320.0,488.6,94390.0,0.0
2023-06-24 13:00:00+05:30,27.6,68,5.05,0.98,467.0,122.0,345.0,123.3,94310.0,1.3
2023-06-24 14:00:00+05:30,29.5,63,5.05,1.0,652.0,391.0,261.0,416.7,94270.0,0.8
2023-06-24 15:00:00+05:30,28.2,64,5.3,1.0,469.0,188.0,281.0,226.1,94180.0,0.7
2023-06-24 16:00:00+05:30,26.5,74,5.14,1.0,214.0,70.0,144.0,103.5,94180.0,1.0
2023-06-24 17:00:00+05:30,25.9,80,4.63,1.0,238.0,73.0,165.0,150.7,94180.0,0.6
2023-06-24 18:00:00+05:30,25.0,82,3.93,1.0,95.0,17.0,78.0,63.5,94250.0,0.1
2023-06-24 19:00:00+05:30,24.5,84,3.54,1.0,9.0,0.0,9.0,0.0,94310.0,0.5
2023-06-24 20:00:00+05:30,23.5,90,2.5,1.0,0.0,0.0,0.0,0.0,94400.0,0.2
2023-06-24 21:00:00+05:30,23.4,91,1.8,1.0,0.0,0.0,0.0,0.0,94450.0,0.4
2023-06-24 22:00:00+05:30,23.1,92,2.47,1.0,0.0,0.0,0.0,0.0,94450.0,0.2
2023-06-24 23:00:00+05:30,22.8,95,2.6,1.0,0.0,0.0,0.0,0.0,94410.0,0.9
2023-06-25 00:00:00+05:30,22.8,95,2.35,1.0,0.0,0.0,0.0,0.0,94360.0,1.3
2023-06-25 01:00:00+05:30,23.0,93,2.42,1.0,0.0,0.0,0.0,0.0,94280.0,0.2
2023-06-25 02:00:00+05:30,22.8,94,2.26,0.84,0.0,0.0,0.0,0.0,94220.0,0.1
2023-06-25 03:00:00+05:30,22.4,94,1.97,0.23,0.0,0.0,0.0,0.0,94150.0,0.0
2023-06-25 04:00:00+05:30,22.4,95,2.09,1.0,0.0,0.0,0.0,0.0,94140.0,0.0
2023-06-25 05:00:00+05:30,22.9,95,2.39,0.75,0.0,0.0,0.0,0.0,94210.0,0.0
2023-06-25 06:00:00+05:30,23.0,93,2.83,0.96,7.0,0.0,7.0,0.0,94260.0,0.0
2023-06-25 07:00:00+05:30,23.7,87,3.22,1.0,107.0,32.0,75.0,151.3,94330.0,0.0
2023-06-25 08:00:00+05:30,25.0,81,3.73,1.0,242.0,92.0,150.0,212.9,94370.0,0.1
2023-06-25 09:00:00+05:30,26.4,74,5.07,1.0,346.0,138.0,208.0,218.5,94430.0,0.0
2023-06-25 10:00:00+05:30,28.0,66,5.38,1.0,530.0,202.0,328.0,253.5,94450.0,0.0
2023-06-25 11:00:00+05:30,28.1,66,5.69,1.0,546.0,148.0,398.0,161.5,94440.0,0.0
2023-06-25 12:00:00+05:30,26.4,71,5.26,1.0,307.0,41.0,266.0,41.7,94390.0,0.6
2023-06-25 13:00:00+05:30,26.6,72,5.1,1.0,281.0,44.0,237.0,44.5,94350.0,0.1
2023-06-25 14:00:00+05:30,27.6,64,6.14,1.0,501.0,135.0,366.0,143.8,94270.0,0.0
2023-06-25 15:00:00+05:30,27.3,68,5.55,1.0,385.0,73.0,312.0,87.8,94220.0,0.0
2023-06-25 16:00:00+05:30,26.7,70,5.77,1.0,325.0,66.0,259.0,97.5,94220.0,0.0
2023-06-25 17:00:00+05:30,27.0,67,5.32,1.0,155.0,12.0,143.0,24.7,94280.0,0.0
2023-06-25 18:00:00+05:30,25.0,79,4.63,1.0,95.0,5.0,90.0,18.6,94310.0,0.0
2023-06-25 19:00:00+05:30,24.3,83,3.23,1.0,15.0,2.0,13.0,19.9,94380.0,0.1
2023-06-25 20:00:00+05:30,23.9,86,3.04,1.0,0.0,0.0,0.0,0.0,94430.0,0.0
2023-06-25 21:00:00+05:30,23.5,89,3.05,1.0,0.0,0.0,0.0,0.0,94510.0,0.0
2023-06-25 22:00:00+05:30,23.2,91,2.94,1.0,0.0,0.0,0.0,0.0,94540.0,0.0
2023-06-25 23:00:00+05:30,23.0,92,2.75,1.0,0.0,0.0,0.0,0.0,94510.0,0.0
2023-06-26 00:00:00+05:30,22.9,92,3.3,1.0,0.0,0.0,0.0,0.0,94440.0,0.0
2023-06-26 01:00:00+05:30,23.0,92,3.05,1.0,0.0,0.0,0.0,0.0,94400.0,0.0
2023-06-26 02:00:00+05:30,22.8,92,3.13,1.0,0.0,0.0,0.0,0.0,94340.0,0.0
2023-06-26 03:00:00+05:30,22.5,92,2.82,1.0,0.0,0.0,0.0,0.0,94330.0,0.0
2023-06-26 04:00:00+05:30,22.7,90,3.45,1.0,0.0,0.0,0.0,0.0,94330.0,0.0
2023-06-26 05:00:00+05:30,23.2,90,3.71,1.0,0.0,0.0,0.0,0.0,94340.0,0.0
2023-06-26 06:00:00+05:30,23.5,87,3.5,1.0,5.0,0.0,5.0,0.0,94390.0,0.1
2023-06-26 07:00:00+05:30,23.6,87,3.04,1.0,27.0,0.0,27.0,0.0,94460.0,0.0
2023-06-26 08:00:00+05:30,24.0,85,4.83,1.0,83.0,0.0,83.0,0.0,94520.0,0.3
2023-06-26 09:00:00+05:30,24.5,82,4.72,1.0,124.0,0.0,124.0,0.0,94540.0,0.1
2023-06-26 10:00:00+05:30,25.7,76,5.25,1.0,317.0,89.0,228.0,111.7,94580.0,0.1
2023-06-26 11:00:00+05:30,25.3,76,4.52,1.0,171.0,0.0,171.0,0.0,94570.0,0.2
2023-06-26 12:00:00+05:30,25.4,78,6.33,1.0,262.0,9.0,253.0,9.2,94560.0,0.3
2023-06-26 13:00:00+05:30,25.0,81,5.68,1.0,207.0,3.0,204.0,3.0,94490.0,0.3
2023-06-26 14:00:00+05:30,25.2,80,5.65,1.0,257.0,15.0,242.0,16.0,94430.0,0.5
2023-06-26 15:00:00+05:30,24.6,84,4.65,1.0,183.0,7.0,176.0,8.4,94350.0,0.6
2023-06-26 16:00:00+05:30,24.1,86,4.07,1.0,132.0,2.0,130.0,3.0,94350.0,0.5
2023-06-26 17:00:00+05:30,25.0,81,4.85,1.0,80.0,3.0,77.0,6.2,94340.0,0.3
2023-06-26 18:00:00+05:30,24.6,83,3.61,1.0,108.0,17.0,91.0,63.2,94370.0,0.0
2023-06-26 19:00:00+05:30,23.9,86,3.28,1.0,12.0,0.0,12.0,0.0,94390.0,0.0
2023-06-26 20:00:00+05:30,23.8,88,3.26,1.0,0.0,0.0,0.0,0.0,94480.0,0.1
2023-06-26 21:00:00+05:30,23.5,89,2.86,1.0,0.0,0.0,0.0,0.0,94520.0,0.0
2023-06-26 22:00:00+05:30,23.2,89,3.69,1.0,0.0,0.0,0.0,0.0,94550.0,0.0
2023-06-26 23:00:00+05:30,22.8,89,3.36,1.0,0.0,0.0,0.0,0.0,94530.0,0.0
2023-06-27 00:00:00+05:30,23.0,87,3.76,1.0,0.0,0.0,0.0,0.0,94460.0,0.1
2023-06-27 01:00:00+05:30,22.6,88,3.2,1.0,0.0,0.0,0.0,0.0,94400.0,0.1
2023-06-27 02:00:00+05:30,22.5,90,3.18,1.0,0.0,0.0,0.0,0.0,94340.0,0.1
2023-06-27 03:00:00+05:30,22.6,91,3.14,1.0,0.0,0.0,0.0,0.0,94290.0,0.1
2023-06-27 04:00:00+05:30,22.5,92,2.85,1.0,0.0,0.0,0.0,0.0,94310.0,0.0
2023-06-27 05:00:00+05:30,23.1,90,3.61,1.0,0.0,0.0,0.0,0.0,94310.0,0.1
2023-06-27 06:00:00+05:30,23.2,90,3.49,1.0,6.0,0.0,6.0,0.0,94330.0,0.2
2023-06-27 07:00:00+05:30,23.9,85,3.01,1.0,80.0,4.0,76.0,19.1,94380.0,0.1
2023-06-27 08:00:00+05:30,24.5,82,4.24,1.0,179.0,12.0,167.0,27.9,94460.0,0.1
2023-06-27 09:00:00+05:30,25.5,77,4.71,1.0,258.0,35.0,223.0,55.5,94510.0,0.1
2023-06-27 10:00:00+05:30,26.7,72,5.26,1.0,432.0,141.0,291.0,177.1,94550.0,0.2
2023-06-27 11:00:00+05:30,27.0,70,5.14,1.0,382.0,41.0,341.0,44.8,94540.0,0.1
2023-06-27 12:00:00+05:30,26.9,71,5.0,1.0,310.0,44.0,266.0,44.8,94520.0,0.1
2023-06-27 13:00:00+05:30,28.1,66,4.84,1.0,534.0,116.0,418.0,117.2,94450.0,0.1
2023-06-27 14:00:00+05:30,27.2,69,5.38,1.0,330.0,22.0,308.0,23.4,94380.0,0.1
2023-06-27 15:00:00+05:30,27.4,69,5.96,1.0,489.0,183.0,306.0,219.8,94340.0,0.1
2023-06-27 16:00:00+05:30,26.4,74,5.79,1.0,405.0,139.0,266.0,204.9,94320.0,0.6
2023-06-27 17:00:00+05:30,24.1,87,4.85,1.0,165.0,30.0,135.0,61.7,94350.0,0.2
2023-06-27 18:00:00+05:30,24.0,88,3.96,1.0,74.0,2.0,72.0,7.4,94360.0,0.1
2023-06-27 19:00:00+05:30,23.3,90,3.88,1.0,14.0,0.0,14.0,0.0,94370.0,0.1
2023-06-27 20:00:00+05:30,23.0,92,3.52,1.0,0.0,0.0,0.0,0.0,94430.0,0.2
2023-06-27 21:00:00+05:30,22.8,94,3.23,1.0,0.0,0.0,0.0,0.0,94480.0,0.7
2023-06-27 22:00:00+05:30,22.6,94,2.91,1.0,0.0,0.0,0.0,0.0,94550.0,0.3
2023-06-27 23:00:00+05:30,22.6,94,3.22,1.0,0.0,0.0,0.0,0.0,94550.0,0.0
2023-06-28 00:00:00+05:30,22.5,95,2.64,1.0,0.0,0.0,0.0,0.0,94500.0,0.0
2023-06-28 01:00:00+05:30,22.7,93,2.2,1.0,0.0,0.0,0.0,0.0,94430.0,0.0
2023-06-28 02:00:00+05:30,22.5,93,2.55,1.0,0.0,0.0,0.0,0.0,94380.0,0.0
2023-06-28 03:00:00+05:30,22.8,91,2.92,1.0,0.0,0.0,0.0,0.0,94370.0,0.0
2023-06-28 04:00:00+05:30,22.7,92,2.77,0.92,0.0,0.0,0.0,0.0,94360.0,0.0
2023-06-28 05:00:00+05:30,22.5,94,3.31,1.0,0.0,0.0,0.0,0.0,94360.0,0.3
2023-06-28 06:00:00+05:30,22.9,93,2.62,1.0,5.0,0.0,5.0,0.0,94370.0,0.0
2023-06-28 07:00:00+05:30,24.0,88,3.69,1.0,80.0,6.0,74.0,28.7,94450.0,0.0
2023-06-28 08:00:00+05:30,25.2,82,4.52,1.0,261.0,92.0,169.0,214.1,94540.0,0.0
2023-06-28 09:00:00+05:30,26.2,77,4.74,1.0,395.0,195.0,200.0,309.6,94600.0,0.1
2023-06-28 10:00:00+05:30,26.5,75,5.42,1.0,420.0,144.0,276.0,181.0,94630.0,0.1
2023-06-28 11:00:00+05:30,27.3,72,5.48,1.0,545.0,200.0,345.0,218.4,94600.0,0.1
2023-06-28 12:00:00+05:30,27.5,70,5.78,0.99,694.0,332.0,362.0,338.0,94540.0,0.4
2023-06-28 13:00:00+05:30,27.2,74,6.18,0.98,646.0,385.0,261.0,388.8,94480.0,0.3
2023-06-28 14:00:00+05:30,27.7,70,6.24,0.99,627.0,280.0,347.0,298.1,94410.0,0.2
2023-06-28 15:00:00+05:30,26.5,75,6.91,1.0,467.0,219.0,248.0,262.9,94370.0,0.3
2023-06-28 16:00:00+05:30,25.8,79,6.36,1.0,339.0,155.0,184.0,228.4,94370.0,0.2
2023-06-28 17:00:00+05:30,23.6,92,4.34,1.0,77.0,0.0,77.0,0.0,94390.0,1.2
2023-06-28 18:00:00+05:30,23.4,94,3.89,1.0,50.0,0.0,50.0,0.0,94390.0,2.0
2023-06-28 19:00:00+05:30,23.1,94,4.05,1.0,5.0,0.0,5.0,0.0,94450.0,0.9
2023-06-28 20:00:00+05:30,22.9,94,4.15,1.0,0.0,0.0,0.0,0.0,94500.0,1.9
2023-06-28 21:00:00+05:30,22.9,93,4.37,1.0,0.0,0.0,0.0,0.0,94560.0,1.7
2023-06-28 22:00:00+05:30,22.9,94,4.78,1.0,0.0,0.0,0.0,0.0,94580.0,1.0
2023-06-28 23:00:00+05:30,22.8,94,4.56,1.0,0.0,0.0,0.0,0.0,94600.0,0.3
2023-06-29 00:00:00+05:30,22.9,94,4.04,1.0,0.0,0.0,0.0,0.0,94550.0,0.6
2023-06-29 01:00:00+05:30,22.9,94,3.93,1.0,0.0,0.0,0.0,0.0,94480.0,0.5
2023-06-29 02:00:00+05:30,22.8,94,3.63,1.0,0.0,0.0,0.0,0.0,94390.0,0.5
2023-06-29 03:00:00+05:30,22.8,94,3.47,1.0,0.0,0.0,0.0,0.0,94350.0,0.4
2023-06-29 04:00:00+05:30,22.8,94,3.49,1.0,0.0,0.0,0.0,0.0,94330.0,0.5
2023-06-29 05:00:00+05:30,23.0,93,4.05,1.0,0.0,0.0,0.0,0.0,94410.0,0.9
2023-06-29 06:00:00+05:30,23.0,94,4.26,1.0,2.0,0.0,2.0,0.0,94450.0,0.7
2023-06-29 07:00:00+05:30,23.4,93,3.86,1.0,32.0,0.0,32.0,0.0,94500.0,0.6
2023-06-29 08:00:00+05:30,23.5,94,4.12,1.0,71.0,0.0,71.0,0.0,94550.0,1.4
2023-06-29 09:00:00+05:30,23.6,93,3.64,1.0,73.0,0.0,73.0,0.0,94570.0,2.3
2023-06-29 10:00:00+05:30,24.0,92,4.59,1.0,158.0,1.0,157.0,1.3,94580.0,0.8
2023-06-29 11:00:00+05:30,24.0,91,5.15,1.0,191.0,13.0,178.0,14.2,94570.0,1.5
2023-06-29 12:00:00+05:30,24.0,91,4.21,1.0,196.0,4.0,192.0,4.1,94550.0,1.9
2023-06-29 13:00:00+05:30,24.0,90,5.22,1.0,254.0,15.0,239.0,15.1,94470.0,0.9
2023-06-29 14:00:00+05:30,24.9,84,5.68,1.0,289.0,47.0,242.0,50.0,94410.0,0.4
2023-06-29 15:00:00+05:30,25.0,84,5.63,1.0,301.0,49.0,252.0,58.8,94400.0,0.4
2023-06-29 16:00:00+05:30,23.9,87,5.22,1.0,133.0,1.0,132.0,1.5,94330.0,0.2
2023-06-29 17:00:00+05:30,24.5,83,4.75,1.0,96.0,0.0,96.0,0.0,94370.0,0.3
2023-06-29 18:00:00+05:30,23.9,85,4.31,1.0,103.0,8.0,95.0,29.6,94410.0,0.0
2023-06-29 19:00:00+05:30,23.1,89,3.73,1.0,14.0,0.0,14.0,0.0,94450.0,0.1
2023-06-29 20:00:00+05:30,22.9,90,3.23,1.0,0.0,0.0,0.0,0.0,94510.0,0.1
2023-06-29 21:00:00+05:30,22.9,91,2.97,1.0,0.0,0.0,0.0,0.0,94550.0,0.4
2023-06-29 22:00:00+05:30,22.6,93,3.26,1.0,0.0,0.0,0.0,0.0,94600.0,0.4
2023-06-29 23:00:00+05:30,22.5,93,3.64,1.0,0.0,0.0,0.0,0.0,94580.0,0.4
2023-06-30 00:00:00+05:30,22.5,94,3.94,1.0,0.0,0.0,0.0,0.0,94520.0,0.2
2023-06-30 01:00:00+05:30,22.5,94,3.49,1.0,0.0,0.0,0.0,0.0,94480.0,0.2
2023-06-30 02:00:00+05:30,22.2,93,3.71,1.0,0.0,0.0,0.0,0.0,94420.0,1.3
2023-06-30 03:00:00+05:30,22.6,94,4.27,1.0,0.0,0.0,0.0,0.0,94400.0,0.7
2023-06-30 04:00:00+05:30,22.6,92,4.11,1.0,0.0,0.0,0.0,0.0,94410.0,1.0
2023-06-30 05:00:00+05:30,22.9,93,5.03,1.0,0.0,0.0,0.0,0.0,94390.0,1.2
2023-06-30 06:00:00+05:30,23.1,92,4.92,1.0,3.0,0.0,3.0,0.0,94410.0,0.2
2023-06-30 07:00:00+05:30,23.8,89,4.48,1.0,90.0,14.0,76.0,67.6,94500.0,0.1
2023-06-30 08:00:00+05:30,24.1,87,5.97,1.0,180.0,15.0,165.0,35.0,94540.0,0.2
2023-06-30 09:00:00+05:30,23.9,91,5.85,1.0,173.0,15.0,158.0,23.9,94560.0,1.3
2023-06-30 10:00:00+05:30,24.5,88,5.82,1.0,243.0,18.0,225.0,22.7,94640.0,0.6
2023-06-30 11:00:00+05:30,25.1,82,5.87,1.0,359.0,42.0,317.0,45.9,94650.0,0.3
2023-06-30 12:00:00+05:30,25.4,81,6.01,1.0,393.0,28.0,365.0,28.5,94580.0,0.1
2023-06-30 13:00:00+05:30,25.9,80,7.56,1.0,532.0,128.0,404.0,129.2,94510.0,0.6
2023-06-30 14:00:00+05:30,24.9,84,6.53,1.0,361.0,34.0,327.0,36.2,94440.0,3.2
2023-06-30 15:00:00+05:30,24.2,89,5.57,1.0,136.0,1.0,135.0,1.2,94360.0,0.4
2023-06-30 16:00:00+05:30,23.7,92,5.63,1.0,189.0,16.0,173.0,23.5,94340.0,1.3
2023-06-30 17:00:00+05:30,23.0,90,4.96,1.0,69.0,0.0,69.0,0.0,94340.0,1.0
2023-06-30 18:00:00+05:30,23.2,92,5.53,1.0,13.0,0.0,13.0,0.0,94330.0,1.9
2023-06-30 19:00:00+05:30,23.1,92,6.4,1.0,6.0,0.0,6.0,0.0,94380.0,1.5
2023-06-30 20:00:00+05:30,23.2,92,5.69,1.0,0.0,0.0,0.0,0.0,94460.0,1.2
2023-06-30 21:00:00+05:30,23.1,93,4.9,1.0,0.0,0.0,0.0,0.0,94480.0,1.2
2023-06-30 22:00:00+05:30,23.0,93,4.69,1.0,0.0,0.0,0.0,0.0,94500.0,2.5
2023-06-30 23:00:00+05:30,22.9,94,3.57,1.0,0.0,0.0,0.0,0.0,94540.0,2.0
2023-07-01 00:00:00+05:30,23.0,93,4.4,1.0,0.0,0.0,0.0,0.0,94460.0,0.8
2023-07-01 01:00:00+05:30,22.9,93,4.83,1.0,0.0,0.0,0.0,0.0,94430.0,0.8
2023-07-01 02:00:00+05:30,22.6,95,4.02,1.0,0.0,0.0,0.0,0.0,94410.0,0.3
2023-07-01 03:00:00+05:30,22.6,93,4.12,1.0,0.0,0.0,0.0,0.0,94360.0,0.2
2023-07-01 04:00:00+05:30,22.6,93,4.12,1.0,0.0,0.0,0.0,0.0,94380.0,0.1
2023-07-01 05:00:00+05:30,22.7,93,3.04,1.0,0.0,0.0,0.0,0.0,94380.0,0.7
2023-07-01 06:00:00+05:30,23.0,92,3.66,1.0,5.0,0.0,5.0,0.0,94450.0,0.1
2023-07-01 07:00:00+05:30,23.2,89,3.28,1.0,63.0,5.0,58.0,24.3,94500.0,0.1
2023-07-01 08:00:00+05:30,24.0,85,3.85,1.0,191.0,27.0,164.0,63.2,94630.0,0.1
2023-07-01 09:00:00+05:30,24.4,84,5.1,1.0,277.0,55.0,222.0,87.6,94670.0,0.6
2023-07-01 10:00:00+05:30,25.4,80,5.35,1.0,432.0,119.0,313.0,149.8,94700.0,0.1
2023-07-01 11:00:00+05:30,25.0,83,5.7,1.0,356.0,79.0,277.0,86.3,94690.0,0.2
2023-07-01 12:00:00+05:30,25.9,79,5.88,1.0,433.0,65.0,368.0,66.2,94690.0,0.1
2023-07-01 13:00:00+05:30,26.1,77,6.1,1.0,597.0,268.0,329.0,270.5,94620.0,0.5
2023-07-01 14:00:00+05:30,26.0,76,6.67,1.0,524.0,140.0,384.0,148.9,94580.0,0.2
2023-07-01 15:00:00+05:30,25.5,81,6.16,1.0,423.0,113.0,310.0,135.4,94510.0,0.3
2023-07-01 16:00:00+05:30,25.6,79,6.65,1.0,392.0,114.0,278.0,167.6,94490.0,0.1
2023-07-01 17:00:00+05:30,24.5,84,5.35,1.0,292.0,100.0,192.0,204.8,94490.0,0.1
2023-07-01 18:00:00+05:30,23.8,88,4.38,0.96,93.0,7.0,86.0,25.8,94500.0,0.0
2023-07-01 19:00:00+05:30,23.4,89,3.31,0.99,16.0,1.0,15.0,9.8,94550.0,0.0
2023-07-01 20:00:00+05:30,23.2,90,3.04,0.92,0.0,0.0,0.0,0.0,94640.0,0.0
2023-07-01 21:00:00+05:30,23.0,91,3.05,0.94,0.0,0.0,0.0,0.0,94710.0,0.0
2023-07-01 22:00:00+05:30,23.0,91,2.88,0.7,0.0,0.0,0.0,0.0,94740.0,0.0
2023-07-01 23:00:00+05:30,22.6,92,2.83,0.9,0.0,0.0,0.0,0.0,94730.0,0.0
2023-07-02 00:00:00+05:30,22.4,93,2.2,0.87,0.0,0.0,0.0,0.0,94650.0,0.0
2023-07-02 01:00:00+05:30,22.5,92,2.7,0.99,0.0,0.0,0.0,0.0,94590.0,0.0
2023-07-02 02:00:00+05:30,22.8,91,2.36,1.0,0.0,0.0,0.0,0.0,94520.0,0.0
2023-07-02 03:00:00+05:30,22.6,91,2.62,0.91,0.0,0.0,0.0,0.0,94480.0,0.0
2023-07-02 04:00:00+05:30,22.8,89,3.2,0.95,0.0,0.0,0.0,0.0,94440.0,0.0
2023-07-02 05:00:00+05:30,22.8,92,2.55,0.94,0.0,0.0,0.0,0.0,94430.0,0.0
2023-07-02 06:00:00+05:30,23.1,90,3.22,0.86,6.0,0.0,6.0,0.0,94490.0,0.0
2023-07-02 07:00:00+05:30,24.1,85,4.34,0.91,106.0,37.0,69.0,180.5,94530.0,0.0
2023-07-02 08:00:00+05:30,25.1,82,4.92,0.81,262.0,106.0,156.0,248.6,94620.0,0.0
2023-07-02 09:00:00+05:30,25.9,79,5.98,0.9,392.0,160.0,232.0,255.1,94620.0,0.0
2023-07-02 10:00:00+05:30,26.4,78,5.76,0.94,502.0,221.0,281.0,278.4,94620.0,0.1
2023-07-02 11:00:00+05:30,27.1,75,6.18,0.96,640.0,278.0,362.0,303.9,94580.0,0.1
2023-07-02 12:00:00+05:30,27.1,75,5.92,0.86,581.0,189.0,392.0,192.5,94520.0,0.1
2023-07-02 13:00:00+05:30,27.4,76,6.52,1.0,802.0,547.0,255.0,552.1,94460.0,0.1
2023-07-02 14:00:00+05:30,26.9,74,6.46,0.74,620.0,332.0,288.0,353.0,94380.0,0.4
2023-07-02 15:00:00+05:30,26.3,76,6.11,0.85,458.0,242.0,216.0,289.9,94350.0,0.5
2023-07-02 16:00:00+05:30,25.8,80,6.06,0.9,378.0,133.0,245.0,195.4,94320.0,0.4
2023-07-02 17:00:00+05:30,24.9,88,3.54,0.91,258.0,74.0,184.0,151.4,94360.0,2.1
2023-07-02 18:00:00+05:30,24.3,89,3.35,1.0,49.0,2.0,47.0,7.4,94390.0,2.6
2023-07-02 19:00:00+05:30,24.0,92,2.75,1.0,7.0,0.0,7.0,0.0,94440.0,0.1
2023-07-02 20:00:00+05:30,23.6,93,2.58,0.98,0.0,0.0,0.0,0.0,94480.0,0.0
2023-07-02 21:00:00+05:30,23.2,93,2.15,0.96,0.0,0.0,0.0,0.0,94540.0,0.1
2023-07-02 22:00:00+05:30,23.0,94,1.97,0.92,0.0,0.0,0.0,0.0,94560.0,0.0
2023-07-02 23:00:00+05:30,22.9,93,1.94,0.93,0.0,0.0,0.0,0.0,94570.0,0.0
2023-07-03 00:00:00+05:30,22.5,94,1.8,0.91,0.0,0.0,0.0,0.0,94510.0,0.0
2023-07-03 01:00:00+05:30,22.4,94,2.02,0.88,0.0,0.0,0.0,0.0,94450.0,0.0
2023-07-03 02:00:00+05:30,22.5,94,2.2,0.97,0.0,0.0,0.0,0.0,94400.0,0.0
2023-07-03 03:00:00+05:30,22.6,93,2.56,0.88,0.0,0.0,0.0,0.0,94350.0,0.0
2023-07-03 04:00:00+05:30,22.6,93,2.56,1.0,0.0,0.0,0.0,0.0,94320.0,0.0
2023-07-03 05:00:00+05:30,23.2,93,2.2,0.99,0.0,0.0,0.0,0.0,94360.0,0.0
2023-07-03 06:00:00+05:30,23.5,93,2.15,1.0,4.0,0.0,4.0,0.0,94380.0,0.0
2023-07-03 07:00:00+05:30,24.1,89,2.87,0.98,54.0,4.0,50.0,19.6,94390.0,0.0
2023-07-03 08:00:00+05:30,24.8,86,3.4,0.91,171.0,42.0,129.0,98.7,94420.0,0.0
2023-07-03 09:00:00+05:30,25.8,82,3.49,1.0,270.0,71.0,199.0,113.3,94480.0,0.0
2023-07-03 10:00:00+05:30,26.4,79,4.25,1.0,305.0,55.0,250.0,69.3,94460.0,0.0
2023-07-03 11:00:00+05:30,27.2,76,4.88,0.99,513.0,137.0,376.0,149.8,94450.0,0.1
2023-07-03 12:00:00+05:30,28.1,72,4.87,0.99,662.0,356.0,306.0,362.5,94380.0,0.1
2023-07-03 13:00:00+05:30,28.4,72,4.9,0.98,854.0,608.0,246.0,613.5,94330.0,0.7
2023-07-03 14:00:00+05:30,28.4,73,3.74,0.73,553.0,240.0,313.0,255.1,94240.0,0.4
2023-07-03 15:00:00+05:30,27.5,74,4.01,0.99,498.0,188.0,310.0,225.1,94180.0,2.0
2023-07-03 16:00:00+05:30,27.0,77,3.72,0.96,311.0,99.0,212.0,145.3,94130.0,0.3
2023-07-03 17:00:00+05:30,27.2,73,4.4,1.0,240.0,111.0,129.0,226.9,94130.0,2.0
2023-07-03 18:00:00+05:30,26.0,81,3.71,0.66,130.0,46.0,84.0,169.0,94170.0,0.0
2023-07-03 19:00:00+05:30,25.0,86,2.57,0.67,18.0,3.0,15.0,29.4,94220.0,0.0
2023-07-03 20:00:00+05:30,24.5,89,2.28,0.99,0.0,0.0,0.0,0.0,94310.0,0.0
2023-07-03 21:00:00+05:30,24.2,90,2.05,0.77,0.0,0.0,0.0,0.0,94360.0,0.0
2023-07-03 22:00:00+05:30,23.8,92,1.92,0.78,0.0,0.0,0.0,0.0,94410.0,0.0
2023-07-03 23:00:00+05:30,23.5,93,1.86,0.99,0.0,0.0,0.0,0.0,94380.0,0.0
2023-07-04 00:00:00+05:30,23.4,94,2.34,1.0,0.0,0.0,0.0,0.0,94350.0,0.0
2023-07-04 01:00:00+05:30,23.9,92,2.45,0.99,0.0,0.0,0.0,0.0,94280.0,0.0
2023-07-04 02:00:00+05:30,23.5,92,2.47,1.0,0.0,0.0,0.0,0.0,94240.0,0.0
2023-07-04 03:00:00+05:30,23.5,91,2.26,1.0,0.0,0.0,0.0,0.0,94210.0,0.0
2023-07-04 04:00:00+05:30,23.0,92,2.25,1.0,0.0,0.0,0.0,0.0,94180.0,0.0
2023-07-04 05:00:00+05:30,24.0,92,2.25,1.0,0.0,0.0,0.0,0.0,94140.0,0.0
2023-07-04 06:00:00+05:30,23.9,92,1.98,0.97,4.0,0.0,4.0,0.0,94150.0,0.0
2023-07-04 07:00:00+05:30,24.8,87,3.14,1.0,101.0,28.0,73.0,138.0,94210.0,0.0
2023-07-04 08:00:00+05:30,25.8,83,3.18,1.0,241.0,73.0,168.0,171.9,94290.0,0.0
2023-07-04 09:00:00+05:30,26.4,79,4.3,1.0,454.0,233.0,221.0,372.3,94330.0,0.1
2023-07-04 10:00:00+05:30,27.1,78,3.57,1.0,611.0,342.0,269.0,431.4,94340.0,0.1
2023-07-04 11:00:00+05:30,27.7,77,4.16,1.0,695.0,392.0,303.0,428.7,94320.0,0.1
2023-07-04 12:00:00+05:30,28.3,74,4.14,1.0,710.0,358.0,352.0,364.6,94230.0,0.1
2023-07-04 13:00:00+05:30,28.8,71,4.4,1.0,757.0,429.0,328.0,432.8,94150.0,0.1
2023-07-04 14:00:00+05:30,27.5,74,4.26,1.0,529.0,200.0,329.0,212.5,94080.0,0.1
2023-07-04 15:00:00+05:30,26.8,77,4.3,1.0,331.0,60.0,271.0,71.8,94000.0,0.1
2023-07-04 16:00:00+05:30,26.9,76,5.36,1.0,476.0,273.0,203.0,400.5,93970.0,0.1
2023-07-04 17:00:00+05:30,25.5,83,3.45,1.0,243.0,92.0,151.0,187.9,93930.0,0.0
2023-07-04 18:00:00+05:30,24.7,89,4.44,0.99,95.0,23.0,72.0,84.4,94020.0,0.4
2023-07-04 19:00:00+05:30,23.7,92,4.1,0.87,19.0,3.0,16.0,29.3,94050.0,0.2
2023-07-04 20:00:00+05:30,23.3,93,3.72,0.78,0.0,0.0,0.0,0.0,94140.0,0.0
2023-07-04 21:00:00+05:30,23.2,93,3.14,0.87,0.0,0.0,0.0,0.0,94170.0,0.0
2023-07-04 22:00:00+05:30,23.1,92,3.01,0.86,0.0,0.0,0.0,0.0,94190.0,0.0
2023-07-04 23:00:00+05:30,22.6,94,2.66,1.0,0.0,0.0,0.0,0.0,94190.0,0.0
2023-07-05 00:00:00+05:30,22.7,93,2.82,1.0,0.0,0.0,0.0,0.0,94160.0,0.0
2023-07-05 01:00:00+05:30,22.8,93,2.79,1.0,0.0,0.0,0.0,0.0,94120.0,0.0
2023-07-05 02:00:00+05:30,22.6,93,2.69,1.0,0.0,0.0,0.0,0.0,94010.0,0.0
2023-07-05 03:00:00+05:30,22.4,94,2.62,1.0,0.0,0.0,0.0,0.0,94010.0,0.0
2023-07-05 04:00:00+05:30,22.5,95,2.53,1.0,0.0,0.0,0.0,0.0,93990.0,0.0
2023-07-05 05:00:00+05:30,22.9,93,2.14,1.0,0.0,0.0,0.0,0.0,93960.0,0.0
2023-07-05 06:00:00+05:30,23.2,92,2.57,1.0,4.0,0.0,4.0,0.0,93960.0,0.0
2023-07-05 07:00:00+05:30,24.0,88,3.23,1.0,76.0,4.0,72.0,19.8,94020.0,0.0
2023-07-05 08:00:00+05:30,25.2,83,3.93,1.0,233.0,70.0,163.0,165.2,94070.0,0.1
2023-07-05 09:00:00+05:30,26.4,77,3.83,1.0,391.0,177.0,214.0,283.2,94100.0,0.1
2023-07-05 10:00:00+05:30,27.4,74,3.54,1.0,522.0,235.0,287.0,296.6,94120.0,0.1
2023-07-05 11:00:00+05:30,27.4,74,3.42,1.0,547.0,228.0,319.0,249.4,94090.0,0.1
2023-07-05 12:00:00+05:30,28.5,71,3.74,1.0,701.0,406.0,295.0,413.5,94030.0,0.1
2023-07-05 13:00:00+05:30,27.7,72,4.72,1.0,655.0,362.0,293.0,365.2,93950.0,1.6
2023-07-05 14:00:00+05:30,24.5,87,2.98,1.0,298.0,69.0,229.0,73.3,93910.0,3.0
2023-07-05 15:00:00+05:30,24.5,90,3.68,0.98,202.0,40.0,162.0,47.8,93820.0,1.1
2023-07-05 16:00:00+05:30,25.5,84,4.2,0.99,326.0,151.0,175.0,221.4,93800.0,1.3
2023-07-05 17:00:00+05:30,26.0,80,3.1,1.0,275.0,108.0,167.0,220.4,93820.0,3.6
2023-07-05 18:00:00+05:30,24.8,87,2.8,1.0,98.0,21.0,77.0,77.0,93900.0,0.3
2023-07-05 19:00:00+05:30,24.0,91,2.47,1.0,14.0,0.0,14.0,0.0,93950.0,0.1
2023-07-05 20:00:00+05:30,23.7,92,2.15,1.0,0.0,0.0,0.0,0.0,94010.0,0.0
2023-07-05 21:00:00+05:30,23.5,93,1.8,1.0,0.0,0.0,0.0,0.0,94100.0,0.0
2023-07-05 22:00:00+05:30,23.5,93,1.98,1.0,0.0,0.0,0.0,0.0,94140.0,0.1
2023-07-05 23:00:00+05:30,23.0,94,1.49,0.97,0.0,0.0,0.0,0.0,94130.0,0.1
2023-07-06 00:00:00+05:30,22.8,94,1.35,1.0,0.0,0.0,0.0,0.0,94100.0,0.1
2023-07-06 01:00:00+05:30,22.9,93,1.94,1.0,0.0,0.0,0.0,0.0,94070.0,0.1
2023-07-06 02:00:00+05:30,22.9,94,1.94,1.0,0.0,0.0,0.0,0.0,93990.0,0.1
2023-07-06 03:00:00+05:30,23.0,93,1.93,1.0,0.0,0.0,0.0,0.0,93980.0,0.1
2023-07-06 04:00:00+05:30,23.1,93,2.44,1.0,0.0,0.0,0.0,0.0,93980.0,0.0
2023-07-06 05:00:00+05:30,22.8,96,1.53,1.0,0.0,0.0,0.0,0.0,94000.0,0.1
2023-07-06 06:00:00+05:30,23.1,95,1.96,1.0,5.0,0.0,5.0,0.0,94040.0,0.0
2023-07-06 07:00:00+05:30,24.0,89,2.72,0.98,93.0,16.0,77.0,79.7,94110.0,0.1
2023-07-06 08:00:00+05:30,24.3,88,3.77,1.0,213.0,59.0,154.0,139.6,94150.0,0.8
2023-07-06 09:00:00+05:30,24.9,87,3.42,1.0,193.0,17.0,176.0,27.2,94180.0,0.5
2023-07-06 10:00:00+05:30,25.4,83,4.24,0.76,363.0,104.0,259.0,131.3,94240.0,5.4
2023-07-06 11:00:00+05:30,25.2,81,5.8,0.94,421.0,122.0,299.0,133.5,94210.0,7.2
2023-07-06 12:00:00+05:30,25.5,82,5.46,0.97,379.0,112.0,267.0,114.1,94200.0,3.1
2023-07-06 13:00:00+05:30,26.3,75,7.27,1.0,598.0,228.0,370.0,230.0,94140.0,0.8
2023-07-06 14:00:00+05:30,25.4,82,6.72,0.99,414.0,108.0,306.0,114.7,94120.0,0.6
2023-07-06 15:00:00+05:30,25.2,82,7.34,1.0,385.0,97.0,288.0,116.0,94070.0,0.2
2023-07-06 16:00:00+05:30,24.9,82,6.94,1.0,362.0,85.0,277.0,124.5,94030.0,0.3
2023-07-06 17:00:00+05:30,24.5,84,5.46,1.0,230.0,60.0,170.0,122.4,94040.0,0.1
2023-07-06 18:00:00+05:30,23.5,89,4.47,1.0,76.0,8.0,68.0,29.3,94110.0,0.1
2023-07-06 19:00:00+05:30,23.1,89,4.8,1.0,17.0,2.0,15.0,19.5,94190.0,0.0
2023-07-06 20:00:00+05:30,23.0,89,4.72,1.0,0.0,0.0,0.0,0.0,94250.0,0.0
2023-07-06 21:00:00+05:30,23.0,89,3.77,1.0,0.0,0.0,0.0,0.0,94300.0,0.1
2023-07-06 22:00:00+05:30,22.8,90,3.11,1.0,0.0,0.0,0.0,0.0,94340.0,0.1
2023-07-06 23:00:00+05:30,22.7,90,3.08,1.0,0.0,0.0,0.0,0.0,94330.0,0.1
2023-07-07 00:00:00+05:30,22.9,90,3.14,1.0,0.0,0.0,0.0,0.0,94260.0,0.2
2023-07-07 01:00:00+05:30,22.9,90,3.36,1.0,0.0,0.0,0.0,0.0,94230.0,0.0
2023-07-07 02:00:00+05:30,23.1,90,3.5,1.0,0.0,0.0,0.0,0.0,94160.0,0.2
2023-07-07 03:00:00+05:30,23.2,89,3.84,1.0,0.0,0.0,0.0,0.0,94140.0,0.2
2023-07-07 04:00:00+05:30,23.3,90,4.06,1.0,0.0,0.0,0.0,0.0,94150.0,0.1
2023-07-07 05:00:00+05:30,23.2,92,4.05,1.0,0.0,0.0,0.0,0.0,94100.0,0.2
2023-07-07 06:00:00+05:30,23.4,92,4.66,1.0,3.0,0.0,3.0,0.0,94140.0,0.2
2023-07-07 07:00:00+05:30,23.5,92,4.7,1.0,75.0,8.0,67.0,40.1,94210.0,0.5
2023-07-07 08:00:00+05:30,24.0,88,5.14,1.0,119.0,3.0,116.0,7.1,94310.0,0.4
2023-07-07 09:00:00+05:30,24.9,82,5.15,1.0,278.0,89.0,189.0,142.7,94360.0,0.6
2023-07-07 10:00:00+05:30,25.5,82,6.36,1.0,446.0,186.0,260.0,235.0,94340.0,0.4
2023-07-07 11:00:00+05:30,26.9,76,7.39,1.0,767.0,498.0,269.0,545.1,94340.0,2.0
2023-07-07 12:00:00+05:30,25.2,85,6.31,1.0,412.0,95.0,317.0,96.7,94280.0,3.6
2023-07-07 13:00:00+05:30,25.4,85,5.64,1.0,317.0,61.0,256.0,61.5,94220.0,0.2
2023-07-07 14:00:00+05:30,25.1,86,5.15,1.0,257.0,39.0,218.0,41.4,94150.0,2.2
2023-07-07 15:00:00+05:30,24.0,91,5.39,1.0,181.0,9.0,172.0,10.8,94110.0,3.0
2023-07-07 16:00:00+05:30,24.0,92,5.83,1.0,188.0,14.0,174.0,20.5,94090.0,0.7
2023-07-07 17:00:00+05:30,24.0,91,5.28,1.0,84.0,0.0,84.0,0.0,94080.0,1.2
2023-07-07 18:00:00+05:30,23.6,94,5.02,1.0,104.0,24.0,80.0,87.8,94170.0,1.0
2023-07-07 19:00:00+05:30,23.5,92,4.81,1.0,7.0,0.0,7.0,0.0,94260.0,1.4
2023-07-07 20:00:00+05:30,23.3,93,4.92,1.0,0.0,0.0,0.0,0.0,94330.0,2.8
2023-07-07 21:00:00+05:30,23.2,93,4.83,1.0,0.0,0.0,0.0,0.0,94390.0,5.1
2023-07-07 22:00:00+05:30,23.1,93,5.32,1.0,0.0,0.0,0.0,0.0,94400.0,5.4
2023-07-07 23:00:00+05:30,23.0,93,4.9,1.0,0.0,0.0,0.0,0.0,94420.0,4.2
2023-07-08 00:00:00+05:30,23.1,93,5.26,1.0,0.0,0.0,0.0,0.0,94350.0,3.0
2023-07-08 01:00:00+05:30,23.0,93,5.13,1.0,0.0,0.0,0.0,0.0,94310.0,2.4
2023-07-08 02:00:00+05:30,22.9,93,5.07,1.0,0.0,0.0,0.0,0.0,94270.0,2.2
2023-07-08 03:00:00+05:30,22.9,93,4.9,1.0,0.0,0.0,0.0,0.0,94220.0,2.0
2023-07-08 04:00:00+05:30,22.8,93,5.38,1.0,0.0,0.0,0.0,0.0,94230.0,2.8
2023-07-08 05:00:00+05:30,23.1,94,4.43,1.0,0.0,0.0,0.0,0.0,94310.0,2.5
2023-07-08 06:00:00+05:30,23.5,92,4.47,1.0,4.0,0.0,4.0,0.0,94320.0,0.1
2023-07-08 07:00:00+05:30,23.6,90,4.74,1.0,66.0,10.0,56.0,50.4,94370.0,0.0
2023-07-08 08:00:00+05:30,24.5,84,4.98,1.0,227.0,67.0,160.0,159.2,94470.0,0.0
2023-07-08 09:00:00+05:30,24.4,85,4.85,1.0,258.0,76.0,182.0,122.0,94520.0,0.3
2023-07-08 10:00:00+05:30,25.7,81,7.28,0.89,562.0,229.0,333.0,289.5,94540.0,0.4
2023-07-08 11:00:00+05:30,26.0,80,7.09,0.99,761.0,507.0,254.0,555.1,94540.0,2.1
2023-07-08 12:00:00+05:30,26.7,76,7.17,0.85,762.0,478.0,284.0,486.8,94500.0,0.7
2023-07-08 13:00:00+05:30,26.6,74,7.43,0.89,768.0,513.0,255.0,517.2,94470.0,0.7
2023-07-08 14:00:00+05:30,25.6,80,7.16,0.87,678.0,421.0,257.0,446.7,94370.0,1.2
2023-07-08 15:00:00+05:30,26.2,78,7.75,0.79,640.0,421.0,219.0,502.8,94340.0,0.2
2023-07-08 16:00:00+05:30,25.9,79,7.45,0.74,552.0,357.0,195.0,522.5,94310.0,0.3
2023-07-08 17:00:00+05:30,25.5,79,5.19,0.87,322.0,175.0,147.0,356.4,94350.0,0.2
2023-07-08 18:00:00+05:30,24.4,83,4.3,0.94,151.0,56.0,95.0,204.7,94430.0,0.1
2023-07-08 19:00:00+05:30,23.3,87,4.44,0.91,20.0,3.0,17.0,29.2,94450.0,0.1
2023-07-08 20:00:00+05:30,23.0,89,4.29,0.99,0.0,0.0,0.0,0.0,94550.0,0.0
2023-07-08 21:00:00+05:30,23.0,89,4.11,1.0,0.0,0.0,0.0,0.0,94560.0,0.0
2023-07-08 22:00:00+05:30,23.0,89,4.39,0.89,0.0,0.0,0.0,0.0,94580.0,0.0
2023-07-08 23:00:00+05:30,22.6,91,3.62,1.0,0.0,0.0,0.0,0.0,94530.0,0.0
2023-07-09 00:00:00+05:30,22.9,90,3.64,1.0,0.0,0.0,0.0,0.0,94490.0,0.0
2023-07-09 01:00:00+05:30,23.0,90,3.94,0.98,0.0,0.0,0.0,0.0,94400.0,0.0
2023-07-09 02:00:00+05:30,22.9,90,4.13,1.0,0.0,0.0,0.0,0.0,94350.0,0.0
2023-07-09 03:00:00+05:30,22.9,90,4.0,1.0,0.0,0.0,0.0,0.0,94370.0,0.0
2023-07-09 04:00:00+05:30,23.0,90,3.89,1.0,0.0,0.0,0.0,0.0,94370.0,0.0
2023-07-09 05:00:00+05:30,22.9,91,4.35,1.0,0.0,0.0,0.0,0.0,94400.0,0.0
2023-07-09 06:00:00+05:30,23.1,90,3.89,1.0,3.0,0.0,3.0,0.0,94440.0,0.1
2023-07-09 07:00:00+05:30,23.6,89,4.74,1.0,57.0,6.0,51.0,30.4,94480.0,0.1
2023-07-09 08:00:00+05:30,24.4,86,5.68,1.0,213.0,51.0,162.0,121.5,94550.0,0.1
2023-07-09 09:00:00+05:30,25.0,80,6.48,0.65,391.0,188.0,203.0,302.1,94600.0,0.7
2023-07-09 10:00:00+05:30,25.1,83,6.91,0.7,498.0,270.0,228.0,341.5,94620.0,0.8
2023-07-09 11:00:00+05:30,26.6,75,7.27,0.69,748.0,543.0,205.0,594.6,94600.0,0.5
2023-07-09 12:00:00+05:30,26.5,73,7.27,1.0,842.0,598.0,244.0,609.0,94580.0,1.1
2023-07-09 13:00:00+05:30,26.7,75,7.05,1.0,670.0,411.0,259.0,414.3,94550.0,0.5
2023-07-09 14:00:00+05:30,26.8,74,7.56,1.0,778.0,516.0,262.0,547.3,94480.0,0.9
2023-07-09 15:00:00+05:30,25.5,80,6.74,1.0,457.0,144.0,313.0,171.9,94430.0,0.5
2023-07-09 16:00:00+05:30,25.2,81,6.45,1.0,370.0,88.0,282.0,128.7,94390.0,0.2
2023-07-09 17:00:00+05:30,24.5,84,4.85,1.0,236.0,47.0,189.0,95.7,94440.0,0.1
2023-07-09 18:00:00+05:30,23.9,87,4.02,1.0,109.0,9.0,100.0,32.9,94530.0,0.1
2023-07-09 19:00:00+05:30,23.2,89,3.96,1.0,16.0,0.0,16.0,0.0,94550.0,0.0
2023-07-09 20:00:00+05:30,23.1,90,3.76,1.0,0.0,0.0,0.0,0.0,94590.0,0.0
2023-07-09 21:00:00+05:30,23.0,91,3.76,1.0,0.0,0.0,0.0,0.0,94600.0,0.0
2023-07-09 22:00:00+05:30,23.1,91,4.22,1.0,0.0,0.0,0.0,0.0,94580.0,0.0
2023-07-09 23:00:00+05:30,23.0,91,4.35,1.0,0.0,0.0,0.0,0.0,94570.0,0.0
2023-07-10 00:00:00+05:30,23.0,92,3.83,1.0,0.0,0.0,0.0,0.0,94550.0,0.0
2023-07-10 01:00:00+05:30,23.0,91,4.22,1.0,0.0,0.0,0.0,0.0,94490.0,0.1
2023-07-10 02:00:00+05:30,22.8,93,3.53,1.0,0.0,0.0,0.0,0.0,94470.0,0.1
2023-07-10 03:00:00+05:30,22.8,92,3.81,0.98,0.0,0.0,0.0,0.0,94460.0,0.1
2023-07-10 04:00:00+05:30,22.8,91,3.31,0.51,0.0,0.0,0.0,0.0,94440.0,0.0
2023-07-10 05:00:00+05:30,22.5,92,3.99,0.98,0.0,0.0,0.0,0.0,94430.0,0.0
2023-07-10 06:00:00+05:30,22.8,92,4.22,1.0,4.0,0.0,4.0,0.0,94490.0,0.0
2023-07-10 07:00:00+05:30,23.2,89,4.16,1.0,37.0,0.0,37.0,0.0,94530.0,0.0
2023-07-10 08:00:00+05:30,23.8,88,5.19,1.0,124.0,20.0,104.0,47.7,94590.0,0.1
2023-07-10 09:00:00+05:30,24.8,82,5.42,1.0,299.0,71.0,228.0,114.2,94630.0,0.0
2023-07-10 10:00:00+05:30,25.2,79,5.37,0.99,284.0,54.0,230.0,68.3,94650.0,0.0
2023-07-10 11:00:00+05:30,25.9,76,5.87,0.5,413.0,90.0,323.0,98.6,94610.0,0.1
2023-07-10 12:00:00+05:30,27.0,72,6.32,0.39,785.0,429.0,356.0,436.9,94600.0,0.4
2023-07-10 13:00:00+05:30,27.3,71,6.67,0.72,822.0,531.0,291.0,535.2,94570.0,0.1
2023-07-10 14:00:00+05:30,27.1,72,6.43,0.83,773.0,503.0,270.0,533.3,94510.0,0.2
2023-07-10 15:00:00+05:30,26.5,75,6.32,0.65,643.0,362.0,281.0,432.0,94460.0,0.2
2023-07-10 16:00:00+05:30,25.8,78,6.07,0.27,474.0,241.0,233.0,352.4,94410.0,0.1
2023-07-10 17:00:00+05:30,25.8,75,5.04,0.69,355.0,212.0,143.0,431.4,94410.0,0.1
2023-07-10 18:00:00+05:30,24.9,78,4.84,0.58,163.0,76.0,87.0,277.7,94460.0,0.0
2023-07-10 19:00:00+05:30,23.8,84,3.75,0.4,19.0,3.0,16.0,29.2,94560.0,0.0
2023-07-10 20:00:00+05:30,23.0,89,3.26,0.87,0.0,0.0,0.0,0.0,94630.0,0.0
2023-07-10 21:00:00+05:30,22.9,91,3.32,0.68,0.0,0.0,0.0,0.0,94670.0,0.0
2023-07-10 22:00:00+05:30,22.8,92,3.16,0.53,0.0,0.0,0.0,0.0,94670.0,0.0
2023-07-10 23:00:00+05:30,22.7,92,3.1,0.96,0.0,0.0,0.0,0.0,94660.0,0.0
2023-07-11 00:00:00+05:30,22.7,93,3.54,0.99,0.0,0.0,0.0,0.0,94610.0,0.0
2023-07-11 01:00:00+05:30,22.5,94,3.59,1.0,0.0,0.0,0.0,0.0,94540.0,0.0
2023-07-11 02:00:00+05:30,22.6,93,3.32,0.99,0.0,0.0,0.0,0.0,94500.0,0.0
2023-07-11 03:00:00+05:30,22.9,92,3.81,0.99,0.0,0.0,0.0,0.0,94450.0,0.0
2023-07-11 04:00:00+05:30,22.5,93,3.71,1.0,0.0,0.0,0.0,0.0,94450.0,0.0
2023-07-11 05:00:00+05:30,22.8,91,4.3,1.0,0.0,0.0,0.0,0.0,94440.0,0.0
2023-07-11 06:00:00+05:30,22.7,91,3.65,1.0,4.0,0.0,4.0,0.0,94530.0,0.0
2023-07-11 07:00:00+05:30,23.2,88,4.44,1.0,86.0,14.0,72.0,71.8,94560.0,0.0
2023-07-11 08:00:00+05:30,24.6,82,4.32,1.0,247.0,86.0,161.0,205.7,94630.0,0.0
2023-07-11 09:00:00+05:30,26.0,74,5.41,1.0,433.0,202.0,231.0,325.3,94660.0,0.0
2023-07-11 10:00:00+05:30,26.4,72,5.22,1.0,455.0,179.0,276.0,226.7,94660.0,0.0
2023-07-11 11:00:00+05:30,27.2,70,5.4,1.0,762.0,499.0,263.0,546.6,94690.0,0.1
2023-07-11 12:00:00+05:30,27.8,66,5.7,1.0,811.0,493.0,318.0,502.0,94660.0,0.0
2023-07-11 13:00:00+05:30,27.5,68,5.5,1.0,706.0,313.0,393.0,315.4,94560.0,0.0
2023-07-11 14:00:00+05:30,26.9,71,5.9,1.0,633.0,253.0,380.0,268.2,94510.0,0.0
2023-07-11 15:00:00+05:30,26.0,76,5.52,1.0,454.0,98.0,356.0,116.9,94460.0,0.1
2023-07-11 16:00:00+05:30,26.4,73,5.71,1.0,443.0,150.0,293.0,219.2,94420.0,0.0
2023-07-11 17:00:00+05:30,24.9,79,4.51,1.0,245.0,54.0,191.0,109.8,94370.0,0.0
2023-07-11 18:00:00+05:30,24.4,82,3.61,1.0,90.0,3.0,87.0,11.0,94440.0,0.0
2023-07-11 19:00:00+05:30,23.7,85,3.91,1.0,13.0,0.0,13.0,0.0,94510.0,0.0
2023-07-11 20:00:00+05:30,23.3,88,3.18,1.0,0.0,0.0,0.0,0.0,94590.0,0.0
2023-07-11 21:00:00+05:30,23.4,89,2.75,1.0,0.0,0.0,0.0,0.0,94670.0,0.1
2023-07-11 22:00:00+05:30,23.1,90,2.55,1.0,0.0,0.0,0.0,0.0,94680.0,0.0
2023-07-11 23:00:00+05:30,22.9,91,2.91,1.0,0.0,0.0,0.0,0.0,94600.0,0.0
2023-07-12 00:00:00+05:30,23.0,90,2.75,1.0,0.0,0.0,0.0,0.0,94580.0,0.0
2023-07-12 01:00:00+05:30,23.0,91,2.4,1.0,0.0,0.0,0.0,0.0,94530.0,0.0
2023-07-12 02:00:00+05:30,22.8,92,2.75,1.0,0.0,0.0,0.0,0.0,94440.0,0.0
2023-07-12 03:00:00+05:30,22.8,92,2.84,1.0,0.0,0.0,0.0,0.0,94410.0,0.0
2023-07-12 04:00:00+05:30,22.8,93,2.66,1.0,0.0,0.0,0.0,0.0,94400.0,0.1
2023-07-12 05:00:00+05:30,23.1,91,3.69,1.0,0.0,0.0,0.0,0.0,94360.0,0.1
2023-07-12 06:00:00+05:30,23.2,90,3.47,1.0,1.0,0.0,1.0,0.0,94430.0,0.0
2023-07-12 07:00:00+05:30,23.5,89,3.13,1.0,31.0,2.0,29.0,10.3,94500.0,0.2
2023-07-12 08:00:00+05:30,23.4,93,3.44,1.0,67.0,0.0,67.0,0.0,94530.0,1.3
2023-07-12 09:00:00+05:30,23.5,92,3.21,0.99,104.0,0.0,104.0,0.0,94550.0,2.0
2023-07-12 10:00:00+05:30,24.3,90,3.7,1.0,277.0,63.0,214.0,79.8,94570.0,0.9
2023-07-12 11:00:00+05:30,24.7,87,3.7,1.0,266.0,22.0,244.0,24.1,94520.0,0.8
2023-07-12 12:00:00+05:30,25.4,84,4.7,1.0,512.0,132.0,380.0,134.4,94480.0,0.6
2023-07-12 13:00:00+05:30,25.8,79,4.62,1.0,454.0,68.0,386.0,68.5,94440.0,0.3
2023-07-12 14:00:00+05:30,25.1,82,4.1,1.0,235.0,9.0,226.0,9.5,94350.0,0.3
2023-07-12 15:00:00+05:30,25.2,81,4.3,1.0,291.0,18.0,273.0,21.5,94320.0,0.2
2023-07-12 16:00:00+05:30,25.1,81,4.6,1.0,289.0,63.0,226.0,92.1,94300.0,0.1
2023-07-12 17:00:00+05:30,25.9,78,3.6,1.0,95.0,3.0,92.0,6.1,94280.0,0.1
2023-07-12 18:00:00+05:30,24.9,82,2.9,1.0,144.0,37.0,107.0,135.2,94350.0,0.0
2023-07-12 19:00:00+05:30,24.2,85,2.66,1.0,12.0,0.0,12.0,0.0,94400.0,0.0
2023-07-12 20:00:00+05:30,23.8,87,2.45,1.0,0.0,0.0,0.0,0.0,94480.0,0.0
2023-07-12 21:00:00+05:30,23.5,89,1.88,1.0,0.0,0.0,0.0,0.0,94560.0,0.0
2023-07-12 22:00:00+05:30,23.4,90,2.68,1.0,0.0,0.0,0.0,0.0,94560.0,0.0
2023-07-12 23:00:00+05:30,22.9,92,2.47,1.0,0.0,0.0,0.0,0.0,94530.0,0.0
2023-07-13 00:00:00+05:30,22.4,94,1.92,0.97,0.0,0.0,0.0,0.0,94460.0,0.0
2023-07-13 01:00:00+05:30,22.6,93,2.34,1.0,0.0,0.0,0.0,0.0,94420.0,0.0
2023-07-13 02:00:00+05:30,22.2,93,3.19,0.82,0.0,0.0,0.0,0.0,94320.0,0.0
2023-07-13 03:00:00+05:30,22.2,92,2.82,0.71,0.0,0.0,0.0,0.0,94310.0,0.0
2023-07-13 04:00:00+05:30,22.0,93,2.55,1.0,0.0,0.0,0.0,0.0,94330.0,0.0
2023-07-13 05:00:00+05:30,22.8,92,2.47,1.0,0.0,0.0,0.0,0.0,94290.0,0.0
2023-07-13 06:00:00+05:30,23.2,89,2.73,1.0,3.0,0.0,3.0,0.0,94360.0,0.0
2023-07-13 07:00:00+05:30,23.8,87,4.02,0.99,68.0,4.0,64.0,20.8,94400.0,0.0
2023-07-13 08:00:00+05:30,24.9,82,4.62,0.93,234.0,78.0,156.0,187.4,94460.0,0.0
2023-07-13 09:00:00+05:30,26.1,76,4.68,0.99,417.0,218.0,199.0,351.8,94520.0,0.1
2023-07-13 10:00:00+05:30,26.4,75,4.68,1.0,445.0,169.0,276.0,214.2,94540.0,0.2
2023-07-13 11:00:00+05:30,26.6,74,4.71,1.0,491.0,116.0,375.0,127.1,94530.0,0.2
2023-07-13 12:00:00+05:30,27.1,72,4.94,0.99,546.0,182.0,364.0,185.3,94460.0,0.1
2023-07-13 13:00:00+05:30,27.8,72,4.87,0.83,734.0,412.0,322.0,415.0,94410.0,0.0
2023-07-13 14:00:00+05:30,28.1,68,5.47,0.85,839.0,629.0,210.0,666.4,94340.0,0.0
2023-07-13 15:00:00+05:30,26.3,78,5.04,0.94,496.0,263.0,233.0,313.5,94330.0,0.7
2023-07-13 16:00:00+05:30,25.8,77,5.26,0.99,396.0,178.0,218.0,260.0,94320.0,0.3
2023-07-13 17:00:00+05:30,25.5,80,3.93,0.99,245.0,74.0,171.0,150.5,94330.0,0.0
2023-07-13 18:00:00+05:30,25.0,83,3.45,0.76,145.0,52.0,93.0,190.1,94360.0,0.0
2023-07-13 19:00:00+05:30,24.0,86,2.46,0.97,20.0,2.0,18.0,19.5,94420.0,0.0
2023-07-13 20:00:00+05:30,23.4,89,2.02,1.0,0.0,0.0,0.0,0.0,94490.0,0.0
2023-07-13 21:00:00+05:30,23.3,90,2.73,1.0,0.0,0.0,0.0,0.0,94530.0,0.0
2023-07-13 22:00:00+05:30,22.8,91,2.55,0.81,0.0,0.0,0.0,0.0,94620.0,0.0
2023-07-13 23:00:00+05:30,22.6,92,2.37,0.96,0.0,0.0,0.0,0.0,94590.0,0.0
2023-07-14 00:00:00+05:30,22.5,92,2.46,0.61,0.0,0.0,0.0,0.0,94490.0,0.0
2023-07-14 01:00:00+05:30,22.3,93,3.07,1.0,0.0,0.0,0.0,0.0,94460.0,0.0
2023-07-14 02:00:00+05:30,22.5,91,2.82,1.0,0.0,0.0,0.0,0.0,94410.0,0.0
2023-07-14 03:00:00+05:30,22.6,91,2.82,1.0,0.0,0.0,0.0,0.0,94390.0,0.0
2023-07-14 04:00:00+05:30,22.6,90,2.77,1.0,0.0,0.0,0.0,0.0,94400.0,0.0
2023-07-14 05:00:00+05:30,23.1,94,2.79,1.0,0.0,0.0,0.0,0.0,94400.0,0.0
2023-07-14 06:00:00+05:30,23.2,93,3.42,1.0,3.0,0.0,3.0,0.0,94440.0,0.0
2023-07-14 07:00:00+05:30,23.6,89,3.7,1.0,77.0,12.0,65.0,62.7,94570.0,0.2
2023-07-14 08:00:00+05:30,23.7,91,3.76,1.0,81.0,0.0,81.0,0.0,94580.0,0.1
2023-07-14 09:00:00+05:30,25.0,85,4.37,0.98,398.0,219.0,179.0,353.8,94640.0,0.1
2023-07-14 10:00:00+05:30,25.0,86,3.45,1.0,295.0,73.0,222.0,92.6,94660.0,0.2
2023-07-14 11:00:00+05:30,25.4,83,4.32,0.99,314.0,78.0,236.0,85.5,94630.0,0.1
2023-07-14 12:00:00+05:30,26.4,78,4.74,1.0,667.0,327.0,340.0,332.9,94570.0,2.5
2023-07-14 13:00:00+05:30,26.2,80,5.0,1.0,579.0,206.0,373.0,207.5,94520.0,3.4
2023-07-14 14:00:00+05:30,25.5,79,6.04,1.0,525.0,187.0,338.0,198.1,94450.0,5.1
2023-07-14 15:00:00+05:30,24.9,82,5.97,1.0,304.0,37.0,267.0,44.1,94400.0,1.6
2023-07-14 16:00:00+05:30,24.5,86,5.3,1.0,251.0,69.0,182.0,100.8,94400.0,3.2
2023-07-14 17:00:00+05:30,24.9,81,5.63,1.0,154.0,33.0,121.0,67.1,94480.0,0.2
2023-07-14 18:00:00+05:30,23.9,85,4.0,1.0,119.0,32.0,87.0,117.0,94520.0,0.1
2023-07-14 19:00:00+05:30,23.2,89,4.08,1.0,16.0,0.0,16.0,0.0,94590.0,0.0
2023-07-14 20:00:00+05:30,22.8,91,3.55,1.0,0.0,0.0,0.0,0.0,94660.0,0.0
2023-07-14 21:00:00+05:30,23.0,90,3.38,1.0,0.0,0.0,0.0,0.0,94710.0,0.0
2023-07-14 22:00:00+05:30,22.7,92,3.29,1.0,0.0,0.0,0.0,0.0,94760.0,0.0
2023-07-14 23:00:00+05:30,22.8,92,3.45,1.0,0.0,0.0,0.0,0.0,94740.0,0.0
2023-07-15 00:00:00+05:30,22.6,93,3.74,0.99,0.0,0.0,0.0,0.0,94650.0,0.0
2023-07-15 01:00:00+05:30,22.8,92,3.59,0.99,0.0,0.0,0.0,0.0,94580.0,0.0
2023-07-15 02:00:00+05:30,22.4,92,4.03,1.0,0.0,0.0,0.0,0.0,94510.0,0.0
2023-07-15 03:00:00+05:30,22.6,91,3.71,1.0,0.0,0.0,0.0,0.0,94480.0,0.0
2023-07-15 04:00:00+05:30,22.5,92,3.3,1.0,0.0,0.0,0.0,0.0,94480.0,0.0
2023-07-15 05:00:00+05:30,23.2,91,3.77,1.0,0.0,0.0,0.0,0.0,94470.0,0.0
2023-07-15 06:00:00+05:30,23.2,92,3.47,1.0,2.0,0.0,2.0,0.0,94520.0,0.0
2023-07-15 07:00:00+05:30,23.4,91,3.59,1.0,43.0,3.0,40.0,15.8,94580.0,0.1
2023-07-15 08:00:00+05:30,24.2,87,4.46,1.0,132.0,7.0,125.0,16.9,94630.0,0.1
2023-07-15 09:00:00+05:30,25.2,82,4.61,1.0,302.0,90.0,212.0,145.5,94700.0,0.1
2023-07-15 10:00:00+05:30,26.2,78,5.12,1.0,501.0,196.0,305.0,248.7,94730.0,0.1
2023-07-15 11:00:00+05:30,26.1,75,5.1,1.0,494.0,107.0,387.0,117.3,94760.0,0.2
2023-07-15 12:00:00+05:30,26.5,78,5.15,1.0,515.0,144.0,371.0,146.6,94680.0,0.1
2023-07-15 13:00:00+05:30,26.5,76,5.72,1.0,632.0,284.0,348.0,286.0,94600.0,0.8
2023-07-15 14:00:00+05:30,26.8,73,6.51,1.0,747.0,438.0,309.0,463.8,94530.0,0.1
2023-07-15 15:00:00+05:30,25.9,76,6.42,1.0,512.0,288.0,224.0,343.2,94460.0,0.1
2023-07-15 16:00:00+05:30,24.8,82,5.43,1.0,229.0,37.0,192.0,54.0,94460.0,0.0
2023-07-15 17:00:00+05:30,25.1,80,5.32,1.0,135.0,12.0,123.0,24.4,94510.0,0.1
2023-07-15 18:00:00+05:30,24.2,85,3.88,1.0,107.0,17.0,90.0,62.2,94520.0,0.1
2023-07-15 19:00:00+05:30,23.6,88,3.16,1.0,14.0,0.0,14.0,0.0,94580.0,0.0
2023-07-15 20:00:00+05:30,23.0,90,2.79,1.0,0.0,0.0,0.0,0.0,94650.0,0.0
2023-07-15 21:00:00+05:30,23.0,90,2.56,1.0,0.0,0.0,0.0,0.0,94680.0,0.0
2023-07-15 22:00:00+05:30,22.5,92,2.56,1.0,0.0,0.0,0.0,0.0,94700.0,0.0
2023-07-15 23:00:00+05:30,22.5,92,2.88,1.0,0.0,0.0,0.0,0.0,94680.0,0.0
2023-07-16 00:00:00+05:30,22.6,91,2.92,1.0,0.0,0.0,0.0,0.0,94610.0,0.0
2023-07-16 01:00:00+05:30,22.5,92,3.18,1.0,0.0,0.0,0.0,0.0,94540.0,0.0
2023-07-16 02:00:00+05:30,22.5,92,3.1,1.0,0.0,0.0,0.0,0.0,94490.0,0.0
2023-07-16 03:00:00+05:30,22.4,92,3.05,1.0,0.0,0.0,0.0,0.0,94460.0,0.0
2023-07-16 04:00:00+05:30,22.1,93,3.35,1.0,0.0,0.0,0.0,0.0,94440.0,0.0
2023-07-16 05:00:00+05:30,22.8,91,3.52,1.0,0.0,0.0,0.0,0.0,94420.0,0.0
2023-07-16 06:00:00+05:30,22.9,90,2.79,1.0,3.0,0.0,3.0,0.0,94510.0,0.0
2023-07-16 07:00:00+05:30,23.6,87,3.64,0.91,65.0,3.0,62.0,15.8,94580.0,0.0
2023-07-16 08:00:00+05:30,24.4,84,4.39,1.0,192.0,50.0,142.0,120.9,94580.0,0.0
2023-07-16 09:00:00+05:30,25.0,83,4.63,0.99,312.0,91.0,221.0,147.3,94640.0,0.2
2023-07-16 10:00:00+05:30,25.9,80,5.28,0.91,556.0,279.0,277.0,354.1,94640.0,0.2
2023-07-16 11:00:00+05:30,26.8,75,5.28,0.45,765.0,509.0,256.0,558.0,94610.0,0.2
2023-07-16 12:00:00+05:30,26.8,76,5.56,0.59,846.0,602.0,244.0,612.9,94560.0,0.1
2023-07-16 13:00:00+05:30,27.1,73,4.8,0.78,715.0,432.0,283.0,434.9,94480.0,0.1
2023-07-16 14:00:00+05:30,26.0,79,5.4,0.77,636.0,268.0,368.0,283.7,94430.0,1.0
2023-07-16 15:00:00+05:30,25.9,78,5.62,0.92,507.0,249.0,258.0,296.6,94400.0,0.9
2023-07-16 16:00:00+05:30,25.5,79,5.22,1.0,390.0,180.0,210.0,262.8,94360.0,0.2
2023-07-16 17:00:00+05:30,24.5,83,5.12,1.0,175.0,28.0,147.0,56.9,94420.0,0.0
2023-07-16 18:00:00+05:30,23.6,88,4.06,1.0,32.0,0.0,32.0,0.0,94420.0,0.4
2023-07-16 19:00:00+05:30,23.2,89,3.89,1.0,5.0,0.0,5.0,0.0,94460.0,0.3
2023-07-16 20:00:00+05:30,22.9,91,3.62,1.0,0.0,0.0,0.0,0.0,94510.0,1.0
2023-07-16 21:00:00+05:30,22.5,94,3.55,1.0,0.0,0.0,0.0,0.0,94550.0,0.6
2023-07-16 22:00:00+05:30,22.4,94,3.32,1.0,0.0,0.0,0.0,0.0,94590.0,1.0
2023-07-16 23:00:00+05:30,22.2,93,2.91,1.0,0.0,0.0,0.0,0.0,94580.0,0.7
2023-07-17 00:00:00+05:30,22.1,94,2.85,1.0,0.0,0.0,0.0,0.0,94560.0,0.3
2023-07-17 01:00:00+05:30,22.0,93,2.95,1.0,0.0,0.0,0.0,0.0,94470.0,0.1
2023-07-17 02:00:00+05:30,22.1,93,3.18,1.0,0.0,0.0,0.0,0.0,94420.0,0.0
2023-07-17 03:00:00+05:30,22.1,92,3.04,1.0,0.0,0.0,0.0,0.0,94400.0,0.0
2023-07-17 04:00:00+05:30,22.0,93,3.58,0.98,0.0,0.0,0.0,0.0,94360.0,0.4
2023-07-17 05:00:00+05:30,22.1,93,3.4,1.0,0.0,0.0,0.0,0.0,94320.0,0.5
2023-07-17 06:00:00+05:30,22.1,94,3.08,1.0,2.0,0.0,2.0,0.0,94400.0,0.2
2023-07-17 07:00:00+05:30,22.6,92,3.37,0.99,41.0,0.0,41.0,0.0,94430.0,0.1
2023-07-17 08:00:00+05:30,23.8,87,4.49,1.0,240.0,95.0,145.0,230.1,94500.0,0.1
2023-07-17 09:00:00+05:30,24.4,83,5.07,1.0,300.0,60.0,240.0,97.2,94540.0,0.1
2023-07-17 10:00:00+05:30,24.9,81,5.82,1.0,354.0,66.0,288.0,83.8,94530.0,0.1
2023-07-17 11:00:00+05:30,25.2,79,5.76,1.0,387.0,48.0,339.0,52.6,94520.0,0.1
2023-07-17 12:00:00+05:30,24.6,83,5.26,1.0,209.0,0.0,209.0,0.0,94480.0,0.1
2023-07-17 13:00:00+05:30,24.9,83,5.22,0.94,258.0,15.0,243.0,15.1,94410.0,0.1
2023-07-17 14:00:00+05:30,25.9,78,6.04,0.58,538.0,137.0,401.0,145.0,94340.0,0.1
2023-07-17 15:00:00+05:30,25.8,78,6.63,0.74,498.0,264.0,234.0,314.5,94250.0,0.3
2023-07-17 16:00:00+05:30,25.5,79,6.65,0.98,462.0,249.0,213.0,363.5,94200.0,2.2
2023-07-17 17:00:00+05:30,24.5,86,5.39,1.0,162.0,38.0,124.0,77.3,94220.0,1.2
2023-07-17 18:00:00+05:30,24.0,87,4.15,1.0,109.0,11.0,98.0,40.4,94250.0,0.1
2023-07-17 19:00:00+05:30,23.2,90,4.11,1.0,13.0,0.0,13.0,0.0,94310.0,0.1
2023-07-17 20:00:00+05:30,23.0,91,3.01,1.0,0.0,0.0,0.0,0.0,94390.0,0.1
2023-07-17 21:00:00+05:30,23.0,91,3.22,1.0,0.0,0.0,0.0,0.0,94430.0,0.1
2023-07-17 22:00:00+05:30,22.9,91,3.49,1.0,0.0,0.0,0.0,0.0,94470.0,0.1
2023-07-17 23:00:00+05:30,22.8,91,3.62,1.0,0.0,0.0,0.0,0.0,94440.0,0.1
2023-07-18 00:00:00+05:30,22.6,92,3.86,1.0,0.0,0.0,0.0,0.0,94390.0,0.1
2023-07-18 01:00:00+05:30,22.6,92,3.76,1.0,0.0,0.0,0.0,0.0,94300.0,0.1
2023-07-18 02:00:00+05:30,22.6,92,3.83,1.0,0.0,0.0,0.0,0.0,94230.0,0.0
2023-07-18 03:00:00+05:30,22.6,91,4.05,1.0,0.0,0.0,0.0,0.0,94210.0,0.1
2023-07-18 04:00:00+05:30,22.6,91,4.1,1.0,0.0,0.0,0.0,0.0,94250.0,0.1
2023-07-18 05:00:00+05:30,22.6,92,4.13,1.0,0.0,0.0,0.0,0.0,94220.0,0.1
2023-07-18 06:00:00+05:30,22.8,92,4.23,1.0,1.0,0.0,1.0,0.0,94270.0,0.6
2023-07-18 07:00:00+05:30,23.2,91,3.93,1.0,64.0,3.0,61.0,16.0,94340.0,0.5
2023-07-18 08:00:00+05:30,23.4,93,3.74,1.0,104.0,9.0,95.0,21.8,94380.0,0.9
2023-07-18 09:00:00+05:30,23.3,93,4.59,1.0,62.0,0.0,62.0,0.0,94410.0,1.2
2023-07-18 10:00:00+05:30,24.3,84,5.65,1.0,318.0,41.0,277.0,52.1,94450.0,4.3
2023-07-18 11:00:00+05:30,23.8,89,5.55,1.0,171.0,24.0,147.0,26.3,94400.0,0.7
2023-07-18 12:00:00+05:30,24.5,83,6.83,1.0,374.0,34.0,340.0,34.6,94330.0,0.9
2023-07-18 13:00:00+05:30,25.0,87,6.68,1.0,413.0,70.0,343.0,70.5,94270.0,0.5
2023-07-18 14:00:00+05:30,24.2,86,6.75,1.0,401.0,70.0,331.0,74.1,94200.0,0.9
2023-07-18 15:00:00+05:30,24.5,87,7.61,1.0,430.0,144.0,286.0,171.5,94140.0,1.4
2023-07-18 16:00:00+05:30,23.8,89,6.58,1.0,195.0,19.0,176.0,27.7,94110.0,0.5
2023-07-18 17:00:00+05:30,23.6,89,6.35,1.0,122.0,9.0,113.0,18.3,94110.0,0.5
2023-07-18 18:00:00+05:30,23.3,90,5.56,1.0,55.0,0.0,55.0,0.0,94140.0,0.2
2023-07-18 19:00:00+05:30,23.0,91,5.04,1.0,8.0,0.0,8.0,0.0,94180.0,0.3
2023-07-18 20:00:00+05:30,22.5,94,4.03,1.0,0.0,0.0,0.0,0.0,94200.0,0.4
2023-07-18 21:00:00+05:30,22.6,96,4.32,1.0,0.0,0.0,0.0,0.0,94260.0,0.9
2023-07-18 22:00:00+05:30,22.6,94,4.74,1.0,0.0,0.0,0.0,0.0,94290.0,1.1
2023-07-18 23:00:00+05:30,22.6,94,4.26,1.0,0.0,0.0,0.0,0.0,94250.0,1.3
2023-07-19 00:00:00+05:30,22.6,93,5.44,1.0,0.0,0.0,0.0,0.0,94200.0,1.1
2023-07-19 01:00:00+05:30,22.5,93,5.19,1.0,0.0,0.0,0.0,0.0,94110.0,1.7
2023-07-19 02:00:00+05:30,22.8,93,4.85,1.0,0.0,0.0,0.0,0.0,94040.0,1.9
2023-07-19 03:00:00+05:30,22.6,94,4.93,1.0,0.0,0.0,0.0,0.0,94020.0,1.6
2023-07-19 04:00:00+05:30,22.7,94,4.88,1.0,0.0,0.0,0.0,0.0,94000.0,2.5
2023-07-19 05:00:00+05:30,22.6,94,4.54,1.0,0.0,0.0,0.0,0.0,94070.0,1.0
2023-07-19 06:00:00+05:30,22.5,94,3.96,1.0,1.0,0.0,1.0,0.0,94100.0,0.6
2023-07-19 07:00:00+05:30,22.5,94,4.37,1.0,10.0,0.0,10.0,0.0,94120.0,1.2
2023-07-19 08:00:00+05:30,22.8,94,4.44,1.0,28.0,0.0,28.0,0.0,94160.0,1.8
2023-07-19 09:00:00+05:30,23.1,93,4.73,1.0,57.0,0.0,57.0,0.0,94180.0,2.1
2023-07-19 10:00:00+05:30,23.2,93,4.93,1.0,84.0,0.0,84.0,0.0,94170.0,3.8
2023-07-19 11:00:00+05:30,23.8,92,5.56,1.0,173.0,4.0,169.0,4.4,94160.0,1.7
2023-07-19 12:00:00+05:30,23.8,89,5.73,1.0,176.0,3.0,173.0,3.1,94140.0,0.9
2023-07-19 13:00:00+05:30,25.0,88,4.77,1.0,368.0,44.0,324.0,44.3,94110.0,0.2
2023-07-19 14:00:00+05:30,24.2,86,6.41,1.0,222.0,5.0,217.0,5.3,94020.0,4.1
2023-07-19 15:00:00+05:30,23.8,91,5.3,1.0,121.0,0.0,121.0,0.0,93940.0,0.3
2023-07-19 16:00:00+05:30,24.2,89,6.26,1.0,286.0,27.0,259.0,39.4,93930.0,0.3
2023-07-19 17:00:00+05:30,23.3,92,4.61,1.0,143.0,12.0,131.0,24.4,93900.0,0.1
2023-07-19 18:00:00+05:30,23.2,93,4.24,1.0,56.0,0.0,56.0,0.0,93900.0,0.4
2023-07-19 19:00:00+05:30,23.0,94,4.42,1.0,11.0,0.0,11.0,0.0,93980.0,1.7
2023-07-19 20:00:00+05:30,22.9,95,3.8,1.0,0.0,0.0,0.0,0.0,94050.0,2.8
2023-07-19 21:00:00+05:30,23.0,93,4.42,1.0,0.0,0.0,0.0,0.0,94080.0,1.4
2023-07-19 22:00:00+05:30,23.0,93,4.93,1.0,0.0,0.0,0.0,0.0,94120.0,0.7
2023-07-19 23:00:00+05:30,22.9,93,4.61,1.0,0.0,0.0,0.0,0.0,94100.0,0.3
2023-07-20 00:00:00+05:30,22.8,93,4.04,1.0,0.0,0.0,0.0,0.0,94060.0,0.3
2023-07-20 01:00:00+05:30,22.8,93,4.83,1.0,0.0,0.0,0.0,0.0,94020.0,0.2
2023-07-20 02:00:00+05:30,22.9,92,5.12,1.0,0.0,0.0,0.0,0.0,93980.0,0.1
2023-07-20 03:00:00+05:30,22.8,94,4.3,1.0,0.0,0.0,0.0,0.0,93990.0,0.2
2023-07-20 04:00:00+05:30,22.6,94,5.12,1.0,0.0,0.0,0.0,0.0,93990.0,0.2
2023-07-20 05:00:00+05:30,22.5,95,5.66,1.0,0.0,0.0,0.0,0.0,93980.0,0.1
2023-07-20 06:00:00+05:30,22.6,94,5.9,1.0,2.0,0.0,2.0,0.0,94060.0,0.0
2023-07-20 07:00:00+05:30,23.0,92,5.36,1.0,57.0,6.0,51.0,32.4,94110.0,0.0
2023-07-20 08:00:00+05:30,23.5,90,5.38,1.0,160.0,33.0,127.0,80.4,94190.0,0.1
2023-07-20 09:00:00+05:30,24.3,86,5.9,1.0,292.0,73.0,219.0,118.5,94210.0,0.1
2023-07-20 10:00:00+05:30,25.2,81,7.42,1.0,408.0,93.0,315.0,118.2,94210.0,0.2
2023-07-20 11:00:00+05:30,26.2,78,7.79,0.87,633.0,289.0,344.0,316.9,94210.0,0.3
2023-07-20 12:00:00+05:30,25.8,81,7.43,0.99,624.0,322.0,302.0,327.7,94200.0,0.5
2023-07-20 13:00:00+05:30,25.6,82,7.79,0.99,585.0,257.0,328.0,258.6,94140.0,0.2
2023-07-20 14:00:00+05:30,25.8,81,7.51,0.96,565.0,225.0,340.0,238.1,94070.0,0.5
2023-07-20 15:00:00+05:30,25.6,81,7.88,0.91,579.0,331.0,248.0,394.2,93990.0,0.3
2023-07-20 16:00:00+05:30,25.3,82,7.64,1.0,443.0,229.0,214.0,334.4,93990.0,0.3
2023-07-20 17:00:00+05:30,23.8,89,5.51,1.0,231.0,63.0,168.0,128.4,94040.0,0.2
2023-07-20 18:00:00+05:30,23.5,89,5.32,1.0,118.0,22.0,96.0,81.2,94130.0,0.1
2023-07-20 19:00:00+05:30,23.0,91,4.9,1.0,12.0,0.0,12.0,0.0,94160.0,0.1
2023-07-20 20:00:00+05:30,22.9,92,5.02,1.0,0.0,0.0,0.0,0.0,94220.0,0.0
2023-07-20 21:00:00+05:30,23.0,91,4.71,1.0,0.0,0.0,0.0,0.0,94270.0,0.0
2023-07-20 22:00:00+05:30,22.9,92,4.12,1.0,0.0,0.0,0.0,0.0,94340.0,0.0
2023-07-20 23:00:00+05:30,22.8,92,4.27,1.0,0.0,0.0,0.0,0.0,94310.0,0.0
2023-07-21 00:00:00+05:30,22.5,93,4.55,1.0,0.0,0.0,0.0,0.0,94230.0,0.0
2023-07-21 01:00:00+05:30,22.9,90,4.59,1.0,0.0,0.0,0.0,0.0,94190.0,0.0
2023-07-21 02:00:00+05:30,22.9,91,4.39,1.0,0.0,0.0,0.0,0.0,94140.0,0.0
2023-07-21 03:00:00+05:30,22.9,91,4.66,1.0,0.0,0.0,0.0,0.0,94140.0,0.0
2023-07-21 04:00:00+05:30,22.9,92,4.49,1.0,0.0,0.0,0.0,0.0,94160.0,0.4
2023-07-21 05:00:00+05:30,23.0,94,3.77,0.96,0.0,0.0,0.0,0.0,94130.0,0.4
2023-07-21 06:00:00+05:30,23.1,93,3.75,1.0,3.0,0.0,3.0,0.0,94200.0,0.1
2023-07-21 07:00:00+05:30,23.5,90,4.34,1.0,74.0,9.0,65.0,48.9,94280.0,0.0
2023-07-21 08:00:00+05:30,24.4,89,3.98,1.0,171.0,24.0,147.0,58.6,94330.0,1.0
2023-07-21 09:00:00+05:30,24.4,89,4.12,1.0,155.0,2.0,153.0,3.3,94360.0,0.1
2023-07-21 10:00:00+05:30,25.5,84,5.0,1.0,441.0,101.0,340.0,128.4,94400.0,0.1
2023-07-21 11:00:00+05:30,25.8,82,4.79,1.0,444.0,99.0,345.0,108.6,94390.0,2.6
2023-07-21 12:00:00+05:30,25.8,85,4.9,1.0,381.0,119.0,262.0,121.1,94380.0,5.2
2023-07-21 13:00:00+05:30,24.5,90,4.85,1.0,134.0,6.0,128.0,6.0,94320.0,4.5
2023-07-21 14:00:00+05:30,24.6,88,5.26,1.0,207.0,3.0,204.0,3.2,94230.0,0.5
2023-07-21 15:00:00+05:30,25.0,87,5.71,1.0,384.0,45.0,339.0,53.6,94200.0,0.5
2023-07-21 16:00:00+05:30,24.6,87,6.2,1.0,296.0,38.0,258.0,55.5,94190.0,2.8
2023-07-21 17:00:00+05:30,24.0,88,4.87,1.0,149.0,13.0,136.0,26.5,94230.0,0.1
2023-07-21 18:00:00+05:30,23.6,90,4.55,1.0,97.0,12.0,85.0,44.4,94260.0,0.2
2023-07-21 19:00:00+05:30,23.2,91,5.22,1.0,15.0,0.0,15.0,0.0,94320.0,0.1
2023-07-21 20:00:00+05:30,23.3,91,4.77,1.0,0.0,0.0,0.0,0.0,94370.0,0.1
2023-07-21 21:00:00+05:30,23.2,92,4.63,1.0,0.0,0.0,0.0,0.0,94430.0,0.2
2023-07-21 22:00:00+05:30,23.0,93,4.42,1.0,0.0,0.0,0.0,0.0,94470.0,0.2
2023-07-21 23:00:00+05:30,23.0,93,4.64,1.0,0.0,0.0,0.0,0.0,94460.0,0.1
2023-07-22 00:00:00+05:30,22.8,94,4.37,1.0,0.0,0.0,0.0,0.0,94420.0,0.4
2023-07-22 01:00:00+05:30,22.8,94,3.54,1.0,0.0,0.0,0.0,0.0,94340.0,0.8
2023-07-22 02:00:00+05:30,22.8,94,4.16,1.0,0.0,0.0,0.0,0.0,94310.0,0.9
2023-07-22 03:00:00+05:30,22.7,94,4.85,1.0,0.0,0.0,0.0,0.0,94300.0,0.8
2023-07-22 04:00:00+05:30,22.6,94,4.6,1.0,0.0,0.0,0.0,0.0,94290.0,1.0
2023-07-22 05:00:00+05:30,22.7,94,4.3,1.0,0.0,0.0,0.0,0.0,94290.0,0.9
2023-07-22 06:00:00+05:30,22.8,92,4.63,1.0,1.0,0.0,1.0,0.0,94280.0,0.3
2023-07-22 07:00:00+05:30,23.0,92,4.04,1.0,23.0,0.0,23.0,0.0,94350.0,0.1
2023-07-22 08:00:00+05:30,23.3,92,4.51,1.0,58.0,0.0,58.0,0.0,94380.0,0.3
2023-07-22 09:00:00+05:30,23.6,92,4.67,1.0,96.0,0.0,96.0,0.0,94390.0,0.3
2023-07-22 10:00:00+05:30,24.7,88,6.28,1.0,335.0,41.0,294.0,52.1,94440.0,0.2
2023-07-22 11:00:00+05:30,25.5,84,6.69,1.0,492.0,121.0,371.0,132.7,94430.0,0.5
2023-07-22 12:00:00+05:30,26.4,80,6.61,1.0,705.0,375.0,330.0,381.6,94420.0,1.9
2023-07-22 13:00:00+05:30,25.5,80,7.33,1.0,449.0,93.0,356.0,93.6,94340.0,0.3
2023-07-22 14:00:00+05:30,25.2,82,7.06,1.0,412.0,82.0,330.0,86.7,94280.0,0.2
2023-07-22 15:00:00+05:30,24.9,84,6.94,1.0,422.0,117.0,305.0,139.3,94250.0,0.2
2023-07-22 16:00:00+05:30,24.8,84,6.24,0.99,355.0,136.0,219.0,198.7,94190.0,0.2
2023-07-22 17:00:00+05:30,23.9,89,5.4,1.0,219.0,71.0,148.0,144.9,94200.0,0.1
2023-07-22 18:00:00+05:30,22.9,94,4.57,1.0,45.0,0.0,45.0,0.0,94210.0,0.5
2023-07-22 19:00:00+05:30,22.7,93,4.37,1.0,13.0,0.0,13.0,0.0,94240.0,0.3
2023-07-22 20:00:00+05:30,22.6,94,3.67,1.0,0.0,0.0,0.0,0.0,94340.0,0.3
2023-07-22 21:00:00+05:30,22.6,94,3.7,1.0,0.0,0.0,0.0,0.0,94400.0,0.7
2023-07-22 22:00:00+05:30,22.5,94,3.95,1.0,0.0,0.0,0.0,0.0,94430.0,0.3
2023-07-22 23:00:00+05:30,22.8,93,4.03,1.0,0.0,0.0,0.0,0.0,94390.0,0.1
2023-07-23 00:00:00+05:30,23.0,92,4.27,1.0,0.0,0.0,0.0,0.0,94330.0,0.1
2023-07-23 01:00:00+05:30,22.6,93,3.86,1.0,0.0,0.0,0.0,0.0,94260.0,0.1
2023-07-23 02:00:00+05:30,22.5,93,4.18,1.0,0.0,0.0,0.0,0.0,94180.0,0.1
2023-07-23 03:00:00+05:30,22.5,93,4.22,1.0,0.0,0.0,0.0,0.0,94150.0,0.3
2023-07-23 04:00:00+05:30,22.8,92,4.59,1.0,0.0,0.0,0.0,0.0,94150.0,0.1
2023-07-23 05:00:00+05:30,23.0,94,3.71,1.0,0.0,0.0,0.0,0.0,94160.0,0.7
2023-07-23 06:00:00+05:30,23.0,94,3.26,1.0,2.0,0.0,2.0,0.0,94200.0,1.0
2023-07-23 07:00:00+05:30,23.5,92,3.79,1.0,61.0,12.0,49.0,66.0,94250.0,0.4
2023-07-23 08:00:00+05:30,24.0,89,5.12,1.0,139.0,14.0,125.0,34.3,94320.0,0.5
2023-07-23 09:00:00+05:30,24.5,88,5.34,1.0,203.0,32.0,171.0,52.1,94360.0,0.5
2023-07-23 10:00:00+05:30,24.6,89,5.07,1.0,175.0,0.0,175.0,0.0,94380.0,0.2
2023-07-23 11:00:00+05:30,24.9,87,6.28,1.0,347.0,90.0,257.0,98.7,94380.0,1.1
2023-07-23 12:00:00+05:30,25.1,85,7.18,1.0,444.0,103.0,341.0,104.8,94340.0,0.6
2023-07-23 13:00:00+05:30,25.0,87,6.26,1.0,389.0,62.0,327.0,62.4,94280.0,0.5
2023-07-23 14:00:00+05:30,24.5,86,6.39,1.0,362.0,47.0,315.0,49.7,94220.0,1.3
2023-07-23 15:00:00+05:30,23.8,89,6.14,0.99,362.0,158.0,204.0,188.2,94160.0,1.4
2023-07-23 16:00:00+05:30,24.1,86,6.99,1.0,343.0,102.0,241.0,149.1,94130.0,0.9
2023-07-23 17:00:00+05:30,23.4,92,5.53,1.0,229.0,47.0,182.0,96.0,94130.0,0.4
2023-07-23 18:00:00+05:30,23.2,91,4.63,1.0,74.0,8.0,66.0,29.7,94180.0,0.4
2023-07-23 19:00:00+05:30,22.9,92,4.56,0.92,5.0,0.0,5.0,0.0,94240.0,1.7
2023-07-23 20:00:00+05:30,22.7,92,5.0,1.0,0.0,0.0,0.0,0.0,94290.0,0.2
2023-07-23 21:00:00+05:30,22.5,94,3.72,0.97,0.0,0.0,0.0,0.0,94340.0,0.4
2023-07-23 22:00:00+05:30,22.7,93,4.12,1.0,0.0,0.0,0.0,0.0,94390.0,1.6
2023-07-23 23:00:00+05:30,22.8,93,4.47,1.0,0.0,0.0,0.0,0.0,94350.0,0.2
2023-07-24 00:00:00+05:30,22.8,93,4.61,1.0,0.0,0.0,0.0,0.0,94270.0,0.4
2023-07-24 01:00:00+05:30,22.8,93,4.62,1.0,0.0,0.0,0.0,0.0,94240.0,0.8
2023-07-24 02:00:00+05:30,22.7,92,4.75,1.0,0.0,0.0,0.0,0.0,94140.0,0.4
2023-07-24 03:00:00+05:30,22.6,93,4.51,1.0,0.0,0.0,0.0,0.0,94150.0,0.3
2023-07-24 04:00:00+05:30,22.5,92,4.49,0.99,0.0,0.0,0.0,0.0,94140.0,0.3
2023-07-24 05:00:00+05:30,23.0,92,4.4,1.0,0.0,0.0,0.0,0.0,94210.0,0.4
2023-07-24 06:00:00+05:30,22.9,94,4.59,1.0,1.0,0.0,1.0,0.0,94260.0,0.4
2023-07-24 07:00:00+05:30,23.0,94,4.09,0.97,32.0,2.0,30.0,11.1,94320.0,0.5
2023-07-24 08:00:00+05:30,24.0,89,5.19,0.99,166.0,39.0,127.0,95.7,94380.0,0.3
2023-07-24 09:00:00+05:30,24.1,89,4.78,1.0,178.0,19.0,159.0,31.0,94420.0,0.5
2023-07-24 10:00:00+05:30,24.2,85,6.04,1.0,259.0,30.0,229.0,38.2,94400.0,0.5
2023-07-24 11:00:00+05:30,25.0,84,6.61,0.99,498.0,167.0,331.0,183.2,94370.0,0.5
2023-07-24 12:00:00+05:30,25.1,84,6.91,1.0,499.0,127.0,372.0,129.2,94360.0,0.3
2023-07-24 13:00:00+05:30,26.2,81,6.16,0.95,629.0,173.0,456.0,174.0,94280.0,0.5
2023-07-24 14:00:00+05:30,25.6,79,7.52,0.91,556.0,236.0,320.0,249.6,94220.0,1.2
2023-07-24 15:00:00+05:30,25.1,83,6.26,0.97,583.0,307.0,276.0,365.6,94170.0,5.7
2023-07-24 16:00:00+05:30,24.5,87,6.82,0.99,361.0,131.0,230.0,191.5,94130.0,2.4
2023-07-24 17:00:00+05:30,24.0,87,5.32,0.99,235.0,74.0,161.0,151.3,94150.0,0.3
2023-07-24 18:00:00+05:30,23.5,90,4.37,0.99,117.0,21.0,96.0,78.3,94190.0,0.1
2023-07-24 19:00:00+05:30,23.0,91,4.12,1.0,17.0,1.0,16.0,10.0,94260.0,0.1
2023-07-24 20:00:00+05:30,22.9,92,3.61,1.0,0.0,0.0,0.0,0.0,94350.0,0.0
2023-07-24 21:00:00+05:30,22.9,92,2.69,1.0,0.0,0.0,0.0,0.0,94430.0,0.0
2023-07-24 22:00:00+05:30,23.0,90,3.18,1.0,0.0,0.0,0.0,0.0,94500.0,0.1
2023-07-24 23:00:00+05:30,22.9,91,3.13,1.0,0.0,0.0,0.0,0.0,94490.0,0.2
2023-07-25 00:00:00+05:30,22.9,92,4.27,1.0,0.0,0.0,0.0,0.0,94470.0,0.2
2023-07-25 01:00:00+05:30,22.8,92,4.04,1.0,0.0,0.0,0.0,0.0,94420.0,0.1
2023-07-25 02:00:00+05:30,22.6,93,4.26,1.0,0.0,0.0,0.0,0.0,94350.0,0.1
2023-07-25 03:00:00+05:30,22.6,92,4.0,1.0,0.0,0.0,0.0,0.0,94320.0,0.2
2023-07-25 04:00:00+05:30,22.6,92,4.0,0.99,0.0,0.0,0.0,0.0,94330.0,0.1
2023-07-25 05:00:00+05:30,22.9,93,3.71,0.97,0.0,0.0,0.0,0.0,94300.0,0.2
2023-07-25 06:00:00+05:30,23.0,92,3.71,1.0,2.0,0.0,2.0,0.0,94350.0,0.1
2023-07-25 07:00:00+05:30,23.3,92,4.14,1.0,54.0,3.0,51.0,16.7,94400.0,0.0
2023-07-25 08:00:00+05:30,24.2,86,5.33,1.0,189.0,33.0,156.0,81.2,94480.0,0.4
2023-07-25 09:00:00+05:30,24.2,87,4.3,1.0,236.0,35.0,201.0,57.1,94540.0,4.3
2023-07-25 10:00:00+05:30,24.0,89,4.71,1.0,212.0,20.0,192.0,25.5,94520.0,4.0
2023-07-25 11:00:00+05:30,24.1,88,5.61,1.0,253.0,25.0,228.0,27.4,94540.0,0.3
2023-07-25 12:00:00+05:30,24.9,86,5.32,1.0,393.0,104.0,289.0,105.8,94510.0,0.3
2023-07-25 13:00:00+05:30,25.0,83,5.2,1.0,344.0,27.0,317.0,27.2,94440.0,0.9
2023-07-25 14:00:00+05:30,24.4,84,5.94,1.0,397.0,56.0,341.0,59.2,94410.0,2.5
2023-07-25 15:00:00+05:30,23.6,90,4.97,1.0,101.0,0.0,101.0,0.0,94330.0,0.3
2023-07-25 16:00:00+05:30,24.0,88,5.47,1.0,206.0,6.0,200.0,8.8,94340.0,0.4
2023-07-25 17:00:00+05:30,23.5,88,5.46,1.0,133.0,15.0,118.0,30.7,94380.0,0.2
2023-07-25 18:00:00+05:30,23.2,90,4.46,1.0,54.0,0.0,54.0,0.0,94400.0,0.4
2023-07-25 19:00:00+05:30,22.8,92,4.4,1.0,6.0,0.0,6.0,0.0,94440.0,0.3
2023-07-25 20:00:00+05:30,22.8,93,4.22,1.0,0.0,0.0,0.0,0.0,94520.0,0.1
2023-07-25 21:00:00+05:30,22.7,94,3.71,1.0,0.0,0.0,0.0,0.0,94590.0,0.1
2023-07-25 22:00:00+05:30,22.5,94,3.65,1.0,0.0,0.0,0.0,0.0,94650.0,0.0
2023-07-25 23:00:00+05:30,22.5,94,3.72,1.0,0.0,0.0,0.0,0.0,94610.0,0.0
2023-07-26 00:00:00+05:30,22.5,94,3.73,1.0,0.0,0.0,0.0,0.0,94550.0,0.0
2023-07-26 01:00:00+05:30,22.6,92,3.64,1.0,0.0,0.0,0.0,0.0,94500.0,0.0
2023-07-26 02:00:00+05:30,22.3,92,3.93,1.0,0.0,0.0,0.0,0.0,94430.0,0.0
2023-07-26 03:00:00+05:30,22.2,92,3.88,1.0,0.0,0.0,0.0,0.0,94400.0,0.0
2023-07-26 04:00:00+05:30,22.1,93,3.45,1.0,0.0,0.0,0.0,0.0,94390.0,0.0
2023-07-26 05:00:00+05:30,22.5,94,2.62,1.0,0.0,0.0,0.0,0.0,94420.0,0.1
2023-07-26 06:00:00+05:30,22.5,94,2.71,1.0,1.0,0.0,1.0,0.0,94460.0,0.2
2023-07-26 07:00:00+05:30,22.9,93,2.84,1.0,33.0,0.0,33.0,0.0,94540.0,0.2
2023-07-26 08:00:00+05:30,23.6,91,3.71,0.93,111.0,12.0,99.0,29.6,94590.0,0.2
2023-07-26 09:00:00+05:30,24.8,86,4.11,1.0,311.0,93.0,218.0,151.8,94650.0,0.1
2023-07-26 10:00:00+05:30,24.4,89,3.91,1.0,292.0,13.0,279.0,16.6,94680.0,5.4
2023-07-26 11:00:00+05:30,24.8,85,5.61,1.0,353.0,68.0,285.0,74.6,94650.0,0.9
2023-07-26 12:00:00+05:30,24.6,88,5.51,1.0,338.0,47.0,291.0,47.8,94610.0,2.4
2023-07-26 13:00:00+05:30,25.0,85,4.91,1.0,334.0,30.0,304.0,30.2,94540.0,0.2
2023-07-26 14:00:00+05:30,25.8,78,6.61,0.99,588.0,248.0,340.0,262.3,94500.0,0.5
2023-07-26 15:00:00+05:30,24.0,87,6.43,1.0,242.0,5.0,237.0,6.0,94420.0,3.3
2023-07-26 16:00:00+05:30,24.0,89,5.53,0.99,161.0,3.0,158.0,4.4,94400.0,0.1
2023-07-26 17:00:00+05:30,24.1,88,5.94,1.0,212.0,23.0,189.0,47.1,94440.0,0.2
2023-07-26 18:00:00+05:30,23.5,89,5.67,1.0,90.0,8.0,82.0,30.0,94480.0,0.3
2023-07-26 19:00:00+05:30,23.0,91,5.06,1.0,12.0,0.0,12.0,0.0,94550.0,0.2
2023-07-26 20:00:00+05:30,22.6,94,5.12,1.0,0.0,0.0,0.0,0.0,94580.0,1.0
2023-07-26 21:00:00+05:30,22.6,94,5.02,1.0,0.0,0.0,0.0,0.0,94610.0,1.0
2023-07-26 22:00:00+05:30,22.5,94,5.0,1.0,0.0,0.0,0.0,0.0,94670.0,1.5
2023-07-26 23:00:00+05:30,22.5,94,4.79,1.0,0.0,0.0,0.0,0.0,94660.0,0.6
2023-07-27 00:00:00+05:30,22.5,94,3.92,1.0,0.0,0.0,0.0,0.0,94640.0,0.5
2023-07-27 01:00:00+05:30,22.6,94,4.16,1.0,0.0,0.0,0.0,0.0,94580.0,1.6
2023-07-27 02:00:00+05:30,22.5,94,5.3,1.0,0.0,0.0,0.0,0.0,94470.0,2.8
2023-07-27 03:00:00+05:30,22.5,93,4.61,1.0,0.0,0.0,0.0,0.0,94440.0,1.6
2023-07-27 04:00:00+05:30,22.4,93,4.32,1.0,0.0,0.0,0.0,0.0,94410.0,0.9
2023-07-27 05:00:00+05:30,22.7,92,4.47,1.0,0.0,0.0,0.0,0.0,94470.0,0.8
2023-07-27 06:00:00+05:30,22.7,93,4.43,1.0,1.0,0.0,1.0,0.0,94500.0,0.5
2023-07-27 07:00:00+05:30,22.9,93,4.4,1.0,31.0,0.0,31.0,0.0,94570.0,0.8
2023-07-27 08:00:00+05:30,23.0,94,4.42,1.0,81.0,1.0,80.0,2.5,94610.0,1.0
2023-07-27 09:00:00+05:30,24.0,89,5.2,1.0,192.0,9.0,183.0,14.7,94660.0,1.0
2023-07-27 10:00:00+05:30,23.8,90,4.6,1.0,150.0,1.0,149.0,1.3,94650.0,1.1
2023-07-27 11:00:00+05:30,24.1,89,5.6,1.0,173.0,1.0,172.0,1.1,94620.0,1.2
2023-07-27 12:00:00+05:30,24.0,89,6.2,1.0,240.0,8.0,232.0,8.1,94580.0,2.2
2023-07-27 13:00:00+05:30,23.9,91,6.1,1.0,241.0,5.0,236.0,5.0,94530.0,1.6
2023-07-27 14:00:00+05:30,24.4,87,5.61,1.0,343.0,23.0,320.0,24.3,94470.0,0.7
2023-07-27 15:00:00+05:30,24.4,86,6.25,1.0,365.0,59.0,306.0,70.3,94450.0,0.4
2023-07-27 16:00:00+05:30,23.8,88,6.4,1.0,227.0,17.0,210.0,24.9,94440.0,0.7
2023-07-27 17:00:00+05:30,23.0,92,5.05,1.0,197.0,22.0,175.0,45.2,94440.0,0.2
2023-07-27 18:00:00+05:30,22.9,92,4.92,1.0,28.0,0.0,28.0,0.0,94510.0,0.5
2023-07-27 19:00:00+05:30,22.5,94,4.55,1.0,6.0,0.0,6.0,0.0,94530.0,0.3
2023-07-27 20:00:00+05:30,22.4,94,4.6,1.0,0.0,0.0,0.0,0.0,94600.0,0.2
2023-07-27 21:00:00+05:30,22.4,94,5.15,1.0,0.0,0.0,0.0,0.0,94650.0,0.3
2023-07-27 22:00:00+05:30,22.3,94,5.08,1.0,0.0,0.0,0.0,0.0,94690.0,0.2
2023-07-27 23:00:00+05:30,22.0,95,5.67,1.0,0.0,0.0,0.0,0.0,94670.0,0.2
2023-07-28 00:00:00+05:30,22.1,94,4.92,1.0,0.0,0.0,0.0,0.0,94580.0,0.2
2023-07-28 01:00:00+05:30,22.1,94,4.4,1.0,0.0,0.0,0.0,0.0,94520.0,0.3
2023-07-28 02:00:00+05:30,22.0,94,4.44,1.0,0.0,0.0,0.0,0.0,94450.0,0.4
2023-07-28 03:00:00+05:30,22.2,93,5.06,1.0,0.0,0.0,0.0,0.0,94410.0,0.6
2023-07-28 04:00:00+05:30,22.3,93,4.44,1.0,0.0,0.0,0.0,0.0,94390.0,0.4
2023-07-28 05:00:00+05:30,22.2,93,4.88,1.0,0.0,0.0,0.0,0.0,94390.0,0.5
2023-07-28 06:00:00+05:30,22.5,93,4.62,1.0,1.0,0.0,1.0,0.0,94470.0,0.6
2023-07-28 07:00:00+05:30,22.5,94,3.9,1.0,29.0,0.0,29.0,0.0,94550.0,0.3
2023-07-28 08:00:00+05:30,22.9,92,4.2,0.99,56.0,0.0,56.0,0.0,94620.0,0.2
2023-07-28 09:00:00+05:30,24.2,86,5.32,1.0,249.0,48.0,201.0,78.5,94660.0,0.1
2023-07-28 10:00:00+05:30,24.5,85,6.51,1.0,300.0,28.0,272.0,35.7,94680.0,0.1
2023-07-28 11:00:00+05:30,25.1,81,7.0,1.0,452.0,105.0,347.0,115.2,94660.0,0.3
2023-07-28 12:00:00+05:30,25.2,77,7.6,1.0,580.0,162.0,418.0,164.8,94680.0,0.5
2023-07-28 13:00:00+05:30,24.5,83,5.63,1.0,231.0,12.0,219.0,12.1,94600.0,0.3
2023-07-28 14:00:00+05:30,24.1,86,5.22,1.0,201.0,10.0,191.0,10.6,94530.0,1.1
2023-07-28 15:00:00+05:30,24.0,88,6.1,1.0,281.0,23.0,258.0,27.4,94500.0,1.7
2023-07-28 16:00:00+05:30,23.6,90,6.3,1.0,205.0,42.0,163.0,61.5,94460.0,0.8
2023-07-28 17:00:00+05:30,23.6,89,4.7,1.0,97.0,5.0,92.0,10.3,94500.0,0.3
2023-07-28 18:00:00+05:30,23.0,93,4.53,1.0,50.0,0.0,50.0,0.0,94490.0,0.3
2023-07-28 19:00:00+05:30,22.6,93,4.1,1.0,8.0,0.0,8.0,0.0,94570.0,0.6
2023-07-28 20:00:00+05:30,22.5,94,3.83,1.0,0.0,0.0,0.0,0.0,94620.0,0.4
2023-07-28 21:00:00+05:30,22.5,94,4.39,1.0,0.0,0.0,0.0,0.0,94660.0,0.4
2023-07-28 22:00:00+05:30,22.5,93,4.32,1.0,0.0,0.0,0.0,0.0,94690.0,0.2
2023-07-28 23:00:00+05:30,22.5,94,4.3,1.0,0.0,0.0,0.0,0.0,94680.0,0.0
2023-07-29 00:00:00+05:30,22.5,94,4.12,1.0,0.0,0.0,0.0,0.0,94620.0,0.1
2023-07-29 01:00:00+05:30,22.2,93,4.6,1.0,0.0,0.0,0.0,0.0,94540.0,0.0
2023-07-29 02:00:00+05:30,22.1,93,4.39,1.0,0.0,0.0,0.0,0.0,94490.0,0.0
2023-07-29 03:00:00+05:30,21.9,94,4.24,1.0,0.0,0.0,0.0,0.0,94470.0,0.0
2023-07-29 04:00:00+05:30,21.9,94,4.28,1.0,0.0,0.0,0.0,0.0,94460.0,0.0
2023-07-29 05:00:00+05:30,22.1,94,4.42,1.0,0.0,0.0,0.0,0.0,94490.0,0.0
2023-07-29 06:00:00+05:30,22.5,93,3.93,1.0,1.0,0.0,1.0,0.0,94530.0,0.1
2023-07-29 07:00:00+05:30,22.9,92,4.55,1.0,49.0,2.0,47.0,11.4,94610.0,0.1
2023-07-29 08:00:00+05:30,23.0,91,5.59,1.0,105.0,19.0,86.0,47.1,94700.0,0.1
2023-07-29 09:00:00+05:30,23.0,90,4.88,1.0,122.0,0.0,122.0,0.0,94750.0,0.1
2023-07-29 10:00:00+05:30,23.6,86,5.16,1.0,196.0,4.0,192.0,5.1,94760.0,0.4
2023-07-29 11:00:00+05:30,24.1,86,5.91,1.0,278.0,36.0,242.0,39.5,94750.0,0.1
2023-07-29 12:00:00+05:30,24.1,86,5.59,1.0,233.0,8.0,225.0,8.1,94720.0,0.1
2023-07-29 13:00:00+05:30,24.3,85,5.83,1.0,294.0,23.0,271.0,23.1,94660.0,0.5
2023-07-29 14:00:00+05:30,25.1,79,6.92,1.0,456.0,75.0,381.0,79.3,94590.0,0.2
2023-07-29 15:00:00+05:30,24.6,82,6.24,0.92,354.0,61.0,293.0,72.7,94550.0,0.1
2023-07-29 16:00:00+05:30,24.2,83,7.01,0.98,347.0,167.0,180.0,244.9,94520.0,0.4
2023-07-29 17:00:00+05:30,23.5,87,4.6,0.94,182.0,24.0,158.0,49.4,94570.0,0.1
2023-07-29 18:00:00+05:30,22.9,90,4.33,0.99,77.0,15.0,62.0,57.0,94580.0,0.1
2023-07-29 19:00:00+05:30,22.6,90,4.28,1.0,12.0,1.0,11.0,10.3,94610.0,0.0
2023-07-29 20:00:00+05:30,22.5,90,4.26,0.98,0.0,0.0,0.0,0.0,94680.0,0.0
2023-07-29 21:00:00+05:30,22.4,91,4.14,0.99,0.0,0.0,0.0,0.0,94700.0,0.0
2023-07-29 22:00:00+05:30,22.2,92,4.28,1.0,0.0,0.0,0.0,0.0,94740.0,0.0
2023-07-29 23:00:00+05:30,22.2,92,4.3,1.0,0.0,0.0,0.0,0.0,94670.0,0.0
2023-07-30 00:00:00+05:30,22.2,92,4.08,1.0,0.0,0.0,0.0,0.0,94610.0,0.0
2023-07-30 01:00:00+05:30,22.3,92,3.93,1.0,0.0,0.0,0.0,0.0,94550.0,0.0
2023-07-30 02:00:00+05:30,22.5,92,3.98,1.0,0.0,0.0,0.0,0.0,94520.0,0.0
2023-07-30 03:00:00+05:30,22.5,92,4.46,1.0,0.0,0.0,0.0,0.0,94470.0,0.0
2023-07-30 04:00:00+05:30,22.5,91,4.03,0.99,0.0,0.0,0.0,0.0,94460.0,0.0
2023-07-30 05:00:00+05:30,22.8,92,3.57,1.0,0.0,0.0,0.0,0.0,94490.0,0.0
2023-07-30 06:00:00+05:30,22.6,92,3.77,0.99,1.0,0.0,1.0,0.0,94530.0,0.1
2023-07-30 07:00:00+05:30,23.1,90,4.65,0.85,39.0,3.0,36.0,17.2,94590.0,0.0
2023-07-30 08:00:00+05:30,23.6,87,5.02,0.98,159.0,32.0,127.0,79.4,94660.0,0.1
2023-07-30 09:00:00+05:30,24.0,86,5.08,1.0,225.0,6.0,219.0,9.8,94710.0,0.2
2023-07-30 10:00:00+05:30,24.3,86,5.89,0.32,328.0,45.0,283.0,57.4,94700.0,0.3
2023-07-30 11:00:00+05:30,25.8,79,7.01,0.62,672.0,428.0,244.0,469.7,94690.0,0.4
2023-07-30 12:00:00+05:30,26.0,77,7.37,0.35,772.0,485.0,287.0,493.5,94640.0,0.6
2023-07-30 13:00:00+05:30,25.9,78,7.03,0.45,751.0,489.0,262.0,491.7,94580.0,0.4
2023-07-30 14:00:00+05:30,25.8,78,7.33,0.54,696.0,423.0,273.0,447.5,94470.0,0.5
2023-07-30 15:00:00+05:30,25.9,77,7.22,0.43,632.0,390.0,242.0,465.1,94410.0,0.3
2023-07-30 16:00:00+05:30,25.0,82,6.94,0.9,511.0,317.0,194.0,465.2,94390.0,0.3
2023-07-30 17:00:00+05:30,24.7,82,5.61,0.79,333.0,189.0,144.0,389.8,94420.0,0.5
2023-07-30 18:00:00+05:30,23.5,88,4.63,0.94,136.0,53.0,83.0,202.3,94430.0,0.1
2023-07-30 19:00:00+05:30,23.1,89,4.51,0.85,13.0,1.0,12.0,10.4,94460.0,0.1
2023-07-30 20:00:00+05:30,22.8,91,4.28,0.99,0.0,0.0,0.0,0.0,94500.0,0.0
2023-07-30 21:00:00+05:30,22.8,91,3.96,0.87,0.0,0.0,0.0,0.0,94590.0,0.0
2023-07-30 22:00:00+05:30,22.8,91,4.03,0.78,0.0,0.0,0.0,0.0,94630.0,0.1
2023-07-30 23:00:00+05:30,22.5,92,3.83,0.99,0.0,0.0,0.0,0.0,94610.0,0.0
2023-07-31 00:00:00+05:30,22.6,91,3.7,0.97,0.0,0.0,0.0,0.0,94540.0,0.1
2023-07-31 01:00:00+05:30,22.6,91,4.21,1.0,0.0,0.0,0.0,0.0,94460.0,0.0
2023-07-31 02:00:00+05:30,22.6,92,4.16,1.0,0.0,0.0,0.0,0.0,94400.0,0.0
2023-07-31 03:00:00+05:30,22.6,92,3.67,1.0,0.0,0.0,0.0,0.0,94370.0,0.0
2023-07-31 04:00:00+05:30,22.6,91,4.44,0.99,0.0,0.0,0.0,0.0,94380.0,0.1
2023-07-31 05:00:00+05:30,22.6,93,4.3,1.0,0.0,0.0,0.0,0.0,94380.0,0.0
2023-07-31 06:00:00+05:30,22.6,92,4.24,0.99,1.0,0.0,1.0,0.0,94430.0,0.0
2023-07-31 07:00:00+05:30,23.4,90,4.78,1.0,51.0,6.0,45.0,34.6,94480.0,0.1
2023-07-31 08:00:00+05:30,23.9,87,4.41,1.0,148.0,18.0,130.0,44.8,94570.0,0.1
2023-07-31 09:00:00+05:30,24.4,86,5.43,0.72,272.0,64.0,208.0,104.8,94630.0,0.1
2023-07-31 10:00:00+05:30,25.6,81,5.84,0.78,571.0,351.0,220.0,447.7,94670.0,0.3
2023-07-31 11:00:00+05:30,25.8,77,6.51,0.59,611.0,288.0,323.0,316.1,94650.0,0.2
2023-07-31 12:00:00+05:30,26.7,77,6.44,0.93,768.0,495.0,273.0,503.6,94610.0,0.1
2023-07-31 13:00:00+05:30,25.8,79,6.83,0.71,637.0,404.0,233.0,406.3,94540.0,1.0
2023-07-31 14:00:00+05:30,26.1,78,6.94,0.95,586.0,347.0,239.0,367.2,94440.0,0.3
2023-07-31 15:00:00+05:30,26.0,78,7.42,0.69,650.0,393.0,257.0,468.9,94430.0,0.2
2023-07-31 16:00:00+05:30,25.1,82,6.43,0.88,481.0,295.0,186.0,433.3,94380.0,0.2
2023-07-31 17:00:00+05:30,24.2,86,5.46,0.9,326.0,180.0,146.0,372.0,94410.0,0.1
2023-07-31 18:00:00+05:30,23.8,89,4.46,1.0,104.0,18.0,86.0,69.0,94410.0,0.1
2023-07-31 19:00:00+05:30,23.4,90,4.21,1.0,13.0,1.0,12.0,10.5,94450.0,0.0
2023-07-31 20:00:00+05:30,23.2,89,3.71,0.99,0.0,0.0,0.0,0.0,94520.0,0.0
2023-07-31 21:00:00+05:30,23.1,90,3.26,1.0,0.0,0.0,0.0,0.0,94590.0,0.0
2023-07-31 22:00:00+05:30,23.0,90,3.79,0.98,0.0,0.0,0.0,0.0,94640.0,0.1
2023-07-31 23:00:00+05:30,22.9,91,3.86,1.0,0.0,0.0,0.0,0.0,94600.0,0.0
2023-08-01 00:00:00+05:30,22.9,91,4.02,1.0,0.0,0.0,0.0,0.0,94540.0,0.0
2023-08-01 01:00:00+05:30,23.0,91,4.33,1.0,0.0,0.0,0.0,0.0,94480.0,0.0
2023-08-01 02:00:00+05:30,22.9,91,4.54,1.0,0.0,0.0,0.0,0.0,94420.0,0.0
2023-08-01 03:00:00+05:30,22.9,90,4.88,1.0,0.0,0.0,0.0,0.0,94390.0,0.0
2023-08-01 04:00:00+05:30,22.6,92,4.95,1.0,0.0,0.0,0.0,0.0,94370.0,0.0
2023-08-01 05:00:00+05:30,23.0,92,4.75,1.0,0.0,0.0,0.0,0.0,94400.0,0.0
2023-08-01 06:00:00+05:30,22.9,91,5.15,1.0,1.0,0.0,1.0,0.0,94420.0,0.0
2023-08-01 07:00:00+05:30,23.4,90,5.1,1.0,40.0,2.0,38.0,11.6,94490.0,0.1
2023-08-01 08:00:00+05:30,24.0,87,5.51,0.99,148.0,11.0,137.0,27.4,94520.0,0.2
2023-08-01 09:00:00+05:30,24.8,84,6.32,1.0,309.0,88.0,221.0,144.2,94580.0,0.1
2023-08-01 10:00:00+05:30,25.7,80,7.55,1.0,599.0,316.0,283.0,403.1,94590.0,0.3
2023-08-01 11:00:00+05:30,26.0,78,7.32,0.89,684.0,357.0,327.0,391.9,94580.0,0.1
2023-08-01 12:00:00+05:30,26.2,77,7.98,0.59,727.0,474.0,253.0,482.3,94550.0,0.5
2023-08-01 13:00:00+05:30,26.4,78,7.16,0.98,772.0,529.0,243.0,532.0,94520.0,0.2
2023-08-01 14:00:00+05:30,26.6,75,7.23,0.99,806.0,570.0,236.0,603.2,94470.0,0.1
2023-08-01 15:00:00+05:30,25.8,79,7.54,0.82,679.0,446.0,233.0,532.4,94440.0,0.1
2023-08-01 16:00:00+05:30,25.1,82,6.73,0.76,432.0,223.0,209.0,327.9,94400.0,0.1
2023-08-01 17:00:00+05:30,24.5,83,5.8,0.92,283.0,111.0,172.0,229.8,94460.0,0.1
2023-08-01 18:00:00+05:30,23.5,87,4.51,0.99,134.0,45.0,89.0,173.4,94480.0,0.0
2023-08-01 19:00:00+05:30,23.1,89,4.39,1.0,11.0,1.0,10.0,10.5,94500.0,0.0
2023-08-01 20:00:00+05:30,22.8,90,4.83,1.0,0.0,0.0,0.0,0.0,94540.0,0.0
2023-08-01 21:00:00+05:30,22.9,89,4.39,1.0,0.0,0.0,0.0,0.0,94560.0,0.0
2023-08-01 22:00:00+05:30,22.7,90,4.77,0.99,0.0,0.0,0.0,0.0,94610.0,0.0
2023-08-01 23:00:00+05:30,22.8,90,4.85,1.0,0.0,0.0,0.0,0.0,94590.0,0.0
2023-08-02 00:00:00+05:30,22.5,91,4.54,1.0,0.0,0.0,0.0,0.0,94540.0,0.0
2023-08-02 01:00:00+05:30,22.5,91,4.0,1.0,0.0,0.0,0.0,0.0,94520.0,0.1
2023-08-02 02:00:00+05:30,22.5,91,4.37,1.0,0.0,0.0,0.0,0.0,94470.0,0.0
2023-08-02 03:00:00+05:30,22.5,90,4.75,1.0,0.0,0.0,0.0,0.0,94460.0,0.0
2023-08-02 04:00:00+05:30,22.3,91,4.95,1.0,0.0,0.0,0.0,0.0,94430.0,0.0
2023-08-02 05:00:00+05:30,22.2,93,4.67,1.0,0.0,0.0,0.0,0.0,94480.0,0.0
2023-08-02 06:00:00+05:30,22.4,92,4.59,1.0,1.0,0.0,1.0,0.0,94530.0,0.1
2023-08-02 07:00:00+05:30,22.7,92,5.18,1.0,43.0,0.0,43.0,0.0,94550.0,0.1
2023-08-02 08:00:00+05:30,23.5,88,6.04,1.0,166.0,16.0,150.0,39.9,94610.0,0.1
2023-08-02 09:00:00+05:30,24.3,83,6.4,1.0,323.0,70.0,253.0,114.8,94660.0,0.1
2023-08-02 10:00:00+05:30,25.1,80,7.45,0.98,561.0,252.0,309.0,321.6,94680.0,0.3
2023-08-02 11:00:00+05:30,24.9,81,6.96,1.0,528.0,172.0,356.0,188.8,94700.0,0.2
2023-08-02 12:00:00+05:30,25.1,79,7.01,1.0,484.0,193.0,291.0,196.4,94660.0,0.1
2023-08-02 13:00:00+05:30,26.4,74,7.47,1.0,788.0,423.0,365.0,425.4,94600.0,0.1
2023-08-02 14:00:00+05:30,26.0,75,8.12,1.0,650.0,319.0,331.0,337.7,94500.0,0.2
2023-08-02 15:00:00+05:30,25.7,77,7.33,1.0,614.0,318.0,296.0,379.8,94490.0,0.1
2023-08-02 16:00:00+05:30,24.6,83,6.96,1.0,395.0,161.0,234.0,236.9,94470.0,0.3
2023-08-02 17:00:00+05:30,24.5,84,5.06,1.0,322.0,152.0,170.0,315.4,94520.0,0.1
2023-08-02 18:00:00+05:30,23.2,90,3.51,1.0,138.0,48.0,90.0,185.9,94520.0,0.8
2023-08-02 19:00:00+05:30,22.2,92,4.83,1.0,13.0,0.0,13.0,0.0,94550.0,0.1
2023-08-02 20:00:00+05:30,22.1,91,4.9,1.0,0.0,0.0,0.0,0.0,94570.0,0.0
2023-08-02 21:00:00+05:30,22.5,91,5.19,1.0,0.0,0.0,0.0,0.0,94580.0,0.0
2023-08-02 22:00:00+05:30,22.6,91,5.39,1.0,0.0,0.0,0.0,0.0,94580.0,0.0
2023-08-02 23:00:00+05:30,22.5,92,4.66,1.0,0.0,0.0,0.0,0.0,94570.0,0.1
2023-08-03 00:00:00+05:30,22.6,92,4.81,1.0,0.0,0.0,0.0,0.0,94500.0,0.1
2023-08-03 01:00:00+05:30,22.5,92,5.0,1.0,0.0,0.0,0.0,0.0,94450.0,0.1
2023-08-03 02:00:00+05:30,22.6,91,4.9,1.0,0.0,0.0,0.0,0.0,94410.0,0.1
2023-08-03 03:00:00+05:30,22.5,91,4.95,1.0,0.0,0.0,0.0,0.0,94410.0,0.1
2023-08-03 04:00:00+05:30,22.8,91,5.07,1.0,0.0,0.0,0.0,0.0,94410.0,0.1
2023-08-03 05:00:00+05:30,22.9,92,4.77,1.0,0.0,0.0,0.0,0.0,94420.0,0.1
2023-08-03 06:00:00+05:30,22.7,92,5.34,1.0,1.0,0.0,1.0,0.0,94430.0,0.0
2023-08-03 07:00:00+05:30,22.9,91,5.02,1.0,64.0,9.0,55.0,52.9,94520.0,0.1
2023-08-03 08:00:00+05:30,23.5,89,5.82,1.0,170.0,31.0,139.0,77.5,94570.0,0.2
2023-08-03 09:00:00+05:30,24.1,86,7.32,1.0,332.0,113.0,219.0,185.5,94570.0,0.2
2023-08-03 10:00:00+05:30,24.8,83,7.22,1.0,434.0,150.0,284.0,191.5,94610.0,0.5
2023-08-03 11:00:00+05:30,25.8,77,8.5,1.0,703.0,375.0,328.0,411.7,94590.0,0.2
2023-08-03 12:00:00+05:30,26.0,77,7.73,1.0,653.0,267.0,386.0,271.7,94560.0,0.5
2023-08-03 13:00:00+05:30,25.7,78,8.1,1.0,708.0,340.0,368.0,342.0,94530.0,0.3
2023-08-03 14:00:00+05:30,25.5,80,7.12,1.0,662.0,290.0,372.0,307.1,94460.0,0.5
2023-08-03 15:00:00+05:30,24.6,84,7.18,1.0,411.0,92.0,319.0,109.9,94410.0,0.6
2023-08-03 16:00:00+05:30,24.8,82,7.18,1.0,399.0,104.0,295.0,153.2,94430.0,0.2
2023-08-03 17:00:00+05:30,24.0,86,5.69,1.0,204.0,28.0,176.0,58.2,94450.0,0.4
2023-08-03 18:00:00+05:30,23.5,88,4.79,1.0,79.0,3.0,76.0,11.7,94470.0,0.0
2023-08-03 19:00:00+05:30,23.0,89,5.35,1.0,9.0,0.0,9.0,0.0,94510.0,0.1
2023-08-03 20:00:00+05:30,22.9,88,4.87,1.0,0.0,0.0,0.0,0.0,94550.0,0.0
2023-08-03 21:00:00+05:30,22.7,89,4.81,1.0,0.0,0.0,0.0,0.0,94580.0,0.0
2023-08-03 22:00:00+05:30,22.6,90,4.59,1.0,0.0,0.0,0.0,0.0,94580.0,0.0
2023-08-03 23:00:00+05:30,22.5,89,4.93,1.0,0.0,0.0,0.0,0.0,94610.0,0.0
2023-08-04 00:00:00+05:30,22.5,90,4.78,1.0,0.0,0.0,0.0,0.0,94580.0,0.0
2023-08-04 01:00:00+05:30,22.6,90,5.59,1.0,0.0,0.0,0.0,0.0,94520.0,0.0
2023-08-04 02:00:00+05:30,22.5,91,5.12,1.0,0.0,0.0,0.0,0.0,94460.0,0.0
2023-08-04 03:00:00+05:30,22.6,91,5.22,1.0,0.0,0.0,0.0,0.0,94460.0,0.0
2023-08-04 04:00:00+05:30,22.5,92,5.28,1.0,0.0,0.0,0.0,0.0,94450.0,0.0
2023-08-04 05:00:00+05:30,22.6,90,4.85,1.0,0.0,0.0,0.0,0.0,94490.0,0.0
2023-08-04 06:00:00+05:30,22.8,89,4.47,1.0,1.0,0.0,1.0,0.0,94520.0,0.0
2023-08-04 07:00:00+05:30,23.0,89,5.26,1.0,49.0,0.0,49.0,0.0,94550.0,0.0
2023-08-04 08:00:00+05:30,23.4,87,5.58,1.0,138.0,9.0,129.0,22.5,94650.0,0.0
2023-08-04 09:00:00+05:30,24.0,85,5.66,1.0,197.0,7.0,190.0,11.5,94700.0,0.0
2023-08-04 10:00:00+05:30,24.7,84,6.48,1.0,336.0,44.0,292.0,56.2,94690.0,0.0
2023-08-04 11:00:00+05:30,25.6,79,7.3,1.0,416.0,70.0,346.0,76.9,94680.0,0.0
2023-08-04 12:00:00+05:30,25.6,81,7.55,1.0,436.0,69.0,367.0,70.2,94670.0,0.3
2023-08-04 13:00:00+05:30,26.6,76,7.89,1.0,720.0,342.0,378.0,344.0,94610.0,0.1
2023-08-04 14:00:00+05:30,26.5,78,7.5,1.0,790.0,496.0,294.0,525.3,94590.0,0.1
2023-08-04 15:00:00+05:30,25.4,83,6.36,1.0,512.0,170.0,342.0,203.3,94580.0,0.5
2023-08-04 16:00:00+05:30,24.5,86,5.87,1.0,269.0,34.0,235.0,50.2,94550.0,0.3
2023-08-04 17:00:00+05:30,24.3,84,4.87,1.0,241.0,69.0,172.0,143.8,94600.0,0.1
2023-08-04 18:00:00+05:30,23.8,87,4.1,1.0,48.0,0.0,48.0,0.0,94620.0,0.0
2023-08-04 19:00:00+05:30,23.2,89,3.69,0.99,10.0,0.0,10.0,0.0,94640.0,0.0
2023-08-04 20:00:00+05:30,23.4,89,3.76,1.0,0.0,0.0,0.0,0.0,94690.0,0.0
2023-08-04 21:00:00+05:30,23.4,89,3.76,1.0,0.0,0.0,0.0,0.0,94750.0,0.0
2023-08-04 22:00:00+05:30,23.3,91,4.16,0.98,0.0,0.0,0.0,0.0,94770.0,0.0
2023-08-04 23:00:00+05:30,23.2,90,4.33,1.0,0.0,0.0,0.0,0.0,94750.0,0.0
2023-08-05 00:00:00+05:30,23.1,90,4.14,1.0,0.0,0.0,0.0,0.0,94730.0,0.0
2023-08-05 01:00:00+05:30,22.9,91,4.62,0.88,0.0,0.0,0.0,0.0,94680.0,0.0
2023-08-05 02:00:00+05:30,22.5,93,4.12,1.0,0.0,0.0,0.0,0.0,94650.0,0.0
2023-08-05 03:00:00+05:30,22.5,91,4.37,1.0,0.0,0.0,0.0,0.0,94650.0,0.0
2023-08-05 04:00:00+05:30,22.5,91,3.77,1.0,0.0,0.0,0.0,0.0,94680.0,0.0
2023-08-05 05:00:00+05:30,22.9,91,3.64,1.0,0.0,0.0,0.0,0.0,94710.0,0.0
2023-08-05 06:00:00+05:30,22.5,92,3.64,1.0,1.0,0.0,1.0,0.0,94760.0,0.0
2023-08-05 07:00:00+05:30,23.1,90,4.44,1.0,42.0,0.0,42.0,0.0,94820.0,0.1
2023-08-05 08:00:00+05:30,23.9,87,4.66,1.0,221.0,76.0,145.0,190.6,94890.0,0.0
2023-08-05 09:00:00+05:30,24.3,85,4.49,1.0,180.0,16.0,164.0,26.3,94950.0,0.1
2023-08-05 10:00:00+05:30,25.0,82,6.61,0.78,420.0,124.0,296.0,158.4,94930.0,0.2
2023-08-05 11:00:00+05:30,25.9,80,6.14,1.0,625.0,350.0,275.0,384.3,94890.0,0.5
2023-08-05 12:00:00+05:30,26.2,79,7.54,1.0,831.0,621.0,210.0,632.0,94870.0,0.3
2023-08-05 13:00:00+05:30,26.5,74,7.18,0.99,771.0,393.0,378.0,395.4,94810.0,0.7
2023-08-05 14:00:00+05:30,26.2,77,6.92,1.0,667.0,419.0,248.0,443.9,94730.0,1.2
2023-08-05 15:00:00+05:30,26.0,80,7.03,0.99,638.0,392.0,246.0,469.0,94710.0,0.4
2023-08-05 16:00:00+05:30,25.8,78,6.86,1.0,502.0,291.0,211.0,429.8,94650.0,0.2
2023-08-05 17:00:00+05:30,23.9,87,4.54,1.0,304.0,143.0,161.0,298.8,94750.0,0.0
2023-08-05 18:00:00+05:30,23.8,88,3.8,1.0,68.0,4.0,64.0,15.8,94780.0,0.1
2023-08-05 19:00:00+05:30,23.4,89,4.64,1.0,9.0,0.0,9.0,0.0,94820.0,0.0
2023-08-05 20:00:00+05:30,23.1,90,4.54,1.0,0.0,0.0,0.0,0.0,94860.0,0.0
2023-08-05 21:00:00+05:30,22.9,92,4.79,1.0,0.0,0.0,0.0,0.0,94890.0,0.0
2023-08-05 22:00:00+05:30,22.9,93,4.92,1.0,0.0,0.0,0.0,0.0,94890.0,0.0
2023-08-05 23:00:00+05:30,22.9,93,4.79,1.0,0.0,0.0,0.0,0.0,94850.0,0.0
2023-08-06 00:00:00+05:30,23.0,93,4.46,1.0,0.0,0.0,0.0,0.0,94790.0,0.0
2023-08-06 01:00:00+05:30,22.9,92,4.65,0.98,0.0,0.0,0.0,0.0,94710.0,0.0
2023-08-06 02:00:00+05:30,22.6,92,4.28,1.0,0.0,0.0,0.0,0.0,94680.0,0.0
2023-08-06 03:00:00+05:30,22.6,92,4.28,1.0,0.0,0.0,0.0,0.0,94680.0,0.0
2023-08-06 04:00:00+05:30,22.5,92,4.03,1.0,0.0,0.0,0.0,0.0,94690.0,0.0
2023-08-06 05:00:00+05:30,22.5,93,4.44,0.99,0.0,0.0,0.0,0.0,94720.0,0.0
2023-08-06 06:00:00+05:30,22.6,92,4.42,1.0,1.0,0.0,1.0,0.0,94780.0,0.0
2023-08-06 07:00:00+05:30,23.0,90,4.69,0.95,47.0,3.0,44.0,17.9,94860.0,0.1
2023-08-06 08:00:00+05:30,23.7,87,5.9,0.82,230.0,104.0,126.0,261.2,94870.0,0.1
2023-08-06 09:00:00+05:30,25.0,80,7.09,0.42,470.0,295.0,175.0,485.1,94900.0,0.0
2023-08-06 10:00:00+05:30,25.6,76,7.16,0.46,593.0,375.0,218.0,479.0,94900.0,0.2
2023-08-06 11:00:00+05:30,26.8,71,7.81,0.78,757.0,501.0,256.0,550.2,94840.0,0.1
2023-08-06 12:00:00+05:30,26.5,74,7.71,0.99,708.0,415.0,293.0,422.4,94790.0,0.1
2023-08-06 13:00:00+05:30,26.0,79,7.37,0.91,659.0,314.0,345.0,316.0,94740.0,0.5
2023-08-06 14:00:00+05:30,26.1,77,7.36,1.0,761.0,522.0,239.0,553.3,94650.0,0.5
2023-08-06 15:00:00+05:30,25.5,80,7.32,0.95,584.0,371.0,213.0,444.2,94620.0,0.4
2023-08-06 16:00:00+05:30,25.4,81,6.45,0.94,445.0,229.0,216.0,338.7,94560.0,0.5
2023-08-06 17:00:00+05:30,24.4,81,5.87,0.99,271.0,117.0,154.0,245.1,94650.0,0.1
2023-08-06 18:00:00+05:30,23.6,84,4.46,0.93,120.0,35.0,85.0,138.8,94660.0,0.0
2023-08-06 19:00:00+05:30,23.0,86,4.46,0.48,14.0,2.0,12.0,22.0,94680.0,0.0
2023-08-06 20:00:00+05:30,22.5,89,4.49,0.99,0.0,0.0,0.0,0.0,94710.0,0.0
2023-08-06 21:00:00+05:30,22.4,92,4.15,1.0,0.0,0.0,0.0,0.0,94750.0,0.0
2023-08-06 22:00:00+05:30,22.5,92,4.24,1.0,0.0,0.0,0.0,0.0,94780.0,0.0
2023-08-06 23:00:00+05:30,22.4,94,4.2,1.0,0.0,0.0,0.0,0.0,94730.0,0.0
2023-08-07 00:00:00+05:30,22.5,93,4.49,1.0,0.0,0.0,0.0,0.0,94670.0,0.0
2023-08-07 01:00:00+05:30,22.2,95,4.32,1.0,0.0,0.0,0.0,0.0,94590.0,0.0
2023-08-07 02:00:00+05:30,22.4,94,4.43,1.0,0.0,0.0,0.0,0.0,94510.0,0.0
2023-08-07 03:00:00+05:30,22.4,94,4.66,1.0,0.0,0.0,0.0,0.0,94500.0,0.0
2023-08-07 04:00:00+05:30,22.4,94,5.1,1.0,0.0,0.0,0.0,0.0,94480.0,0.0
2023-08-07 05:00:00+05:30,22.3,94,5.2,1.0,0.0,0.0,0.0,0.0,94500.0,0.0
2023-08-07 06:00:00+05:30,22.5,93,4.08,1.0,1.0,0.0,1.0,0.0,94530.0,0.0
2023-08-07 07:00:00+05:30,22.6,92,5.22,1.0,50.0,2.0,48.0,12.0,94580.0,0.0
2023-08-07 08:00:00+05:30,23.5,85,6.69,1.0,201.0,48.0,153.0,120.7,94620.0,0.1
2023-08-07 09:00:00+05:30,24.9,80,6.68,1.0,432.0,239.0,193.0,393.3,94680.0,0.0
2023-08-07 10:00:00+05:30,25.4,77,7.05,1.0,530.0,246.0,284.0,314.3,94680.0,0.1
2023-08-07 11:00:00+05:30,26.1,75,7.32,1.0,706.0,414.0,292.0,454.7,94650.0,0.3
2023-08-07 12:00:00+05:30,26.8,71,6.38,1.0,757.0,433.0,324.0,440.8,94600.0,0.0
2023-08-07 13:00:00+05:30,27.1,68,7.16,1.0,846.0,613.0,233.0,617.0,94560.0,0.0
2023-08-07 14:00:00+05:30,26.6,70,6.84,1.0,717.0,356.0,361.0,377.5,94510.0,0.0
2023-08-07 15:00:00+05:30,26.1,73,6.66,1.0,569.0,269.0,300.0,322.3,94500.0,0.0
2023-08-07 16:00:00+05:30,25.7,75,6.36,1.0,494.0,313.0,181.0,463.6,94470.0,0.0
2023-08-07 17:00:00+05:30,25.0,78,5.54,0.98,325.0,172.0,153.0,361.3,94530.0,0.0
2023-08-07 18:00:00+05:30,24.2,80,4.72,1.0,133.0,49.0,84.0,195.6,94560.0,0.0
2023-08-07 19:00:00+05:30,23.2,85,4.32,1.0,13.0,1.0,12.0,11.1,94610.0,0.0
2023-08-07 20:00:00+05:30,22.9,88,3.98,0.98,0.0,0.0,0.0,0.0,94660.0,0.0
2023-08-07 21:00:00+05:30,22.5,92,3.79,0.99,0.0,0.0,0.0,0.0,94660.0,0.0
2023-08-07 22:00:00+05:30,22.2,93,3.98,1.0,0.0,0.0,0.0,0.0,94650.0,0.0
2023-08-07 23:00:00+05:30,22.5,93,3.92,1.0,0.0,0.0,0.0,0.0,94590.0,0.0
2023-08-08 00:00:00+05:30,22.6,92,3.83,1.0,0.0,0.0,0.0,0.0,94530.0,0.0
2023-08-08 01:00:00+05:30,22.6,92,3.98,1.0,0.0,0.0,0.0,0.0,94470.0,0.1
2023-08-08 02:00:00+05:30,22.5,94,3.59,1.0,0.0,0.0,0.0,0.0,94440.0,0.1
2023-08-08 03:00:00+05:30,22.5,93,4.22,1.0,0.0,0.0,0.0,0.0,94430.0,0.0
2023-08-08 04:00:00+05:30,22.5,92,4.18,1.0,0.0,0.0,0.0,0.0,94440.0,0.0
2023-08-08 05:00:00+05:30,22.8,92,3.77,1.0,0.0,0.0,0.0,0.0,94500.0,0.0
2023-08-08 06:00:00+05:30,23.2,89,4.59,1.0,1.0,0.0,1.0,0.0,94520.0,0.1
2023-08-08 07:00:00+05:30,23.0,91,4.05,1.0,38.0,0.0,38.0,0.0,94580.0,0.0
2023-08-08 08:00:00+05:30,23.4,90,5.53,1.0,116.0,7.0,109.0,17.6,94640.0,0.2
2023-08-08 09:00:00+05:30,24.1,85,6.24,0.99,240.0,30.0,210.0,49.4,94690.0,0.4
2023-08-08 10:00:00+05:30,25.7,76,5.67,1.0,632.0,375.0,257.0,479.2,94710.0,0.0
2023-08-08 11:00:00+05:30,26.9,69,6.45,0.62,767.0,512.0,255.0,562.4,94700.0,0.1
2023-08-08 12:00:00+05:30,27.1,68,6.61,0.46,750.0,442.0,308.0,450.0,94660.0,0.1
2023-08-08 13:00:00+05:30,26.9,71,6.63,0.49,775.0,484.0,291.0,487.3,94630.0,0.3
2023-08-08 14:00:00+05:30,26.9,72,6.63,0.28,795.0,557.0,238.0,590.9,94580.0,0.2
2023-08-08 15:00:00+05:30,26.5,73,6.65,0.41,692.0,493.0,199.0,591.3,94590.0,0.1
2023-08-08 16:00:00+05:30,26.1,75,5.89,0.72,506.0,319.0,187.0,473.2,94570.0,0.2
2023-08-08 17:00:00+05:30,25.4,76,5.43,0.93,295.0,149.0,146.0,313.9,94610.0,0.1
2023-08-08 18:00:00+05:30,24.2,83,4.4,0.96,139.0,60.0,79.0,241.3,94650.0,0.2
2023-08-08 19:00:00+05:30,23.4,87,3.6,1.0,13.0,2.0,11.0,22.4,94690.0,0.1
2023-08-08 20:00:00+05:30,22.8,89,3.21,0.99,0.0,0.0,0.0,0.0,94740.0,0.0
2023-08-08 21:00:00+05:30,22.5,91,3.22,1.0,0.0,0.0,0.0,0.0,94790.0,0.0
2023-08-08 22:00:00+05:30,22.4,92,3.06,1.0,0.0,0.0,0.0,0.0,94810.0,0.0
2023-08-08 23:00:00+05:30,22.3,93,3.23,1.0,0.0,0.0,0.0,0.0,94770.0,0.0
2023-08-09 00:00:00+05:30,22.4,92,3.45,1.0,0.0,0.0,0.0,0.0,94710.0,0.0
2023-08-09 01:00:00+05:30,22.2,92,3.35,1.0,0.0,0.0,0.0,0.0,94650.0,0.0
2023-08-09 02:00:00+05:30,22.4,92,3.52,1.0,0.0,0.0,0.0,0.0,94620.0,0.0
2023-08-09 03:00:00+05:30,22.1,91,3.54,1.0,0.0,0.0,0.0,0.0,94620.0,0.0
2023-08-09 04:00:00+05:30,22.0,92,3.61,1.0,0.0,0.0,0.0,0.0,94660.0,0.0
2023-08-09 05:00:00+05:30,22.4,92,3.61,1.0,0.0,0.0,0.0,0.0,94700.0,0.0
2023-08-09 06:00:00+05:30,22.5,92,3.65,1.0,1.0,0.0,1.0,0.0,94760.0,0.0
2023-08-09 07:00:00+05:30,23.1,90,4.3,1.0,59.0,4.0,55.0,24.2,94850.0,0.1
2023-08-09 08:00:00+05:30,24.0,85,4.87,1.0,215.0,82.0,133.0,206.9,94910.0,0.1
2023-08-09 09:00:00+05:30,24.9,81,5.45,1.0,410.0,204.0,206.0,336.1,94960.0,0.1
2023-08-09 10:00:00+05:30,26.1,74,5.46,1.0,580.0,327.0,253.0,418.0,94970.0,0.1
2023-08-09 11:00:00+05:30,26.4,74,6.31,1.0,783.0,527.0,256.0,579.0,94980.0,0.3
2023-08-09 12:00:00+05:30,26.5,73,6.22,1.0,766.0,477.0,289.0,485.7,94950.0,0.1
2023-08-09 13:00:00+05:30,27.6,68,5.5,1.0,849.0,558.0,291.0,561.9,94870.0,0.0
2023-08-09 14:00:00+05:30,26.9,72,6.3,1.0,845.0,580.0,265.0,615.6,94800.0,0.1
2023-08-09 15:00:00+05:30,27.3,70,5.72,1.0,688.0,403.0,285.0,483.8,94740.0,0.0
2023-08-09 16:00:00+05:30,26.2,75,5.5,1.0,483.0,273.0,210.0,405.6,94720.0,0.0
2023-08-09 17:00:00+05:30,25.5,78,4.33,1.0,305.0,124.0,181.0,262.1,94780.0,0.0
2023-08-09 18:00:00+05:30,24.5,82,4.01,1.0,110.0,11.0,99.0,44.6,94790.0,0.0
2023-08-09 19:00:00+05:30,23.6,85,3.51,1.0,12.0,0.0,12.0,0.0,94830.0,0.0
2023-08-09 20:00:00+05:30,23.1,88,3.01,1.0,0.0,0.0,0.0,0.0,94890.0,0.0
2023-08-09 21:00:00+05:30,22.7,90,2.5,1.0,0.0,0.0,0.0,0.0,94910.0,0.0
2023-08-09 22:00:00+05:30,23.0,89,2.4,1.0,0.0,0.0,0.0,0.0,94920.0,0.0
2023-08-09 23:00:00+05:30,23.0,89,2.79,1.0,0.0,0.0,0.0,0.0,94900.0,0.0
2023-08-10 00:00:00+05:30,22.8,91,2.55,1.0,0.0,0.0,0.0,0.0,94850.0,0.0
2023-08-10 01:00:00+05:30,22.5,92,2.91,0.99,0.0,0.0,0.0,0.0,94810.0,0.0
2023-08-10 02:00:00+05:30,22.0,94,3.04,1.0,0.0,0.0,0.0,0.0,94730.0,0.0
2023-08-10 03:00:00+05:30,22.0,94,2.91,1.0,0.0,0.0,0.0,0.0,94730.0,0.0
2023-08-10 04:00:00+05:30,22.4,93,2.79,0.99,0.0,0.0,0.0,0.0,94770.0,0.0
2023-08-10 05:00:00+05:30,22.9,93,2.91,0.98,0.0,0.0,0.0,0.0,94770.0,0.0
2023-08-10 06:00:00+05:30,23.0,92,3.37,0.84,1.0,0.0,1.0,0.0,94830.0,0.1
2023-08-10 07:00:00+05:30,23.4,88,3.98,0.63,72.0,20.0,52.0,121.0,94870.0,0.0
2023-08-10 08:00:00+05:30,24.1,86,4.98,0.56,246.0,120.0,126.0,303.2,94950.0,0.1
2023-08-10 09:00:00+05:30,25.2,80,5.53,0.26,455.0,280.0,175.0,461.5,94990.0,0.1
2023-08-10 10:00:00+05:30,25.8,77,5.61,0.4,589.0,369.0,220.0,471.8,95020.0,0.2
2023-08-10 11:00:00+05:30,26.4,74,5.8,0.27,733.0,521.0,212.0,572.4,95010.0,0.3
2023-08-10 12:00:00+05:30,27.0,71,5.7,0.26,819.0,590.0,229.0,600.8,94970.0,0.3
2023-08-10 13:00:00+05:30,27.0,69,6.1,0.64,834.0,588.0,246.0,592.3,94890.0,0.3
2023-08-10 14:00:00+05:30,26.8,72,5.85,0.29,695.0,456.0,239.0,484.3,94800.0,0.5
2023-08-10 15:00:00+05:30,26.2,73,5.8,0.37,626.0,412.0,214.0,495.1,94790.0,0.3
2023-08-10 16:00:00+05:30,25.6,75,5.71,0.29,459.0,282.0,177.0,419.7,94760.0,0.0
2023-08-10 17:00:00+05:30,26.0,74,4.0,0.4,321.0,177.0,144.0,375.3,94800.0,0.0
2023-08-10 18:00:00+05:30,24.8,79,3.6,0.5,138.0,59.0,79.0,240.9,94830.0,0.0
2023-08-10 19:00:00+05:30,23.5,84,2.9,0.26,13.0,2.0,11.0,22.9,94870.0,0.0
2023-08-10 20:00:00+05:30,23.0,88,2.6,0.94,0.0,0.0,0.0,0.0,94900.0,0.0
2023-08-10 21:00:00+05:30,22.8,91,2.92,0.96,0.0,0.0,0.0,0.0,94940.0,0.0
2023-08-10 22:00:00+05:30,22.6,92,2.84,1.0,0.0,0.0,0.0,0.0,94980.0,0.0
2023-08-10 23:00:00+05:30,22.6,92,2.63,0.94,0.0,0.0,0.0,0.0,94940.0,0.0
2023-08-11 00:00:00+05:30,22.5,92,2.51,0.92,0.0,0.0,0.0,0.0,94880.0,0.0
2023-08-11 01:00:00+05:30,22.2,93,2.4,0.93,0.0,0.0,0.0,0.0,94840.0,0.1
2023-08-11 02:00:00+05:30,22.1,92,2.5,0.37,0.0,0.0,0.0,0.0,94780.0,0.0
2023-08-11 03:00:00+05:30,21.6,93,2.1,0.38,0.0,0.0,0.0,0.0,94750.0,0.0
2023-08-11 04:00:00+05:30,21.3,94,2.0,0.63,0.0,0.0,0.0,0.0,94750.0,0.0
2023-08-11 05:00:00+05:30,21.9,94,2.32,0.67,0.0,0.0,0.0,0.0,94780.0,0.0
2023-08-11 06:00:00+05:30,22.5,91,2.67,0.7,1.0,0.0,1.0,0.0,94850.0,0.0
2023-08-11 07:00:00+05:30,22.9,88,3.31,0.77,65.0,18.0,47.0,109.1,94880.0,0.0
2023-08-11 08:00:00+05:30,23.9,83,4.3,0.28,237.0,112.0,125.0,283.4,94930.0,0.0
2023-08-11 09:00:00+05:30,25.2,76,4.5,0.46,456.0,283.0,173.0,466.7,94980.0,0.0
2023-08-11 10:00:00+05:30,26.2,70,4.41,0.67,591.0,360.0,231.0,460.4,94970.0,0.0
2023-08-11 11:00:00+05:30,27.4,64,4.6,0.61,749.0,509.0,240.0,559.3,94940.0,0.0
2023-08-11 12:00:00+05:30,27.7,63,4.74,1.0,847.0,593.0,254.0,604.0,94880.0,0.1
2023-08-11 13:00:00+05:30,27.6,63,4.87,0.82,816.0,567.0,249.0,571.4,94810.0,0.1
2023-08-11 14:00:00+05:30,27.4,65,4.82,0.59,731.0,467.0,264.0,496.2,94740.0,0.1
2023-08-11 15:00:00+05:30,27.3,67,5.04,0.44,662.0,461.0,201.0,554.5,94680.0,0.2
2023-08-11 16:00:00+05:30,26.8,70,4.7,0.34,509.0,327.0,182.0,487.6,94640.0,0.1
2023-08-11 17:00:00+05:30,25.5,74,4.62,0.47,337.0,207.0,130.0,440.4,94670.0,0.0
2023-08-11 18:00:00+05:30,24.5,78,4.13,0.44,141.0,60.0,81.0,247.0,94700.0,0.0
2023-08-11 19:00:00+05:30,23.4,84,3.24,0.26,13.0,2.0,11.0,23.2,94770.0,0.0
2023-08-11 20:00:00+05:30,22.6,89,2.51,0.29,0.0,0.0,0.0,0.0,94830.0,0.0
2023-08-11 21:00:00+05:30,22.4,91,2.4,0.55,0.0,0.0,0.0,0.0,94870.0,0.0
2023-08-11 22:00:00+05:30,22.2,92,2.3,0.99,0.0,0.0,0.0,0.0,94900.0,0.0
2023-08-11 23:00:00+05:30,21.8,94,2.31,0.8,0.0,0.0,0.0,0.0,94860.0,0.0
2023-08-12 00:00:00+05:30,21.5,95,2.14,0.31,0.0,0.0,0.0,0.0,94800.0,0.0
2023-08-12 01:00:00+05:30,21.2,96,2.06,0.44,0.0,0.0,0.0,0.0,94750.0,0.0
2023-08-12 02:00:00+05:30,21.2,96,2.35,0.53,0.0,0.0,0.0,0.0,94720.0,0.0
2023-08-12 03:00:00+05:30,21.4,95,2.43,0.92,0.0,0.0,0.0,0.0,94700.0,0.0
2023-08-12 04:00:00+05:30,21.6,93,2.75,1.0,0.0,0.0,0.0,0.0,94740.0,0.0
2023-08-12 05:00:00+05:30,22.0,93,2.21,0.95,0.0,0.0,0.0,0.0,94750.0,0.0
2023-08-12 06:00:00+05:30,22.1,92,2.84,0.86,1.0,0.0,1.0,0.0,94790.0,0.0
2023-08-12 07:00:00+05:30,22.8,88,3.69,0.95,70.0,20.0,50.0,121.4,94840.0,0.0
2023-08-12 08:00:00+05:30,23.9,83,4.83,0.64,233.0,106.0,127.0,268.5,94920.0,0.0
2023-08-12 09:00:00+05:30,25.3,75,4.82,1.0,429.0,266.0,163.0,438.9,94970.0,0.0
2023-08-12 10:00:00+05:30,26.2,70,5.51,1.0,614.0,408.0,206.0,521.9,94960.0,0.1
2023-08-12 11:00:00+05:30,26.8,69,5.23,1.0,750.0,498.0,252.0,547.4,94910.0,0.0
2023-08-12 12:00:00+05:30,27.9,64,5.4,1.0,894.0,628.0,266.0,639.8,94880.0,0.1
2023-08-12 13:00:00+05:30,27.5,65,5.74,0.97,823.0,574.0,249.0,578.6,94800.0,0.2
2023-08-12 14:00:00+05:30,26.4,72,5.52,0.94,657.0,445.0,212.0,473.2,94740.0,0.4
2023-08-12 15:00:00+05:30,26.5,69,6.1,0.87,590.0,324.0,266.0,390.2,94660.0,0.1
2023-08-12 16:00:00+05:30,25.5,76,6.0,0.65,493.0,311.0,182.0,464.6,94620.0,0.1
2023-08-12 17:00:00+05:30,25.0,77,4.96,0.46,288.0,144.0,144.0,307.5,94670.0,0.1
2023-08-12 18:00:00+05:30,23.9,82,4.2,0.97,120.0,25.0,95.0,103.8,94680.0,0.0
2023-08-12 19:00:00+05:30,23.1,85,3.61,1.0,12.0,1.0,11.0,11.8,94740.0,0.0
2023-08-12 20:00:00+05:30,22.7,89,3.42,1.0,0.0,0.0,0.0,0.0,94770.0,0.0
2023-08-12 21:00:00+05:30,22.8,90,3.14,0.95,0.0,0.0,0.0,0.0,94800.0,0.0
2023-08-12 22:00:00+05:30,22.8,90,3.32,0.93,0.0,0.0,0.0,0.0,94810.0,0.0
2023-08-12 23:00:00+05:30,22.2,92,3.4,0.98,0.0,0.0,0.0,0.0,94780.0,0.0
2023-08-13 00:00:00+05:30,22.2,91,3.49,1.0,0.0,0.0,0.0,0.0,94710.0,0.0
2023-08-13 01:00:00+05:30,22.1,92,3.45,1.0,0.0,0.0,0.0,0.0,94640.0,0.0
2023-08-13 02:00:00+05:30,22.1,92,3.55,1.0,0.0,0.0,0.0,0.0,94590.0,0.0
2023-08-13 03:00:00+05:30,21.9,91,3.52,0.87,0.0,0.0,0.0,0.0,94560.0,0.0
2023-08-13 04:00:00+05:30,21.7,91,3.54,0.99,0.0,0.0,0.0,0.0,94560.0,0.0
2023-08-13 05:00:00+05:30,22.0,91,3.41,0.84,0.0,0.0,0.0,0.0,94600.0,0.0
2023-08-13 06:00:00+05:30,22.4,89,3.45,1.0,1.0,0.0,1.0,0.0,94650.0,0.0
2023-08-13 07:00:00+05:30,22.9,88,4.34,1.0,71.0,21.0,50.0,127.7,94700.0,0.0
2023-08-13 08:00:00+05:30,23.8,84,4.51,1.0,235.0,106.0,129.0,268.9,94780.0,0.0
2023-08-13 09:00:00+05:30,25.0,77,5.08,0.99,454.0,281.0,173.0,463.9,94800.0,0.1
2023-08-13 10:00:00+05:30,26.0,72,5.73,1.0,648.0,465.0,183.0,595.0,94790.0,0.2
2023-08-13 11:00:00+05:30,26.8,68,5.51,1.0,800.0,606.0,194.0,666.2,94770.0,0.3
2023-08-13 12:00:00+05:30,26.0,74,6.25,1.0,709.0,446.0,263.0,454.5,94700.0,0.6
2023-08-13 13:00:00+05:30,26.2,70,5.89,0.8,685.0,395.0,290.0,398.4,94650.0,0.4
2023-08-13 14:00:00+05:30,26.2,74,5.91,0.55,585.0,327.0,258.0,348.0,94600.0,0.3
2023-08-13 15:00:00+05:30,25.8,73,6.64,0.71,581.0,342.0,239.0,412.3,94550.0,0.2
2023-08-13 16:00:00+05:30,25.8,75,6.33,0.97,452.0,259.0,193.0,387.7,94520.0,0.1
2023-08-13 17:00:00+05:30,25.0,76,5.56,1.0,305.0,155.0,150.0,332.2,94590.0,0.0
2023-08-13 18:00:00+05:30,23.8,83,4.57,1.0,114.0,44.0,70.0,184.3,94620.0,0.0
2023-08-13 19:00:00+05:30,23.0,86,3.47,1.0,10.0,1.0,9.0,11.9,94680.0,0.0
2023-08-13 20:00:00+05:30,23.0,87,3.13,1.0,0.0,0.0,0.0,0.0,94730.0,0.0
2023-08-13 21:00:00+05:30,23.2,87,2.98,1.0,0.0,0.0,0.0,0.0,94770.0,0.0
2023-08-13 22:00:00+05:30,22.9,90,3.28,1.0,0.0,0.0,0.0,0.0,94750.0,0.0
2023-08-13 23:00:00+05:30,22.4,93,3.4,1.0,0.0,0.0,0.0,0.0,94700.0,0.0
2023-08-14 00:00:00+05:30,22.5,92,3.51,1.0,0.0,0.0,0.0,0.0,94670.0,0.0
2023-08-14 01:00:00+05:30,22.5,92,4.05,1.0,0.0,0.0,0.0,0.0,94600.0,0.0
2023-08-14 02:00:00+05:30,22.5,92,4.08,1.0,0.0,0.0,0.0,0.0,94550.0,0.0
2023-08-14 03:00:00+05:30,22.5,91,3.93,1.0,0.0,0.0,0.0,0.0,94570.0,0.0
2023-08-14 04:00:00+05:30,21.9,93,3.35,1.0,0.0,0.0,0.0,0.0,94570.0,0.0
2023-08-14 05:00:00+05:30,22.0,93,3.42,1.0,0.0,0.0,0.0,0.0,94560.0,0.0
2023-08-14 06:00:00+05:30,22.6,90,3.36,1.0,1.0,0.0,1.0,0.0,94650.0,0.0
2023-08-14 07:00:00+05:30,23.0,89,4.16,1.0,69.0,19.0,50.0,115.8,94740.0,0.0
2023-08-14 08:00:00+05:30,24.1,83,4.65,0.96,221.0,89.0,132.0,226.1,94840.0,0.0
2023-08-14 09:00:00+05:30,25.1,78,5.46,0.96,410.0,221.0,189.0,365.0,94870.0,0.1
2023-08-14 10:00:00+05:30,26.1,73,5.57,1.0,621.0,391.0,230.0,500.4,94850.0,0.1
2023-08-14 11:00:00+05:30,26.8,71,6.24,0.62,793.0,598.0,195.0,657.5,94850.0,0.2
2023-08-14 12:00:00+05:30,27.0,69,5.98,0.94,790.0,548.0,242.0,558.6,94770.0,0.1
2023-08-14 13:00:00+05:30,27.2,69,6.32,0.65,815.0,548.0,267.0,552.9,94700.0,0.2
2023-08-14 14:00:00+05:30,27.4,69,5.77,0.99,821.0,593.0,228.0,631.5,94620.0,0.1
2023-08-14 15:00:00+05:30,26.9,70,5.73,1.0,702.0,514.0,188.0,620.5,94610.0,0.0
2023-08-14 16:00:00+05:30,26.2,73,5.94,1.0,486.0,285.0,201.0,427.5,94580.0,0.0
2023-08-14 17:00:00+05:30,25.3,75,4.67,1.0,290.0,151.0,139.0,324.9,94620.0,0.0
2023-08-14 18:00:00+05:30,24.3,80,4.12,1.0,98.0,9.0,89.0,38.0,94670.0,0.0
2023-08-14 19:00:00+05:30,23.5,83,4.13,1.0,8.0,0.0,8.0,0.0,94700.0,0.0
2023-08-14 20:00:00+05:30,22.8,89,4.44,1.0,0.0,0.0,0.0,0.0,94710.0,0.0
2023-08-14 21:00:00+05:30,22.9,87,4.08,1.0,0.0,0.0,0.0,0.0,94750.0,0.0
2023-08-14 22:00:00+05:30,22.5,89,3.75,1.0,0.0,0.0,0.0,0.0,94760.0,0.0
2023-08-14 23:00:00+05:30,22.3,89,3.88,1.0,0.0,0.0,0.0,0.0,94720.0,0.0
2023-08-15 00:00:00+05:30,22.1,88,3.88,0.87,0.0,0.0,0.0,0.0,94670.0,0.0
2023-08-15 01:00:00+05:30,21.9,89,3.48,0.76,0.0,0.0,0.0,0.0,94630.0,0.0
2023-08-15 02:00:00+05:30,21.8,89,2.65,0.82,0.0,0.0,0.0,0.0,94580.0,0.0
2023-08-15 03:00:00+05:30,21.9,89,2.33,0.98,0.0,0.0,0.0,0.0,94610.0,0.0
2023-08-15 04:00:00+05:30,22.0,89,2.18,1.0,0.0,0.0,0.0,0.0,94640.0,0.0
2023-08-15 05:00:00+05:30,22.5,90,2.47,0.99,0.0,0.0,0.0,0.0,94680.0,0.0
2023-08-15 06:00:00+05:30,22.6,90,3.4,0.92,1.0,0.0,1.0,0.0,94740.0,0.1
2023-08-15 07:00:00+05:30,23.0,87,3.05,0.79,54.0,6.0,48.0,36.6,94800.0,0.0
2023-08-15 08:00:00+05:30,24.1,80,3.53,0.99,222.0,97.0,125.0,246.7,94850.0,0.0
2023-08-15 09:00:00+05:30,24.8,77,3.86,1.0,311.0,75.0,236.0,123.9,94880.0,0.0
2023-08-15 10:00:00+05:30,25.3,74,3.72,0.99,360.0,51.0,309.0,65.3,94930.0,0.0
2023-08-15 11:00:00+05:30,26.0,70,4.59,0.99,472.0,139.0,333.0,152.9,94880.0,0.0
2023-08-15 12:00:00+05:30,27.0,66,4.78,0.99,579.0,214.0,365.0,218.2,94810.0,0.0
2023-08-15 13:00:00+05:30,27.1,67,5.0,0.74,689.0,332.0,357.0,335.1,94740.0,0.0
2023-08-15 14:00:00+05:30,26.9,71,5.73,0.41,735.0,478.0,257.0,509.4,94660.0,0.3
2023-08-15 15:00:00+05:30,26.8,71,5.69,0.4,643.0,414.0,229.0,500.4,94640.0,0.0
2023-08-15 16:00:00+05:30,26.2,72,5.98,0.56,495.0,315.0,180.0,473.6,94600.0,0.0
2023-08-15 17:00:00+05:30,25.8,73,4.93,0.38,303.0,174.0,129.0,375.9,94660.0,0.0
2023-08-15 18:00:00+05:30,24.5,79,4.54,0.78,123.0,47.0,76.0,200.6,94680.0,0.0
2023-08-15 19:00:00+05:30,23.4,85,4.12,0.66,9.0,1.0,8.0,12.3,94730.0,0.0
2023-08-15 20:00:00+05:30,22.8,88,3.92,0.97,0.0,0.0,0.0,0.0,94780.0,0.0
2023-08-15 21:00:00+05:30,22.6,88,3.72,1.0,0.0,0.0,0.0,0.0,94840.0,0.0
2023-08-15 22:00:00+05:30,22.5,89,3.42,0.98,0.0,0.0,0.0,0.0,94860.0,0.0
2023-08-15 23:00:00+05:30,22.4,89,2.83,0.91,0.0,0.0,0.0,0.0,94840.0,0.0
2023-08-16 00:00:00+05:30,22.1,90,2.33,0.6,0.0,0.0,0.0,0.0,94800.0,0.0
2023-08-16 01:00:00+05:30,21.6,93,1.71,0.52,0.0,0.0,0.0,0.0,94750.0,0.0
2023-08-16 02:00:00+05:30,21.2,95,1.73,0.72,0.0,0.0,0.0,0.0,94690.0,0.0
2023-08-16 03:00:00+05:30,21.3,95,2.01,0.75,0.0,0.0,0.0,0.0,94650.0,0.0
2023-08-16 04:00:00+05:30,21.2,95,1.77,0.38,0.0,0.0,0.0,0.0,94650.0,0.0
2023-08-16 05:00:00+05:30,22.0,93,2.4,0.98,0.0,0.0,0.0,0.0,94700.0,0.0
2023-08-16 06:00:00+05:30,22.2,92,2.67,0.91,1.0,0.0,1.0,0.0,94730.0,0.0
2023-08-16 07:00:00+05:30,23.4,87,3.47,0.43,67.0,17.0,50.0,103.9,94830.0,0.0
2023-08-16 08:00:00+05:30,24.5,81,4.16,0.36,259.0,140.0,119.0,356.6,94890.0,0.0
2023-08-16 09:00:00+05:30,25.9,74,4.41,0.33,468.0,306.0,162.0,506.0,94920.0,0.0
2023-08-16 10:00:00+05:30,26.5,72,4.8,0.37,626.0,433.0,193.0,554.5,94950.0,0.2
2023-08-16 11:00:00+05:30,26.9,70,5.1,0.29,732.0,498.0,234.0,547.8,94910.0,0.4
2023-08-16 12:00:00+05:30,27.7,67,4.9,0.21,832.0,601.0,231.0,613.0,94830.0,0.1
2023-08-16 13:00:00+05:30,28.4,63,5.42,0.2,885.0,667.0,218.0,673.7,94750.0,0.0
2023-08-16 14:00:00+05:30,27.9,65,5.46,0.19,808.0,614.0,194.0,655.0,94660.0,0.0
2023-08-16 15:00:00+05:30,27.6,66,5.46,0.43,684.0,502.0,182.0,607.7,94610.0,0.1
2023-08-16 16:00:00+05:30,26.8,69,5.6,0.53,519.0,352.0,167.0,530.5,94600.0,0.0
2023-08-16 17:00:00+05:30,25.8,73,4.71,0.54,271.0,126.0,145.0,273.3,94690.0,0.0
2023-08-16 18:00:00+05:30,24.4,79,4.3,0.26,122.0,55.0,67.0,237.0,94690.0,0.0
2023-08-16 19:00:00+05:30,23.5,83,4.0,0.27,10.0,1.0,9.0,12.4,94760.0,0.0
2023-08-16 20:00:00+05:30,22.7,88,3.51,0.4,0.0,0.0,0.0,0.0,94800.0,0.0
2023-08-16 21:00:00+05:30,22.5,90,3.3,0.84,0.0,0.0,0.0,0.0,94860.0,0.0
2023-08-16 22:00:00+05:30,22.3,90,3.2,1.0,0.0,0.0,0.0,0.0,94870.0,0.0
2023-08-16 23:00:00+05:30,22.2,89,3.31,0.88,0.0,0.0,0.0,0.0,94850.0,0.0
2023-08-17 00:00:00+05:30,22.0,90,3.0,0.3,0.0,0.0,0.0,0.0,94790.0,0.0
2023-08-17 01:00:00+05:30,21.8,92,2.82,0.98,0.0,0.0,0.0,0.0,94740.0,0.0
2023-08-17 02:00:00+05:30,22.0,90,2.93,0.97,0.0,0.0,0.0,0.0,94700.0,0.0
2023-08-17 03:00:00+05:30,22.1,89,2.81,1.0,0.0,0.0,0.0,0.0,94700.0,0.0
2023-08-17 04:00:00+05:30,22.0,90,2.7,0.96,0.0,0.0,0.0,0.0,94690.0,0.0
2023-08-17 05:00:00+05:30,21.9,93,2.5,1.0,0.0,0.0,0.0,0.0,94710.0,0.0
2023-08-17 06:00:00+05:30,22.0,90,2.52,0.83,1.0,0.0,1.0,0.0,94760.0,0.0
2023-08-17 07:00:00+05:30,22.9,86,3.95,0.77,81.0,28.0,53.0,171.5,94840.0,0.0
2023-08-17 08:00:00+05:30,24.1,79,3.96,0.51,240.0,128.0,112.0,326.4,94920.0,0.0
2023-08-17 09:00:00+05:30,25.4,73,4.18,1.0,417.0,228.0,189.0,377.2,94950.0,0.0
2023-08-17 10:00:00+05:30,26.5,68,4.41,0.71,633.0,440.0,193.0,563.6,94960.0,0.0
2023-08-17 11:00:00+05:30,27.1,66,4.83,1.0,765.0,509.0,256.0,560.1,94930.0,0.0
2023-08-17 12:00:00+05:30,26.6,68,5.12,1.0,585.0,190.0,395.0,193.9,94860.0,0.1
2023-08-17 13:00:00+05:30,27.1,66,5.41,1.0,772.0,476.0,296.0,481.0,94800.0,0.1
2023-08-17 14:00:00+05:30,27.2,66,5.76,0.92,707.0,458.0,249.0,489.0,94720.0,0.0
2023-08-17 15:00:00+05:30,27.0,67,5.66,0.39,664.0,450.0,214.0,545.5,94670.0,0.0
2023-08-17 16:00:00+05:30,26.5,69,6.17,0.35,505.0,323.0,182.0,487.9,94630.0,0.0
2023-08-17 17:00:00+05:30,25.3,73,5.18,0.26,302.0,166.0,136.0,361.7,94710.0,0.0
2023-08-17 18:00:00+05:30,24.1,78,4.32,1.0,125.0,53.0,72.0,230.8,94710.0,0.0
2023-08-17 19:00:00+05:30,23.0,83,4.14,1.0,9.0,1.0,8.0,12.6,94760.0,0.0
2023-08-17 20:00:00+05:30,22.5,86,3.91,0.74,0.0,0.0,0.0,0.0,94800.0,0.0
2023-08-17 21:00:00+05:30,22.1,90,3.7,0.9,0.0,0.0,0.0,0.0,94840.0,0.0
2023-08-17 22:00:00+05:30,22.2,91,3.41,0.78,0.0,0.0,0.0,0.0,94860.0,0.0
2023-08-17 23:00:00+05:30,22.1,91,3.54,1.0,0.0,0.0,0.0,0.0,94830.0,0.0
2023-08-18 00:00:00+05:30,22.0,92,3.91,1.0,0.0,0.0,0.0,0.0,94750.0,0.0
2023-08-18 01:00:00+05:30,22.0,92,4.11,1.0,0.0,0.0,0.0,0.0,94660.0,0.0
2023-08-18 02:00:00+05:30,22.0,92,3.71,1.0,0.0,0.0,0.0,0.0,94610.0,0.0
2023-08-18 03:00:00+05:30,21.9,93,3.93,1.0,0.0,0.0,0.0,0.0,94590.0,0.0
2023-08-18 04:00:00+05:30,21.9,90,3.69,1.0,0.0,0.0,0.0,0.0,94590.0,0.0
2023-08-18 05:00:00+05:30,22.0,92,3.22,0.99,0.0,0.0,0.0,0.0,94610.0,0.0
2023-08-18 06:00:00+05:30,22.1,90,3.01,0.98,1.0,0.0,1.0,0.0,94670.0,0.0
2023-08-18 07:00:00+05:30,22.5,88,4.18,1.0,76.0,23.0,53.0,141.1,94700.0,0.0
2023-08-18 08:00:00+05:30,24.0,81,4.15,1.0,264.0,135.0,129.0,344.7,94750.0,0.0
2023-08-18 09:00:00+05:30,25.0,75,4.27,0.99,406.0,199.0,207.0,329.4,94800.0,0.0
2023-08-18 10:00:00+05:30,26.5,68,4.73,0.99,675.0,447.0,228.0,572.7,94780.0,0.0
2023-08-18 11:00:00+05:30,27.5,64,5.24,0.86,828.0,600.0,228.0,660.4,94750.0,0.0
2023-08-18 12:00:00+05:30,28.2,61,5.89,0.98,904.0,653.0,251.0,666.6,94690.0,0.0
2023-08-18 13:00:00+05:30,28.0,61,5.89,1.0,927.0,680.0,247.0,687.6,94620.0,0.1
2023-08-18 14:00:00+05:30,26.4,69,5.36,1.0,438.0,66.0,372.0,70.5,94580.0,0.0
2023-08-18 15:00:00+05:30,25.5,75,5.02,1.0,327.0,56.0,271.0,68.0,94520.0,0.0
2023-08-18 16:00:00+05:30,24.8,78,5.62,1.0,302.0,64.0,238.0,96.9,94510.0,0.0
2023-08-18 17:00:00+05:30,24.5,78,4.77,1.0,210.0,33.0,177.0,72.2,94560.0,0.0
2023-08-18 18:00:00+05:30,23.9,81,3.71,1.0,51.0,0.0,51.0,0.0,94600.0,0.0
2023-08-18 19:00:00+05:30,23.3,84,3.93,1.0,4.0,0.0,4.0,0.0,94620.0,0.0
2023-08-18 20:00:00+05:30,22.8,87,3.6,1.0,0.0,0.0,0.0,0.0,94660.0,0.0
2023-08-18 21:00:00+05:30,22.6,89,3.51,1.0,0.0,0.0,0.0,0.0,94710.0,0.0
2023-08-18 22:00:00+05:30,22.8,89,3.71,1.0,0.0,0.0,0.0,0.0,94730.0,0.0
2023-08-18 23:00:00+05:30,22.5,91,3.3,1.0,0.0,0.0,0.0,0.0,94700.0,0.0
2023-08-19 00:00:00+05:30,22.5,92,3.7,1.0,0.0,0.0,0.0,0.0,94640.0,0.0
2023-08-19 01:00:00+05:30,22.5,93,3.6,1.0,0.0,0.0,0.0,0.0,94560.0,0.0
2023-08-19 02:00:00+05:30,22.5,92,3.4,1.0,0.0,0.0,0.0,0.0,94500.0,0.0
2023-08-19 03:00:00+05:30,22.4,93,3.3,1.0,0.0,0.0,0.0,0.0,94490.0,0.0
2023-08-19 04:00:00+05:30,22.5,92,3.08,1.0,0.0,0.0,0.0,0.0,94450.0,0.0
2023-08-19 05:00:00+05:30,22.8,93,3.62,1.0,0.0,0.0,0.0,0.0,94470.0,0.0
2023-08-19 06:00:00+05:30,22.8,91,3.63,1.0,1.0,0.0,1.0,0.0,94500.0,0.1
2023-08-19 07:00:00+05:30,23.1,91,3.7,1.0,36.0,1.0,35.0,6.1,94540.0,0.1
2023-08-19 08:00:00+05:30,23.8,86,4.15,1.0,101.0,0.0,101.0,0.0,94610.0,0.1
2023-08-19 09:00:00+05:30,24.5,81,5.13,0.99,307.0,77.0,230.0,127.5,94640.0,0.2
2023-08-19 10:00:00+05:30,25.2,78,5.69,0.95,457.0,197.0,260.0,252.5,94650.0,0.3
2023-08-19 11:00:00+05:30,26.2,72,5.65,1.0,663.0,272.0,391.0,299.5,94650.0,0.1
2023-08-19 12:00:00+05:30,26.8,69,5.07,0.99,623.0,177.0,446.0,180.8,94620.0,0.0
2023-08-19 13:00:00+05:30,27.5,66,5.82,1.0,825.0,492.0,333.0,497.8,94530.0,0.0
2023-08-19 14:00:00+05:30,26.8,69,6.55,1.0,802.0,512.0,290.0,547.7,94480.0,0.2
2023-08-19 15:00:00+05:30,25.5,76,5.32,1.0,322.0,30.0,292.0,36.5,94430.0,0.1
2023-08-19 16:00:00+05:30,25.3,75,5.63,1.0,271.0,33.0,238.0,50.1,94410.0,0.0
2023-08-19 17:00:00+05:30,24.2,79,5.12,1.0,205.0,36.0,169.0,79.2,94470.0,0.0
2023-08-19 18:00:00+05:30,23.2,85,3.3,1.0,58.0,1.0,57.0,4.4,94480.0,0.0
2023-08-19 19:00:00+05:30,22.8,89,2.8,1.0,4.0,0.0,4.0,0.0,94510.0,0.0
2023-08-19 20:00:00+05:30,22.5,90,3.21,1.0,0.0,0.0,0.0,0.0,94550.0,0.0
2023-08-19 21:00:00+05:30,22.2,90,2.42,1.0,0.0,0.0,0.0,0.0,94620.0,0.0
2023-08-19 22:00:00+05:30,22.4,90,2.7,1.0,0.0,0.0,0.0,0.0,94640.0,0.0
2023-08-19 23:00:00+05:30,22.2,91,3.0,1.0,0.0,0.0,0.0,0.0,94600.0,0.0
2023-08-20 00:00:00+05:30,22.5,91,3.11,1.0,0.0,0.0,0.0,0.0,94540.0,0.0
2023-08-20 01:00:00+05:30,22.6,91,2.86,1.0,0.0,0.0,0.0,0.0,94460.0,0.0
2023-08-20 02:00:00+05:30,22.6,90,3.1,1.0,0.0,0.0,0.0,0.0,94450.0,0.0
2023-08-20 03:00:00+05:30,22.1,91,3.11,1.0,0.0,0.0,0.0,0.0,94420.0,0.0
2023-08-20 04:00:00+05:30,22.2,91,3.0,1.0,0.0,0.0,0.0,0.0,94450.0,0.0
2023-08-20 05:00:00+05:30,22.6,92,3.8,1.0,0.0,0.0,0.0,0.0,94450.0,0.0
2023-08-20 06:00:00+05:30,22.6,92,3.1,0.98,1.0,0.0,1.0,0.0,94520.0,0.0
2023-08-20 07:00:00+05:30,23.4,87,4.5,0.56,66.0,18.0,48.0,110.8,94610.0,0.0
2023-08-20 08:00:00+05:30,23.9,85,5.04,0.62,244.0,123.0,121.0,314.9,94640.0,0.0
2023-08-20 09:00:00+05:30,24.9,80,5.36,0.4,371.0,156.0,215.0,258.5,94680.0,0.1
2023-08-20 10:00:00+05:30,26.0,75,5.54,0.55,627.0,388.0,239.0,497.5,94720.0,0.2
2023-08-20 11:00:00+05:30,26.2,70,5.73,0.99,669.0,357.0,312.0,393.2,94700.0,0.4
2023-08-20 12:00:00+05:30,26.0,75,5.26,1.0,484.0,120.0,364.0,122.6,94660.0,0.4
2023-08-20 13:00:00+05:30,25.9,73,5.49,0.98,511.0,142.0,369.0,143.8,94600.0,0.0
2023-08-20 14:00:00+05:30,25.8,73,5.87,0.61,382.0,71.0,311.0,76.0,94520.0,0.0
2023-08-20 15:00:00+05:30,26.0,74,5.71,0.42,475.0,207.0,268.0,252.1,94450.0,0.2
2023-08-20 16:00:00+05:30,25.6,74,5.77,0.55,411.0,229.0,182.0,348.6,94430.0,0.0
2023-08-20 17:00:00+05:30,23.9,83,4.04,0.52,270.0,127.0,143.0,280.6,94500.0,0.0
2023-08-20 18:00:00+05:30,23.2,88,3.3,1.0,40.0,7.0,33.0,31.5,94480.0,0.2
2023-08-20 19:00:00+05:30,22.9,90,3.01,0.97,3.0,0.0,3.0,0.0,94520.0,0.0
2023-08-20 20:00:00+05:30,22.5,92,2.91,0.73,0.0,0.0,0.0,0.0,94550.0,0.0
2023-08-20 21:00:00+05:30,22.2,92,3.0,1.0,0.0,0.0,0.0,0.0,94610.0,0.0
2023-08-20 22:00:00+05:30,22.2,93,2.8,0.93,0.0,0.0,0.0,0.0,94630.0,0.0
2023-08-20 23:00:00+05:30,22.0,94,2.4,0.91,0.0,0.0,0.0,0.0,94650.0,0.0
2023-08-21 00:00:00+05:30,21.5,96,2.32,0.75,0.0,0.0,0.0,0.0,94590.0,0.0
2023-08-21 01:00:00+05:30,21.5,96,2.01,0.97,0.0,0.0,0.0,0.0,94520.0,0.0
2023-08-21 02:00:00+05:30,21.6,95,1.73,1.0,0.0,0.0,0.0,0.0,94500.0,0.0
2023-08-21 03:00:00+05:30,22.0,93,2.26,1.0,0.0,0.0,0.0,0.0,94500.0,0.0
2023-08-21 04:00:00+05:30,22.0,93,2.35,0.97,0.0,0.0,0.0,0.0,94510.0,0.0
2023-08-21 05:00:00+05:30,22.4,93,2.63,0.96,0.0,0.0,0.0,0.0,94520.0,0.0
2023-08-21 06:00:00+05:30,22.4,93,2.21,0.93,1.0,0.0,1.0,0.0,94580.0,0.1
2023-08-21 07:00:00+05:30,23.1,89,3.11,0.34,53.0,7.0,46.0,43.2,94620.0,0.1
2023-08-21 08:00:00+05:30,24.2,84,4.3,0.69,254.0,131.0,123.0,335.8,94690.0,0.0
2023-08-21 09:00:00+05:30,25.2,78,4.72,0.59,430.0,266.0,164.0,441.0,94730.0,0.1
2023-08-21 10:00:00+05:30,26.2,73,4.75,0.33,641.0,432.0,209.0,554.1,94720.0,0.1
2023-08-21 11:00:00+05:30,26.9,70,5.69,0.32,794.0,594.0,200.0,654.5,94700.0,0.2
2023-08-21 12:00:00+05:30,27.0,69,5.45,0.23,811.0,578.0,233.0,590.8,94670.0,0.2
2023-08-21 13:00:00+05:30,27.9,66,5.51,0.33,886.0,659.0,227.0,667.8,94620.0,0.0
2023-08-21 14:00:00+05:30,27.6,65,5.56,0.34,821.0,611.0,210.0,655.1,94540.0,0.1
2023-08-21 15:00:00+05:30,26.5,71,5.55,0.43,665.0,469.0,196.0,572.3,94490.0,0.1
2023-08-21 16:00:00+05:30,26.3,72,5.38,0.3,526.0,349.0,177.0,532.8,94460.0,0.1
2023-08-21 17:00:00+05:30,25.4,74,4.49,0.27,326.0,208.0,118.0,461.8,94540.0,0.0
2023-08-21 18:00:00+05:30,24.1,79,3.62,0.34,119.0,51.0,68.0,232.2,94540.0,0.0
2023-08-21 19:00:00+05:30,23.2,83,2.71,0.43,7.0,1.0,6.0,13.5,94580.0,0.0
2023-08-21 20:00:00+05:30,22.6,88,2.31,0.79,0.0,0.0,0.0,0.0,94640.0,0.0
2023-08-21 21:00:00+05:30,22.2,91,2.01,0.8,0.0,0.0,0.0,0.0,94690.0,0.0
2023-08-21 22:00:00+05:30,21.6,95,1.7,0.9,0.0,0.0,0.0,0.0,94720.0,0.0
2023-08-21 23:00:00+05:30,21.8,94,1.8,0.86,0.0,0.0,0.0,0.0,94690.0,0.0
2023-08-22 00:00:00+05:30,21.2,96,1.84,0.96,0.0,0.0,0.0,0.0,94630.0,0.0
2023-08-22 01:00:00+05:30,21.0,97,1.88,1.0,0.0,0.0,0.0,0.0,94560.0,0.0
2023-08-22 02:00:00+05:30,21.0,97,1.7,1.0,0.0,0.0,0.0,0.0,94500.0,0.0
2023-08-22 03:00:00+05:30,20.8,97,1.58,1.0,0.0,0.0,0.0,0.0,94460.0,0.0
2023-08-22 04:00:00+05:30,20.9,96,1.57,1.0,0.0,0.0,0.0,0.0,94470.0,0.0
2023-08-22 05:00:00+05:30,21.5,95,2.06,0.98,0.0,0.0,0.0,0.0,94530.0,0.0
2023-08-22 06:00:00+05:30,21.9,92,2.04,0.69,1.0,0.0,1.0,0.0,94580.0,0.0
2023-08-22 07:00:00+05:30,23.0,87,3.52,0.56,59.0,14.0,45.0,86.4,94630.0,0.0
2023-08-22 08:00:00+05:30,24.4,81,3.92,0.95,235.0,102.0,133.0,261.8,94670.0,0.0
2023-08-22 09:00:00+05:30,25.6,76,3.92,1.0,402.0,237.0,165.0,393.2,94710.0,0.0
2023-08-22 10:00:00+05:30,26.8,71,3.8,0.87,572.0,376.0,196.0,482.5,94710.0,0.0
2023-08-22 11:00:00+05:30,27.8,69,4.2,0.76,813.0,631.0,182.0,695.5,94660.0,0.1
2023-08-22 12:00:00+05:30,27.8,68,4.87,1.0,768.0,536.0,232.0,548.2,94630.0,0.0
2023-08-22 13:00:00+05:30,28.0,65,5.12,0.98,875.0,663.0,212.0,672.4,94570.0,0.2
2023-08-22 14:00:00+05:30,27.5,70,5.11,0.8,702.0,452.0,250.0,485.2,94500.0,0.6
2023-08-22 15:00:00+05:30,26.5,75,4.91,0.65,509.0,244.0,265.0,298.3,94430.0,0.1
2023-08-22 16:00:00+05:30,26.2,76,5.7,0.31,479.0,297.0,182.0,454.7,94410.0,0.0
2023-08-22 17:00:00+05:30,24.1,85,3.5,0.55,244.0,103.0,141.0,229.8,94530.0,0.0
2023-08-22 18:00:00+05:30,23.5,89,3.24,1.0,36.0,1.0,35.0,4.6,94580.0,1.1
2023-08-22 19:00:00+05:30,23.0,92,3.41,1.0,2.0,0.0,2.0,0.0,94640.0,0.3
2023-08-22 20:00:00+05:30,22.9,92,3.24,1.0,0.0,0.0,0.0,0.0,94690.0,0.2
2023-08-22 21:00:00+05:30,22.6,94,2.5,1.0,0.0,0.0,0.0,0.0,94750.0,0.0
2023-08-22 22:00:00+05:30,22.4,95,1.84,1.0,0.0,0.0,0.0,0.0,94810.0,0.0
2023-08-22 23:00:00+05:30,22.5,94,2.47,1.0,0.0,0.0,0.0,0.0,94760.0,0.0
2023-08-23 00:00:00+05:30,22.0,94,2.53,1.0,0.0,0.0,0.0,0.0,94690.0,0.0
2023-08-23 01:00:00+05:30,21.5,96,1.9,1.0,0.0,0.0,0.0,0.0,94610.0,0.0
2023-08-23 02:00:00+05:30,21.1,97,1.5,1.0,0.0,0.0,0.0,0.0,94550.0,0.0
2023-08-23 03:00:00+05:30,20.9,97,1.43,1.0,0.0,0.0,0.0,0.0,94530.0,0.0
2023-08-23 04:00:00+05:30,21.0,97,1.8,1.0,0.0,0.0,0.0,0.0,94500.0,0.0
2023-08-23 05:00:00+05:30,22.0,94,2.61,1.0,0.0,0.0,0.0,0.0,94520.0,0.0
2023-08-23 06:00:00+05:30,22.0,94,2.75,1.0,1.0,0.0,1.0,0.0,94560.0,0.0
2023-08-23 07:00:00+05:30,22.8,89,4.04,1.0,73.0,22.0,51.0,136.1,94630.0,0.0
2023-08-23 08:00:00+05:30,23.8,84,3.86,1.0,203.0,71.0,132.0,182.4,94700.0,0.0
2023-08-23 09:00:00+05:30,25.4,75,4.71,1.0,443.0,257.0,186.0,426.6,94720.0,0.0
2023-08-23 10:00:00+05:30,26.5,69,4.93,1.0,595.0,353.0,242.0,453.1,94730.0,0.0
2023-08-23 11:00:00+05:30,27.1,65,4.75,1.0,594.0,322.0,272.0,355.1,94700.0,0.0
2023-08-23 12:00:00+05:30,27.9,62,5.22,1.0,817.0,515.0,302.0,527.0,94640.0,0.0
2023-08-23 13:00:00+05:30,27.6,65,5.02,1.0,739.0,411.0,328.0,417.2,94560.0,0.1
2023-08-23 14:00:00+05:30,27.6,65,5.35,1.0,752.0,471.0,281.0,506.2,94510.0,0.2
2023-08-23 15:00:00+05:30,27.2,67,5.72,0.85,664.0,424.0,240.0,519.2,94480.0,0.1
2023-08-23 16:00:00+05:30,26.6,70,5.73,1.0,506.0,330.0,176.0,506.7,94440.0,0.0
2023-08-23 17:00:00+05:30,25.5,72,5.02,1.0,289.0,138.0,151.0,309.5,94510.0,0.0
2023-08-23 18:00:00+05:30,24.1,78,4.42,1.0,123.0,54.0,69.0,251.8,94540.0,0.0
2023-08-23 19:00:00+05:30,23.2,83,3.82,1.0,6.0,1.0,5.0,14.0,94590.0,0.0
2023-08-23 20:00:00+05:30,22.6,88,3.21,1.0,0.0,0.0,0.0,0.0,94620.0,0.0
2023-08-23 21:00:00+05:30,22.2,90,2.81,1.0,0.0,0.0,0.0,0.0,94660.0,0.0
2023-08-23 22:00:00+05:30,22.1,90,2.84,1.0,0.0,0.0,0.0,0.0,94660.0,0.0
2023-08-23 23:00:00+05:30,22.0,91,2.92,1.0,0.0,0.0,0.0,0.0,94600.0,0.0
2023-08-24 00:00:00+05:30,22.0,91,2.88,1.0,0.0,0.0,0.0,0.0,94540.0,0.0
2023-08-24 01:00:00+05:30,21.8,92,2.72,1.0,0.0,0.0,0.0,0.0,94470.0,0.0
2023-08-24 02:00:00+05:30,21.8,92,2.69,1.0,0.0,0.0,0.0,0.0,94430.0,0.0
2023-08-24 03:00:00+05:30,22.0,91,2.72,1.0,0.0,0.0,0.0,0.0,94430.0,0.0
2023-08-24 04:00:00+05:30,21.8,92,3.13,1.0,0.0,0.0,0.0,0.0,94440.0,0.0
2023-08-24 05:00:00+05:30,22.5,92,2.98,1.0,0.0,0.0,0.0,0.0,94470.0,0.0
2023-08-24 06:00:00+05:30,22.6,91,3.13,1.0,0.0,0.0,0.0,0.0,94500.0,0.0
2023-08-24 07:00:00+05:30,23.2,87,3.57,1.0,52.0,5.0,47.0,31.0,94570.0,0.0
2023-08-24 08:00:00+05:30,24.6,80,4.41,0.59,244.0,99.0,145.0,254.7,94640.0,0.0
2023-08-24 09:00:00+05:30,25.6,76,4.97,0.46,423.0,232.0,191.0,385.3,94670.0,0.2
2023-08-24 10:00:00+05:30,27.0,70,4.87,0.62,657.0,484.0,173.0,621.6,94660.0,0.1
2023-08-24 11:00:00+05:30,27.7,67,5.38,0.97,834.0,637.0,197.0,702.8,94630.0,0.1
2023-08-24 12:00:00+05:30,27.9,65,5.89,1.0,885.0,679.0,206.0,695.3,94590.0,0.1
2023-08-24 13:00:00+05:30,28.0,65,5.66,0.88,909.0,659.0,250.0,669.4,94500.0,0.1
2023-08-24 14:00:00+05:30,27.4,68,5.87,0.36,760.0,538.0,222.0,578.9,94450.0,0.1
2023-08-24 15:00:00+05:30,27.1,71,5.47,0.27,655.0,432.0,223.0,530.1,94400.0,0.1
2023-08-24 16:00:00+05:30,26.4,72,6.14,0.76,528.0,367.0,161.0,565.2,94370.0,0.1
2023-08-24 17:00:00+05:30,25.3,78,5.06,0.81,296.0,157.0,139.0,353.9,94420.0,0.1
2023-08-24 18:00:00+05:30,24.1,85,4.08,0.86,112.0,46.0,66.0,217.2,94440.0,0.0
2023-08-24 19:00:00+05:30,23.4,88,3.34,0.99,6.0,1.0,5.0,14.3,94490.0,0.0
2023-08-24 20:00:00+05:30,23.0,89,2.88,0.98,0.0,0.0,0.0,0.0,94530.0,0.0
2023-08-24 21:00:00+05:30,23.0,90,2.24,0.97,0.0,0.0,0.0,0.0,94600.0,0.0
2023-08-24 22:00:00+05:30,22.7,91,2.11,1.0,0.0,0.0,0.0,0.0,94620.0,0.0
2023-08-24 23:00:00+05:30,22.8,91,2.3,0.98,0.0,0.0,0.0,0.0,94590.0,0.0
2023-08-25 00:00:00+05:30,22.6,91,2.82,0.96,0.0,0.0,0.0,0.0,94510.0,0.0
2023-08-25 01:00:00+05:30,22.5,92,2.77,0.99,0.0,0.0,0.0,0.0,94450.0,0.0
2023-08-25 02:00:00+05:30,22.4,92,2.51,0.94,0.0,0.0,0.0,0.0,94390.0,0.0
2023-08-25 03:00:00+05:30,22.5,92,2.39,0.94,0.0,0.0,0.0,0.0,94380.0,0.0
2023-08-25 04:00:00+05:30,22.5,91,2.39,0.78,0.0,0.0,0.0,0.0,94370.0,0.0
2023-08-25 05:00:00+05:30,22.8,92,2.85,0.34,0.0,0.0,0.0,0.0,94410.0,0.0
2023-08-25 06:00:00+05:30,22.9,92,3.18,0.57,1.0,0.0,1.0,0.0,94460.0,0.1
2023-08-25 07:00:00+05:30,23.8,88,3.62,0.52,76.0,29.0,47.0,179.9,94510.0,0.0
2023-08-25 08:00:00+05:30,24.7,84,4.79,0.57,259.0,145.0,114.0,373.5,94580.0,0.1
2023-08-25 09:00:00+05:30,25.8,78,4.83,0.37,434.0,279.0,155.0,463.7,94630.0,0.1
2023-08-25 10:00:00+05:30,26.6,73,5.46,0.32,636.0,432.0,204.0,555.0,94640.0,0.2
2023-08-25 11:00:00+05:30,27.0,72,6.09,0.4,773.0,549.0,224.0,606.0,94600.0,0.3
2023-08-25 12:00:00+05:30,27.8,67,5.6,0.83,836.0,617.0,219.0,632.2,94560.0,0.1
2023-08-25 13:00:00+05:30,27.2,73,5.22,0.31,684.0,387.0,297.0,393.5,94500.0,0.5
2023-08-25 14:00:00+05:30,26.0,77,6.02,0.64,753.0,552.0,201.0,594.8,94440.0,1.2
2023-08-25 15:00:00+05:30,26.5,77,5.92,0.94,570.0,326.0,244.0,400.8,94440.0,0.3
2023-08-25 16:00:00+05:30,25.6,78,5.88,0.45,461.0,302.0,159.0,466.5,94430.0,0.7
2023-08-25 17:00:00+05:30,25.3,80,4.84,0.63,268.0,147.0,121.0,333.2,94480.0,0.2
2023-08-25 18:00:00+05:30,24.0,86,4.04,0.82,101.0,35.0,66.0,167.4,94520.0,0.1
2023-08-25 19:00:00+05:30,23.5,89,2.67,0.98,5.0,0.0,5.0,0.0,94560.0,0.0
2023-08-25 20:00:00+05:30,23.1,91,2.38,1.0,0.0,0.0,0.0,0.0,94610.0,0.1
2023-08-25 21:00:00+05:30,23.4,89,2.52,0.96,0.0,0.0,0.0,0.0,94710.0,0.0
2023-08-25 22:00:00+05:30,23.1,91,2.41,1.0,0.0,0.0,0.0,0.0,94730.0,0.0
2023-08-25 23:00:00+05:30,23.0,92,2.11,1.0,0.0,0.0,0.0,0.0,94700.0,0.0
2023-08-26 00:00:00+05:30,22.4,94,1.88,0.91,0.0,0.0,0.0,0.0,94620.0,0.0
2023-08-26 01:00:00+05:30,22.1,95,1.88,0.92,0.0,0.0,0.0,0.0,94560.0,0.0
2023-08-26 02:00:00+05:30,22.2,94,1.88,0.99,0.0,0.0,0.0,0.0,94510.0,0.0
2023-08-26 03:00:00+05:30,22.8,91,2.01,0.98,0.0,0.0,0.0,0.0,94500.0,0.0
2023-08-26 04:00:00+05:30,22.2,93,2.15,0.88,0.0,0.0,0.0,0.0,94500.0,0.0
2023-08-26 05:00:00+05:30,22.6,94,2.21,1.0,0.0,0.0,0.0,0.0,94510.0,0.0
2023-08-26 06:00:00+05:30,22.8,94,2.87,0.95,0.0,0.0,0.0,0.0,94580.0,0.1
2023-08-26 07:00:00+05:30,23.5,90,4.39,0.94,58.0,14.0,44.0,87.0,94660.0,0.2
2023-08-26 08:00:00+05:30,24.0,87,4.62,0.91,204.0,93.0,111.0,239.9,94720.0,0.1
2023-08-26 09:00:00+05:30,25.4,80,4.98,1.0,469.0,301.0,168.0,500.6,94770.0,0.1
2023-08-26 10:00:00+05:30,26.5,72,5.24,0.98,629.0,434.0,195.0,557.9,94770.0,0.1
2023-08-26 11:00:00+05:30,27.1,69,6.14,0.98,830.0,634.0,196.0,700.2,94760.0,0.1
2023-08-26 12:00:00+05:30,27.9,66,5.96,0.32,883.0,637.0,246.0,653.1,94710.0,0.2
2023-08-26 13:00:00+05:30,27.8,66,6.28,0.46,855.0,631.0,224.0,642.2,94650.0,0.2
2023-08-26 14:00:00+05:30,27.2,69,6.33,0.39,764.0,512.0,252.0,552.4,94580.0,0.1
2023-08-26 15:00:00+05:30,27.1,70,6.24,0.32,692.0,515.0,177.0,634.4,94550.0,0.0
2023-08-26 16:00:00+05:30,25.9,76,6.06,0.58,483.0,307.0,176.0,475.7,94550.0,0.1
2023-08-26 17:00:00+05:30,25.2,79,5.19,0.54,281.0,154.0,127.0,351.0,94620.0,0.1
2023-08-26 18:00:00+05:30,23.8,86,3.55,0.69,92.0,26.0,66.0,126.1,94640.0,0.5
2023-08-26 19:00:00+05:30,23.2,90,3.22,0.37,5.0,0.0,5.0,0.0,94690.0,0.1
2023-08-26 20:00:00+05:30,23.1,90,2.89,0.9,0.0,0.0,0.0,0.0,94770.0,0.0
2023-08-26 21:00:00+05:30,22.8,92,2.79,0.89,0.0,0.0,0.0,0.0,94820.0,0.0
2023-08-26 22:00:00+05:30,22.5,93,2.69,0.64,0.0,0.0,0.0,0.0,94860.0,0.0
2023-08-26 23:00:00+05:30,22.2,94,2.21,0.76,0.0,0.0,0.0,0.0,94850.0,0.0
2023-08-27 00:00:00+05:30,22.4,92,2.65,0.93,0.0,0.0,0.0,0.0,94800.0,0.0
2023-08-27 01:00:00+05:30,22.0,94,2.53,0.92,0.0,0.0,0.0,0.0,94720.0,0.0
2023-08-27 02:00:00+05:30,22.2,93,2.28,0.79,0.0,0.0,0.0,0.0,94650.0,0.0
2023-08-27 03:00:00+05:30,21.8,94,2.16,0.53,0.0,0.0,0.0,0.0,94630.0,0.0
2023-08-27 04:00:00+05:30,21.8,93,2.11,0.9,0.0,0.0,0.0,0.0,94630.0,0.0
2023-08-27 05:00:00+05:30,22.4,93,2.21,1.0,0.0,0.0,0.0,0.0,94690.0,0.0
2023-08-27 06:00:00+05:30,22.6,89,3.83,0.76,0.0,0.0,0.0,0.0,94730.0,0.1
2023-08-27 07:00:00+05:30,22.9,86,3.22,0.61,79.0,29.0,50.0,180.5,94770.0,0.1
2023-08-27 08:00:00+05:30,24.0,81,4.77,0.67,256.0,143.0,113.0,369.3,94860.0,0.0
2023-08-27 09:00:00+05:30,24.7,78,4.66,0.91,422.0,222.0,200.0,369.4,94900.0,0.2
2023-08-27 10:00:00+05:30,26.0,75,3.67,0.51,507.0,249.0,258.0,320.2,94910.0,0.1
2023-08-27 11:00:00+05:30,24.5,82,4.69,0.7,789.0,557.0,232.0,615.5,94860.0,1.6
2023-08-27 12:00:00+05:30,26.6,74,5.61,0.74,710.0,456.0,254.0,467.9,94830.0,0.1
2023-08-27 13:00:00+05:30,27.7,67,6.13,0.66,917.0,700.0,217.0,713.1,94730.0,0.1
2023-08-27 14:00:00+05:30,27.3,66,6.0,0.37,812.0,610.0,202.0,659.1,94660.0,0.2
2023-08-27 15:00:00+05:30,26.1,73,6.01,0.41,667.0,457.0,210.0,564.2,94620.0,0.2
2023-08-27 16:00:00+05:30,25.9,74,5.52,0.61,511.0,338.0,173.0,525.5,94600.0,0.2
2023-08-27 17:00:00+05:30,25.0,78,5.3,0.85,307.0,191.0,116.0,437.8,94640.0,0.1
2023-08-27 18:00:00+05:30,23.8,84,3.9,0.98,105.0,44.0,61.0,216.3,94680.0,0.0
2023-08-27 19:00:00+05:30,23.0,88,2.6,0.81,5.0,0.0,5.0,0.0,94740.0,0.0
2023-08-27 20:00:00+05:30,22.5,91,2.24,0.97,0.0,0.0,0.0,0.0,94780.0,0.0
2023-08-27 21:00:00+05:30,22.1,92,1.88,0.73,0.0,0.0,0.0,0.0,94830.0,0.0
2023-08-27 22:00:00+05:30,21.8,94,1.7,0.32,0.0,0.0,0.0,0.0,94840.0,0.0
2023-08-27 23:00:00+05:30,21.4,95,1.93,0.1,0.0,0.0,0.0,0.0,94790.0,0.0
2023-08-28 00:00:00+05:30,21.1,96,2.21,0.14,0.0,0.0,0.0,0.0,94710.0,0.0
2023-08-28 01:00:00+05:30,21.2,96,2.21,0.49,0.0,0.0,0.0,0.0,94650.0,0.0
2023-08-28 02:00:00+05:30,21.5,95,2.34,0.62,0.0,0.0,0.0,0.0,94590.0,0.0
2023-08-28 03:00:00+05:30,21.4,96,2.5,0.86,0.0,0.0,0.0,0.0,94550.0,0.0
2023-08-28 04:00:00+05:30,21.6,94,2.62,0.62,0.0,0.0,0.0,0.0,94580.0,0.0
2023-08-28 05:00:00+05:30,22.1,93,2.18,0.52,0.0,0.0,0.0,0.0,94580.0,0.0
2023-08-28 06:00:00+05:30,22.0,93,2.82,0.92,0.0,0.0,0.0,0.0,94650.0,0.0
2023-08-28 07:00:00+05:30,23.0,88,3.16,0.48,69.0,21.0,48.0,130.9,94740.0,0.0
2023-08-28 08:00:00+05:30,24.5,81,4.93,0.57,244.0,120.0,124.0,310.3,94820.0,0.0
2023-08-28 09:00:00+05:30,25.5,75,5.12,0.87,451.0,270.0,181.0,449.6,94840.0,0.1
2023-08-28 10:00:00+05:30,26.5,71,5.11,0.33,566.0,315.0,251.0,405.3,94840.0,0.0
2023-08-28 11:00:00+05:30,27.5,66,5.1,0.25,804.0,600.0,204.0,663.4,94830.0,0.1
2023-08-28 12:00:00+05:30,28.1,61,5.4,0.44,873.0,684.0,189.0,702.4,94770.0,0.2
2023-08-28 13:00:00+05:30,27.2,66,5.7,0.87,846.0,606.0,240.0,618.0,94690.0,0.6
2023-08-28 14:00:00+05:30,26.7,71,5.16,0.14,630.0,364.0,266.0,393.9,94620.0,0.0
2023-08-28 15:00:00+05:30,26.9,65,5.51,0.44,680.0,491.0,189.0,607.5,94570.0,0.4
2023-08-28 16:00:00+05:30,25.0,79,5.22,0.8,409.0,242.0,167.0,377.5,94580.0,0.1
2023-08-28 17:00:00+05:30,24.6,78,4.65,0.85,306.0,189.0,117.0,435.8,94630.0,0.1
2023-08-28 18:00:00+05:30,23.8,83,3.41,1.0,68.0,15.0,53.0,74.8,94650.0,0.2
2023-08-28 19:00:00+05:30,23.0,89,2.91,1.0,2.0,0.0,2.0,0.0,94670.0,0.4
2023-08-28 20:00:00+05:30,22.7,91,2.75,0.84,0.0,0.0,0.0,0.0,94720.0,0.1
2023-08-28 21:00:00+05:30,22.1,93,2.47,0.38,0.0,0.0,0.0,0.0,94770.0,0.0
2023-08-28 22:00:00+05:30,21.8,95,2.16,0.6,0.0,0.0,0.0,0.0,94760.0,0.0
2023-08-28 23:00:00+05:30,21.4,96,1.65,0.96,0.0,0.0,0.0,0.0,94740.0,0.0
2023-08-29 00:00:00+05:30,21.5,95,2.12,1.0,0.0,0.0,0.0,0.0,94680.0,0.0
2023-08-29 01:00:00+05:30,21.5,95,2.44,1.0,0.0,0.0,0.0,0.0,94620.0,0.0
2023-08-29 02:00:00+05:30,21.8,94,2.66,1.0,0.0,0.0,0.0,0.0,94570.0,0.0
2023-08-29 03:00:00+05:30,21.7,94,2.82,0.97,0.0,0.0,0.0,0.0,94550.0,0.0
2023-08-29 04:00:00+05:30,21.7,94,2.82,0.99,0.0,0.0,0.0,0.0,94560.0,0.1
2023-08-29 05:00:00+05:30,22.4,92,2.11,0.91,0.0,0.0,0.0,0.0,94570.0,0.0
2023-08-29 06:00:00+05:30,22.8,91,2.33,1.0,0.0,0.0,0.0,0.0,94630.0,0.0
2023-08-29 07:00:00+05:30,23.0,89,2.5,0.46,59.0,20.0,39.0,124.9,94700.0,0.0
2023-08-29 08:00:00+05:30,24.1,83,3.01,0.35,261.0,152.0,109.0,393.5,94780.0,0.0
2023-08-29 09:00:00+05:30,25.6,74,3.61,0.31,471.0,300.0,171.0,499.9,94830.0,0.1
2023-08-29 10:00:00+05:30,26.5,69,3.57,0.17,563.0,339.0,224.0,436.5,94850.0,0.1
2023-08-29 11:00:00+05:30,27.6,64,3.74,0.33,812.0,625.0,187.0,691.4,94810.0,0.1
2023-08-29 12:00:00+05:30,28.0,63,4.05,0.5,869.0,652.0,217.0,670.1,94770.0,0.2
2023-08-29 13:00:00+05:30,28.2,63,3.83,0.38,815.0,580.0,235.0,592.2,94670.0,0.0
2023-08-29 14:00:00+05:30,28.2,62,3.96,0.36,748.0,508.0,240.0,550.6,94600.0,0.0
2023-08-29 15:00:00+05:30,26.5,72,4.74,0.81,621.0,440.0,181.0,545.6,94550.0,1.1
2023-08-29 16:00:00+05:30,26.1,76,3.47,0.21,338.0,142.0,196.0,222.3,94530.0,0.5
2023-08-29 17:00:00+05:30,26.5,70,3.76,0.24,325.0,211.0,114.0,489.5,94590.0,0.0
2023-08-29 18:00:00+05:30,25.3,75,2.96,0.17,115.0,57.0,58.0,288.5,94610.0,0.0
2023-08-29 19:00:00+05:30,24.1,81,2.31,0.08,4.0,0.0,4.0,0.0,94680.0,0.0
2023-08-29 20:00:00+05:30,23.2,86,2.12,0.08,0.0,0.0,0.0,0.0,94760.0,0.0
2023-08-29 21:00:00+05:30,22.5,90,1.8,0.06,0.0,0.0,0.0,0.0,94820.0,0.0
2023-08-29 22:00:00+05:30,21.9,94,1.9,0.1,0.0,0.0,0.0,0.0,94830.0,0.0
2023-08-29 23:00:00+05:30,21.5,97,2.1,0.07,0.0,0.0,0.0,0.0,94800.0,0.0
2023-08-30 00:00:00+05:30,21.0,99,2.24,0.38,0.0,0.0,0.0,0.0,94750.0,0.0
2023-08-30 01:00:00+05:30,20.8,99,1.99,0.23,0.0,0.0,0.0,0.0,94690.0,0.0
2023-08-30 02:00:00+05:30,20.5,99,1.65,0.97,0.0,0.0,0.0,0.0,94650.0,0.0
2023-08-30 03:00:00+05:30,20.4,100,1.41,1.0,0.0,0.0,0.0,0.0,94610.0,0.0
2023-08-30 04:00:00+05:30,20.2,100,1.26,1.0,0.0,0.0,0.0,0.0,94640.0,0.0
2023-08-30 05:00:00+05:30,20.0,100,1.24,1.0,0.0,0.0,0.0,0.0,94670.0,0.0
2023-08-30 06:00:00+05:30,20.5,100,1.0,1.0,0.0,0.0,0.0,0.0,94740.0,0.0
2023-08-30 07:00:00+05:30,21.1,98,1.12,1.0,64.0,14.0,50.0,87.5,94830.0,0.0
2023-08-30 08:00:00+05:30,23.5,85,1.32,0.31,248.0,105.0,143.0,272.2,94920.0,0.0
2023-08-30 09:00:00+05:30,25.4,77,1.14,0.07,514.0,367.0,147.0,611.9,94950.0,0.0
2023-08-30 10:00:00+05:30,27.1,67,1.48,0.22,724.0,574.0,150.0,739.4,94940.0,0.0
2023-08-30 11:00:00+05:30,28.5,58,1.3,0.14,816.0,625.0,191.0,691.9,94930.0,0.0
2023-08-30 12:00:00+05:30,29.4,54,1.53,0.15,904.0,707.0,197.0,727.2,94840.0,0.0
2023-08-30 13:00:00+05:30,30.0,52,2.16,0.18,896.0,717.0,179.0,732.9,94750.0,0.0
2023-08-30 14:00:00+05:30,30.0,52,2.53,0.28,797.0,622.0,175.0,675.3,94680.0,0.0
2023-08-30 15:00:00+05:30,29.7,53,2.97,0.29,675.0,505.0,170.0,627.7,94630.0,0.0
2023-08-30 16:00:00+05:30,28.0,64,3.99,0.3,494.0,346.0,148.0,543.7,94600.0,0.0
2023-08-30 17:00:00+05:30,27.3,69,3.79,0.24,296.0,195.0,101.0,455.2,94620.0,0.0
2023-08-30 18:00:00+05:30,26.0,75,3.38,0.24,115.0,58.0,57.0,298.2,94650.0,0.0
2023-08-30 19:00:00+05:30,24.3,83,3.01,0.17,4.0,0.0,4.0,0.0,94700.0,0.0
2023-08-30 20:00:00+05:30,23.3,88,2.22,0.08,0.0,0.0,0.0,0.0,94750.0,0.0
2023-08-30 21:00:00+05:30,22.6,92,1.91,0.05,0.0,0.0,0.0,0.0,94780.0,0.0
2023-08-30 22:00:00+05:30,22.0,96,1.51,0.06,0.0,0.0,0.0,0.0,94820.0,0.0
2023-08-30 23:00:00+05:30,21.7,97,1.58,0.07,0.0,0.0,0.0,0.0,94780.0,0.0
2023-08-31 00:00:00+05:30,21.5,98,1.33,0.19,0.0,0.0,0.0,0.0,94750.0,0.0
2023-08-31 01:00:00+05:30,21.3,99,1.26,1.0,0.0,0.0,0.0,0.0,94680.0,0.0
2023-08-31 02:00:00+05:30,21.4,98,1.93,1.0,0.0,0.0,0.0,0.0,94630.0,0.0
2023-08-31 03:00:00+05:30,21.4,98,1.7,0.93,0.0,0.0,0.0,0.0,94630.0,0.0
2023-08-31 04:00:00+05:30,21.5,97,0.28,1.0,0.0,0.0,0.0,0.0,94640.0,0.0
2023-08-31 05:00:00+05:30,22.1,96,0.36,1.0,0.0,0.0,0.0,0.0,94750.0,0.0
2023-08-31 06:00:00+05:30,21.8,98,0.57,0.43,0.0,0.0,0.0,0.0,94770.0,0.0
2023-08-31 07:00:00+05:30,23.0,93,1.14,0.95,77.0,31.0,46.0,194.1,94880.0,0.0
2023-08-31 08:00:00+05:30,24.8,83,1.36,0.64,227.0,86.0,141.0,223.2,94930.0,0.0
2023-08-31 09:00:00+05:30,26.1,78,0.2,0.24,398.0,180.0,218.0,300.3,94960.0,0.0
2023-08-31 10:00:00+05:30,27.5,72,0.63,0.43,674.0,489.0,185.0,630.3,94940.0,0.1
2023-08-31 11:00:00+05:30,28.6,67,0.6,0.36,811.0,619.0,192.0,685.7,94890.0,0.1
2023-08-31 12:00:00+05:30,29.4,64,0.4,0.2,811.0,558.0,253.0,574.5,94810.0,0.0
2023-08-31 13:00:00+05:30,30.0,61,1.0,0.39,913.0,724.0,189.0,741.0,94730.0,0.2
2023-08-31 14:00:00+05:30,30.0,60,0.9,0.35,761.0,558.0,203.0,606.9,94650.0,0.0
2023-08-31 15:00:00+05:30,30.0,59,0.82,1.0,654.0,403.0,251.0,502.2,94610.0,0.0
2023-08-31 16:00:00+05:30,29.2,59,2.32,1.0,465.0,266.0,199.0,419.5,94590.0,0.0
2023-08-31 17:00:00+05:30,27.9,69,4.16,0.2,280.0,145.0,135.0,340.7,94570.0,0.0
2023-08-31 18:00:00+05:30,26.0,79,3.61,0.25,96.0,41.0,55.0,214.2,94610.0,0.0
2023-08-31 19:00:00+05:30,24.6,85,3.21,0.18,4.0,0.0,4.0,0.0,94660.0,0.0
2023-08-31 20:00:00+05:30,23.7,89,2.3,0.05,0.0,0.0,0.0,0.0,94730.0,0.0
2023-08-31 21:00:00+05:30,23.1,92,2.1,0.19,0.0,0.0,0.0,0.0,94810.0,0.0
2023-08-31 22:00:00+05:30,22.8,94,1.7,0.18,0.0,0.0,0.0,0.0,94820.0,0.0
2023-08-31 23:00:00+05:30,22.4,97,1.17,0.39,0.0,0.0,0.0,0.0,94810.0,0.0
2023-09-01 00:00:00+05:30,22.2,97,1.35,0.83,0.0,0.0,0.0,0.0,94780.0,0.0
2023-09-01 01:00:00+05:30,22.0,98,1.53,0.51,0.0,0.0,0.0,0.0,94730.0,0.0
2023-09-01 02:00:00+05:30,22.0,98,1.22,1.0,0.0,0.0,0.0,0.0,94670.0,0.0
2023-09-01 03:00:00+05:30,22.0,98,0.85,1.0,0.0,0.0,0.0,0.0,94650.0,0.0
2023-09-01 04:00:00+05:30,22.2,96,0.9,1.0,0.0,0.0,0.0,0.0,94680.0,0.0
2023-09-01 05:00:00+05:30,23.5,96,0.92,1.0,0.0,0.0,0.0,0.0,94730.0,0.0
2023-09-01 06:00:00+05:30,23.5,90,0.91,0.67,0.0,0.0,0.0,0.0,94770.0,0.6
2023-09-01 07:00:00+05:30,23.5,93,1.3,0.82,54.0,12.0,42.0,75.2,94850.0,1.0
2023-09-01 08:00:00+05:30,23.8,89,1.75,0.58,219.0,91.0,128.0,236.5,94940.0,1.5
2023-09-01 09:00:00+05:30,25.2,84,1.6,0.32,448.0,294.0,154.0,490.9,94940.0,0.2
2023-09-01 10:00:00+05:30,26.9,77,1.08,0.15,655.0,477.0,178.0,615.2,94930.0,0.0
2023-09-01 11:00:00+05:30,28.5,71,0.5,0.18,808.0,618.0,190.0,685.1,94900.0,0.0
2023-09-01 12:00:00+05:30,29.8,65,0.3,0.13,871.0,680.0,191.0,700.7,94820.0,0.0
2023-09-01 13:00:00+05:30,30.6,61,0.57,0.11,896.0,718.0,178.0,735.8,94690.0,0.0
2023-09-01 14:00:00+05:30,30.7,60,1.48,0.12,834.0,666.0,168.0,725.6,94600.0,0.0
2023-09-01 15:00:00+05:30,30.8,58,1.49,0.42,707.0,536.0,171.0,669.6,94510.0,0.0
2023-09-01 16:00:00+05:30,30.1,58,2.37,0.28,422.0,204.0,218.0,323.0,94480.0,0.0
2023-09-01 17:00:00+05:30,27.3,69,2.4,1.0,301.0,194.0,107.0,458.9,94570.0,2.1
2023-09-01 18:00:00+05:30,26.5,76,3.51,0.17,90.0,37.0,53.0,196.6,94600.0,0.0
2023-09-01 19:00:00+05:30,25.2,83,3.42,0.12,3.0,0.0,3.0,0.0,94670.0,0.0
2023-09-01 20:00:00+05:30,24.5,87,2.77,0.28,0.0,0.0,0.0,0.0,94720.0,0.0
2023-09-01 21:00:00+05:30,24.0,90,2.66,0.69,0.0,0.0,0.0,0.0,94820.0,0.0
2023-09-01 22:00:00+05:30,23.7,91,2.0,0.32,0.0,0.0,0.0,0.0,94830.0,0.0
2023-09-01 23:00:00+05:30,23.5,91,1.91,0.44,0.0,0.0,0.0,0.0,94810.0,0.0
2023-09-02 00:00:00+05:30,23.1,92,1.41,0.22,0.0,0.0,0.0,0.0,94750.0,0.0
2023-09-02 01:00:00+05:30,22.5,95,1.0,0.97,0.0,0.0,0.0,0.0,94700.0,0.0
2023-09-02 02:00:00+05:30,22.0,97,1.0,0.91,0.0,0.0,0.0,0.0,94610.0,0.0
2023-09-02 03:00:00+05:30,22.0,98,0.91,0.97,0.0,0.0,0.0,0.0,94610.0,0.0
2023-09-02 04:00:00+05:30,21.9,98,0.92,0.8,0.0,0.0,0.0,0.0,94620.0,0.0
2023-09-02 05:00:00+05:30,22.6,98,1.82,0.46,0.0,0.0,0.0,0.0,94630.0,0.0
2023-09-02 06:00:00+05:30,22.5,98,0.82,0.22,0.0,0.0,0.0,0.0,94700.0,0.0
2023-09-02 07:00:00+05:30,23.9,92,1.68,0.31,80.0,35.0,45.0,219.8,94790.0,0.0
2023-09-02 08:00:00+05:30,25.5,83,2.22,0.28,281.0,171.0,110.0,444.9,94890.0,0.0
2023-09-02 09:00:00+05:30,26.1,80,3.2,1.0,472.0,317.0,155.0,529.7,94930.0,0.0
2023-09-02 10:00:00+05:30,26.5,78,2.11,0.99,430.0,192.0,238.0,247.8,94920.0,0.2
2023-09-02 11:00:00+05:30,28.7,67,1.73,1.0,753.0,466.0,287.0,517.0,94890.0,0.1
2023-09-02 12:00:00+05:30,29.6,60,2.12,0.59,761.0,476.0,285.0,491.0,94790.0,0.1
2023-09-02 13:00:00+05:30,27.5,67,4.14,1.0,840.0,596.0,244.0,611.6,94720.0,0.7
2023-09-02 14:00:00+05:30,27.6,70,3.42,0.41,534.0,258.0,276.0,281.6,94630.0,0.6
2023-09-02 15:00:00+05:30,27.9,69,3.76,0.3,659.0,464.0,195.0,581.2,94540.0,0.7
2023-09-02 16:00:00+05:30,28.0,68,3.86,0.33,476.0,303.0,173.0,481.7,94520.0,0.1
2023-09-02 17:00:00+05:30,25.9,76,4.5,0.74,291.0,183.0,108.0,435.9,94580.0,0.2
2023-09-02 18:00:00+05:30,24.7,82,3.7,1.0,76.0,21.0,55.0,113.5,94620.0,0.0
2023-09-02 19:00:00+05:30,24.0,85,2.18,0.99,3.0,0.0,3.0,0.0,94640.0,0.0
2023-09-02 20:00:00+05:30,23.4,88,2.01,1.0,0.0,0.0,0.0,0.0,94700.0,0.0
2023-09-02 21:00:00+05:30,23.1,90,1.08,0.42,0.0,0.0,0.0,0.0,94760.0,0.0
2023-09-02 22:00:00+05:30,22.8,92,1.49,0.55,0.0,0.0,0.0,0.0,94760.0,0.0
2023-09-02 23:00:00+05:30,22.5,94,1.3,0.33,0.0,0.0,0.0,0.0,94720.0,0.0
2023-09-03 00:00:00+05:30,22.2,95,1.49,0.95,0.0,0.0,0.0,0.0,94650.0,0.0
2023-09-03 01:00:00+05:30,22.0,96,1.4,1.0,0.0,0.0,0.0,0.0,94580.0,0.0
2023-09-03 02:00:00+05:30,21.9,97,1.6,1.0,0.0,0.0,0.0,0.0,94530.0,0.0
2023-09-03 03:00:00+05:30,21.7,97,1.8,0.96,0.0,0.0,0.0,0.0,94520.0,0.0
2023-09-03 04:00:00+05:30,21.5,97,1.7,0.28,0.0,0.0,0.0,0.0,94520.0,0.0
2023-09-03 05:00:00+05:30,21.9,95,2.01,0.21,0.0,0.0,0.0,0.0,94580.0,0.0
2023-09-03 06:00:00+05:30,21.9,94,1.75,0.99,0.0,0.0,0.0,0.0,94640.0,0.0
2023-09-03 07:00:00+05:30,23.4,85,2.4,0.89,76.0,26.0,50.0,163.5,94690.0,0.0
2023-09-03 08:00:00+05:30,25.0,79,2.2,0.97,284.0,178.0,106.0,463.6,94760.0,0.0
2023-09-03 09:00:00+05:30,26.5,73,2.73,0.17,498.0,346.0,152.0,578.6,94790.0,0.0
2023-09-03 10:00:00+05:30,27.8,66,2.47,0.45,687.0,510.0,177.0,658.7,94780.0,0.1
2023-09-03 11:00:00+05:30,28.6,63,2.26,0.44,715.0,470.0,245.0,521.9,94730.0,0.2
2023-09-03 12:00:00+05:30,29.1,62,2.82,0.35,745.0,515.0,230.0,531.8,94650.0,0.1
2023-09-03 13:00:00+05:30,27.7,68,3.24,0.89,849.0,588.0,261.0,604.2,94580.0,0.8
2023-09-03 14:00:00+05:30,27.5,73,4.07,0.37,627.0,304.0,323.0,332.5,94510.0,0.7
2023-09-03 15:00:00+05:30,26.5,79,3.0,0.72,664.0,467.0,197.0,586.6,94470.0,3.2
2023-09-03 16:00:00+05:30,26.2,78,4.39,0.81,397.0,189.0,208.0,301.7,94400.0,0.3
2023-09-03 17:00:00+05:30,25.4,80,3.93,0.82,231.0,107.0,124.0,256.7,94450.0,0.6
2023-09-03 18:00:00+05:30,24.0,87,3.55,0.78,77.0,21.0,56.0,115.5,94500.0,0.0
2023-09-03 19:00:00+05:30,23.5,88,2.89,1.0,2.0,0.0,2.0,0.0,94560.0,0.0
2023-09-03 20:00:00+05:30,23.2,89,2.89,1.0,0.0,0.0,0.0,0.0,94600.0,0.0
2023-09-03 21:00:00+05:30,22.8,91,2.7,1.0,0.0,0.0,0.0,0.0,94640.0,0.0
2023-09-03 22:00:00+05:30,22.5,92,2.32,1.0,0.0,0.0,0.0,0.0,94680.0,0.0
2023-09-03 23:00:00+05:30,22.5,92,2.4,1.0,0.0,0.0,0.0,0.0,94650.0,0.0
2023-09-04 00:00:00+05:30,22.4,92,2.57,0.96,0.0,0.0,0.0,0.0,94580.0,0.0
2023-09-04 01:00:00+05:30,21.9,94,2.01,1.0,0.0,0.0,0.0,0.0,94530.0,0.0
2023-09-04 02:00:00+05:30,21.9,93,1.88,1.0,0.0,0.0,0.0,0.0,94460.0,0.0
2023-09-04 03:00:00+05:30,21.6,94,2.2,1.0,0.0,0.0,0.0,0.0,94420.0,0.0
2023-09-04 04:00:00+05:30,21.5,94,2.57,1.0,0.0,0.0,0.0,0.0,94430.0,0.0
2023-09-04 05:00:00+05:30,21.3,93,1.87,0.28,0.0,0.0,0.0,0.0,94440.0,0.0
2023-09-04 06:00:00+05:30,21.5,91,1.46,1.0,0.0,0.0,0.0,0.0,94490.0,0.0
2023-09-04 07:00:00+05:30,22.9,86,3.4,1.0,63.0,9.0,54.0,56.7,94590.0,0.0
2023-09-04 08:00:00+05:30,24.0,82,3.76,1.0,167.0,26.0,141.0,67.8,94670.0,0.0
2023-09-04 09:00:00+05:30,25.5,75,3.89,0.42,349.0,110.0,239.0,184.1,94670.0,0.1
2023-09-04 10:00:00+05:30,26.8,71,3.74,0.96,596.0,386.0,210.0,498.9,94670.0,0.2
2023-09-04 11:00:00+05:30,27.9,66,3.91,0.87,778.0,526.0,252.0,584.5,94620.0,0.2
2023-09-04 12:00:00+05:30,28.4,64,3.58,0.55,762.0,552.0,210.0,570.6,94550.0,0.0
2023-09-04 13:00:00+05:30,29.0,64,3.79,0.82,865.0,671.0,194.0,690.5,94460.0,0.0
2023-09-04 14:00:00+05:30,27.9,67,4.8,0.88,775.0,460.0,315.0,504.1,94360.0,0.1
2023-09-04 15:00:00+05:30,26.2,77,3.57,0.88,459.0,231.0,228.0,291.0,94310.0,1.4
2023-09-04 16:00:00+05:30,26.3,74,4.02,0.98,432.0,243.0,189.0,389.5,94280.0,1.3
2023-09-04 17:00:00+05:30,26.0,75,4.0,1.0,246.0,119.0,127.0,287.5,94330.0,2.5
2023-09-04 18:00:00+05:30,24.8,78,3.77,0.89,98.0,45.0,53.0,252.1,94390.0,0.0
2023-09-04 19:00:00+05:30,23.8,84,3.4,1.0,2.0,0.0,2.0,0.0,94460.0,0.0
2023-09-04 20:00:00+05:30,23.3,87,2.77,1.0,0.0,0.0,0.0,0.0,94510.0,0.0
2023-09-04 21:00:00+05:30,22.7,90,2.45,1.0,0.0,0.0,0.0,0.0,94580.0,0.0
2023-09-04 22:00:00+05:30,22.2,93,2.11,1.0,0.0,0.0,0.0,0.0,94590.0,0.0
2023-09-04 23:00:00+05:30,21.8,95,2.41,1.0,0.0,0.0,0.0,0.0,94570.0,0.0
2023-09-05 00:00:00+05:30,21.5,95,2.5,1.0,0.0,0.0,0.0,0.0,94510.0,0.0
2023-09-05 01:00:00+05:30,21.1,96,2.21,1.0,0.0,0.0,0.0,0.0,94470.0,0.0
2023-09-05 02:00:00+05:30,21.1,96,2.3,0.98,0.0,0.0,0.0,0.0,94420.0,0.0
2023-09-05 03:00:00+05:30,20.8,96,2.12,0.58,0.0,0.0,0.0,0.0,94380.0,0.0
2023-09-05 04:00:00+05:30,20.5,96,1.9,0.91,0.0,0.0,0.0,0.0,94390.0,0.0
2023-09-05 05:00:00+05:30,20.7,97,2.02,1.0,0.0,0.0,0.0,0.0,94400.0,0.0
2023-09-05 06:00:00+05:30,20.9,97,2.24,0.51,0.0,0.0,0.0,0.0,94450.0,0.0
2023-09-05 07:00:00+05:30,22.3,88,2.89,0.77,71.0,25.0,46.0,157.7,94520.0,0.0
2023-09-05 08:00:00+05:30,24.0,80,3.01,0.27,267.0,146.0,121.0,381.2,94620.0,0.0
2023-09-05 09:00:00+05:30,25.6,72,3.26,0.18,510.0,368.0,142.0,616.3,94660.0,0.0
2023-09-05 10:00:00+05:30,27.1,66,3.62,0.38,713.0,551.0,162.0,712.7,94660.0,0.0
2023-09-05 11:00:00+05:30,28.0,61,3.61,0.26,793.0,539.0,254.0,599.5,94620.0,0.0
2023-09-05 12:00:00+05:30,28.9,57,3.38,0.3,865.0,662.0,203.0,685.1,94540.0,0.0
2023-09-05 13:00:00+05:30,29.0,56,3.0,0.35,813.0,567.0,246.0,584.4,94440.0,0.0
2023-09-05 14:00:00+05:30,29.2,55,3.49,0.25,771.0,582.0,189.0,639.1,94330.0,0.1
2023-09-05 15:00:00+05:30,28.9,57,4.11,0.28,671.0,472.0,199.0,596.3,94250.0,0.2
2023-09-05 16:00:00+05:30,28.0,61,4.37,0.25,485.0,345.0,140.0,555.5,94220.0,0.0
2023-09-05 17:00:00+05:30,27.0,67,4.18,0.68,280.0,177.0,103.0,430.8,94230.0,0.0
2023-09-05 18:00:00+05:30,25.6,72,3.23,0.47,101.0,49.0,52.0,279.8,94310.0,0.0
2023-09-05 19:00:00+05:30,24.4,80,3.13,0.24,2.0,0.0,2.0,0.0,94360.0,0.0
2023-09-05 20:00:00+05:30,23.5,86,2.83,0.39,0.0,0.0,0.0,0.0,94430.0,0.0
2023-09-05 21:00:00+05:30,23.0,89,2.81,0.88,0.0,0.0,0.0,0.0,94510.0,0.0
2023-09-05 22:00:00+05:30,22.6,91,2.7,0.98,0.0,0.0,0.0,0.0,94510.0,0.0
2023-09-05 23:00:00+05:30,22.1,94,2.1,0.95,0.0,0.0,0.0,0.0,94490.0,0.0
2023-09-06 00:00:00+05:30,22.1,93,2.41,1.0,0.0,0.0,0.0,0.0,94470.0,0.0
2023-09-06 01:00:00+05:30,21.6,94,2.21,1.0,0.0,0.0,0.0,0.0,94440.0,0.0
2023-09-06 02:00:00+05:30,21.2,95,2.11,0.9,0.0,0.0,0.0,0.0,94380.0,0.0
2023-09-06 03:00:00+05:30,21.0,96,2.31,0.32,0.0,0.0,0.0,0.0,94360.0,0.0
2023-09-06 04:00:00+05:30,21.1,96,2.2,0.29,0.0,0.0,0.0,0.0,94340.0,0.0
2023-09-06 05:00:00+05:30,21.7,94,2.3,0.49,0.0,0.0,0.0,0.0,94420.0,0.0
2023-09-06 06:00:00+05:30,21.9,93,2.71,0.9,0.0,0.0,0.0,0.0,94450.0,0.0
2023-09-06 07:00:00+05:30,23.0,87,3.32,0.95,76.0,28.0,48.0,176.8,94530.0,0.0
2023-09-06 08:00:00+05:30,24.5,78,3.52,0.92,272.0,158.0,114.0,413.1,94610.0,0.0
2023-09-06 09:00:00+05:30,26.0,71,4.59,1.0,462.0,290.0,172.0,486.1,94650.0,0.0
2023-09-06 10:00:00+05:30,27.0,66,4.53,1.0,598.0,326.0,272.0,422.0,94640.0,0.0
2023-09-06 11:00:00+05:30,27.6,64,4.4,0.99,680.0,335.0,345.0,373.0,94610.0,0.1
2023-09-06 12:00:00+05:30,28.4,61,4.11,1.0,766.0,432.0,334.0,447.6,94550.0,0.2
2023-09-06 13:00:00+05:30,28.6,60,4.59,0.71,747.0,419.0,328.0,432.5,94430.0,0.1
2023-09-06 14:00:00+05:30,28.2,64,5.25,0.98,735.0,526.0,209.0,578.8,94350.0,0.1
2023-09-06 15:00:00+05:30,27.9,65,5.14,1.0,540.0,304.0,236.0,385.2,94260.0,0.1
2023-09-06 16:00:00+05:30,27.1,69,5.3,0.99,367.0,155.0,212.0,250.7,94230.0,0.0
2023-09-06 17:00:00+05:30,26.6,72,5.44,0.82,262.0,125.0,137.0,306.6,94270.0,0.0
2023-09-06 18:00:00+05:30,24.9,80,4.49,0.13,98.0,46.0,52.0,267.8,94340.0,0.0
2023-09-06 19:00:00+05:30,23.8,85,3.65,0.17,2.0,0.0,2.0,0.0,94440.0,0.0
2023-09-06 20:00:00+05:30,23.1,89,3.01,0.88,0.0,0.0,0.0,0.0,94470.0,0.0
2023-09-06 21:00:00+05:30,22.9,90,2.61,1.0,0.0,0.0,0.0,0.0,94560.0,0.0
2023-09-06 22:00:00+05:30,22.9,91,2.83,0.97,0.0,0.0,0.0,0.0,94550.0,0.0
2023-09-06 23:00:00+05:30,22.7,92,2.7,1.0,0.0,0.0,0.0,0.0,94530.0,0.0
2023-09-07 00:00:00+05:30,22.8,91,3.28,0.96,0.0,0.0,0.0,0.0,94480.0,0.0
2023-09-07 01:00:00+05:30,22.6,92,3.11,1.0,0.0,0.0,0.0,0.0,94420.0,0.0
2023-09-07 02:00:00+05:30,22.6,91,3.35,1.0,0.0,0.0,0.0,0.0,94390.0,0.0
2023-09-07 03:00:00+05:30,22.6,91,3.51,1.0,0.0,0.0,0.0,0.0,94370.0,0.0
2023-09-07 04:00:00+05:30,22.9,89,3.81,1.0,0.0,0.0,0.0,0.0,94360.0,0.0
2023-09-07 05:00:00+05:30,22.9,89,4.1,1.0,0.0,0.0,0.0,0.0,94360.0,0.0
2023-09-07 06:00:00+05:30,22.6,89,3.9,0.99,0.0,0.0,0.0,0.0,94410.0,0.0
2023-09-07 07:00:00+05:30,23.2,86,4.02,0.99,54.0,12.0,42.0,75.9,94490.0,0.0
2023-09-07 08:00:00+05:30,23.9,83,4.2,0.99,126.0,9.0,117.0,23.6,94550.0,0.0
2023-09-07 09:00:00+05:30,25.8,73,6.12,1.0,410.0,221.0,189.0,370.8,94580.0,0.0
2023-09-07 10:00:00+05:30,26.3,71,6.2,0.92,495.0,179.0,316.0,231.9,94570.0,0.1
2023-09-07 11:00:00+05:30,27.1,68,5.89,1.0,670.0,344.0,326.0,383.4,94540.0,0.2
2023-09-07 12:00:00+05:30,26.4,73,6.14,0.97,539.0,179.0,360.0,185.7,94470.0,0.3
2023-09-07 13:00:00+05:30,27.0,71,5.77,1.0,628.0,317.0,311.0,327.8,94360.0,0.2
2023-09-07 14:00:00+05:30,26.7,72,6.41,1.0,602.0,322.0,280.0,355.1,94280.0,0.1
2023-09-07 15:00:00+05:30,25.5,78,5.6,1.0,329.0,39.0,290.0,49.6,94260.0,0.3
2023-09-07 16:00:00+05:30,24.5,83,4.9,1.0,87.0,6.0,81.0,9.7,94260.0,0.6
2023-09-07 17:00:00+05:30,24.0,84,4.73,1.0,59.0,4.0,55.0,9.9,94330.0,0.0
2023-09-07 18:00:00+05:30,23.2,87,4.1,1.0,73.0,17.0,56.0,99.9,94370.0,0.1
2023-09-07 19:00:00+05:30,22.5,89,3.61,1.0,1.0,0.0,1.0,0.0,94440.0,1.3
2023-09-07 20:00:00+05:30,22.5,89,3.5,1.0,0.0,0.0,0.0,0.0,94490.0,0.0
2023-09-07 21:00:00+05:30,22.4,90,4.03,1.0,0.0,0.0,0.0,0.0,94510.0,0.1
2023-09-07 22:00:00+05:30,22.4,91,3.44,1.0,0.0,0.0,0.0,0.0,94540.0,0.0
2023-09-07 23:00:00+05:30,22.4,92,3.61,1.0,0.0,0.0,0.0,0.0,94530.0,0.0
2023-09-08 00:00:00+05:30,22.3,92,3.52,1.0,0.0,0.0,0.0,0.0,94480.0,0.1
2023-09-08 01:00:00+05:30,22.2,92,3.7,1.0,0.0,0.0,0.0,0.0,94410.0,0.3
2023-09-08 02:00:00+05:30,22.4,92,3.91,0.99,0.0,0.0,0.0,0.0,94320.0,0.1
2023-09-08 03:00:00+05:30,22.5,93,4.2,1.0,0.0,0.0,0.0,0.0,94290.0,0.0
2023-09-08 04:00:00+05:30,22.7,92,4.15,1.0,0.0,0.0,0.0,0.0,94290.0,0.0
2023-09-08 05:00:00+05:30,23.0,93,4.83,1.0,0.0,0.0,0.0,0.0,94330.0,0.0
2023-09-08 06:00:00+05:30,23.0,94,4.6,1.0,0.0,0.0,0.0,0.0,94330.0,0.3
2023-09-08 07:00:00+05:30,23.5,92,4.42,1.0,47.0,4.0,43.0,25.3,94430.0,0.2
2023-09-08 08:00:00+05:30,24.4,88,5.46,1.0,161.0,31.0,130.0,81.3,94520.0,0.1
2023-09-08 09:00:00+05:30,24.3,90,4.73,1.0,151.0,6.0,145.0,10.1,94570.0,0.1
2023-09-08 10:00:00+05:30,24.7,89,4.5,0.86,265.0,29.0,236.0,37.6,94580.0,0.3
2023-09-08 11:00:00+05:30,26.5,80,5.87,0.96,781.0,534.0,247.0,595.7,94550.0,7.0
2023-09-08 12:00:00+05:30,25.5,86,6.21,1.0,545.0,256.0,289.0,265.9,94530.0,14.5
2023-09-08 13:00:00+05:30,24.4,86,5.92,1.0,217.0,20.0,197.0,20.7,94440.0,2.7
2023-09-08 14:00:00+05:30,24.2,87,6.5,1.0,266.0,11.0,255.0,12.2,94360.0,1.5
2023-09-08 15:00:00+05:30,23.9,94,6.02,1.0,303.0,26.0,277.0,33.1,94340.0,1.7
2023-09-08 16:00:00+05:30,23.7,91,5.59,1.0,207.0,15.0,192.0,24.5,94330.0,1.2
2023-09-08 17:00:00+05:30,23.1,91,4.23,1.0,103.0,1.0,102.0,2.5,94350.0,1.3
2023-09-08 18:00:00+05:30,23.1,94,3.6,1.0,20.0,0.0,20.0,0.0,94370.0,3.0
2023-09-08 19:00:00+05:30,23.0,94,3.67,1.0,0.0,0.0,0.0,0.0,94430.0,1.9
2023-09-08 20:00:00+05:30,23.0,94,3.42,1.0,0.0,0.0,0.0,0.0,94490.0,1.1
2023-09-08 21:00:00+05:30,23.0,94,3.91,1.0,0.0,0.0,0.0,0.0,94550.0,0.9
2023-09-08 22:00:00+05:30,22.9,95,3.5,1.0,0.0,0.0,0.0,0.0,94570.0,0.5
2023-09-08 23:00:00+05:30,22.9,94,4.01,1.0,0.0,0.0,0.0,0.0,94530.0,0.5
2023-09-09 00:00:00+05:30,23.0,94,4.0,1.0,0.0,0.0,0.0,0.0,94500.0,0.5
2023-09-09 01:00:00+05:30,22.9,94,3.82,1.0,0.0,0.0,0.0,0.0,94430.0,0.4
2023-09-09 02:00:00+05:30,23.0,94,3.81,1.0,0.0,0.0,0.0,0.0,94400.0,0.3
2023-09-09 03:00:00+05:30,22.9,94,3.55,1.0,0.0,0.0,0.0,0.0,94360.0,0.2
2023-09-09 04:00:00+05:30,22.8,94,4.06,1.0,0.0,0.0,0.0,0.0,94380.0,0.1
2023-09-09 05:00:00+05:30,23.2,94,3.7,1.0,0.0,0.0,0.0,0.0,94380.0,0.2
2023-09-09 06:00:00+05:30,23.1,94,3.3,1.0,0.0,0.0,0.0,0.0,94430.0,1.2
2023-09-09 07:00:00+05:30,23.4,94,3.9,1.0,27.0,0.0,27.0,0.0,94490.0,0.4
2023-09-09 08:00:00+05:30,24.4,91,4.98,1.0,156.0,21.0,135.0,55.1,94550.0,0.3
2023-09-09 09:00:00+05:30,24.8,85,5.38,1.0,350.0,145.0,205.0,243.7,94610.0,1.8
2023-09-09 10:00:00+05:30,25.9,85,4.78,1.0,481.0,265.0,216.0,344.0,94660.0,0.7
2023-09-09 11:00:00+05:30,25.5,81,5.17,1.0,517.0,157.0,360.0,175.3,94620.0,1.6
2023-09-09 12:00:00+05:30,25.9,78,5.46,1.0,496.0,157.0,339.0,163.3,94570.0,0.7
2023-09-09 13:00:00+05:30,26.9,74,6.05,1.0,716.0,408.0,308.0,423.3,94470.0,0.1
2023-09-09 14:00:00+05:30,26.8,75,5.97,1.0,663.0,367.0,296.0,406.6,94410.0,0.2
2023-09-09 15:00:00+05:30,27.2,72,6.33,1.0,652.0,454.0,198.0,580.6,94360.0,0.1
2023-09-09 16:00:00+05:30,26.0,78,5.97,0.99,402.0,212.0,190.0,347.6,94330.0,0.3
2023-09-09 17:00:00+05:30,24.7,87,4.61,1.0,253.0,113.0,140.0,283.7,94360.0,0.0
2023-09-09 18:00:00+05:30,24.1,90,4.2,0.63,69.0,17.0,52.0,101.9,94380.0,0.5
2023-09-09 19:00:00+05:30,23.2,92,2.84,0.97,1.0,0.0,1.0,0.0,94440.0,0.1
2023-09-09 20:00:00+05:30,22.8,94,2.92,1.0,0.0,0.0,0.0,0.0,94480.0,0.0
2023-09-09 21:00:00+05:30,22.7,95,2.62,1.0,0.0,0.0,0.0,0.0,94540.0,0.0
2023-09-09 22:00:00+05:30,22.9,95,2.82,1.0,0.0,0.0,0.0,0.0,94610.0,0.0
2023-09-09 23:00:00+05:30,23.0,95,3.26,1.0,0.0,0.0,0.0,0.0,94580.0,0.0
2023-09-10 00:00:00+05:30,22.8,96,3.38,1.0,0.0,0.0,0.0,0.0,94510.0,0.0
2023-09-10 01:00:00+05:30,22.8,96,3.35,1.0,0.0,0.0,0.0,0.0,94470.0,0.0
2023-09-10 02:00:00+05:30,22.9,95,3.93,1.0,0.0,0.0,0.0,0.0,94390.0,0.0
2023-09-10 03:00:00+05:30,23.0,94,3.52,1.0,0.0,0.0,0.0,0.0,94380.0,0.0
2023-09-10 04:00:00+05:30,22.9,94,3.55,1.0,0.0,0.0,0.0,0.0,94360.0,0.0
2023-09-10 05:00:00+05:30,23.0,94,3.24,1.0,0.0,0.0,0.0,0.0,94400.0,0.0
2023-09-10 06:00:00+05:30,23.1,93,3.61,1.0,0.0,0.0,0.0,0.0,94440.0,0.1
2023-09-10 07:00:00+05:30,23.2,91,3.81,1.0,64.0,17.0,47.0,108.0,94490.0,0.0
2023-09-10 08:00:00+05:30,24.1,86,5.21,1.0,219.0,92.0,127.0,241.8,94550.0,0.0
2023-09-10 09:00:00+05:30,25.5,79,5.9,1.0,402.0,200.0,202.0,336.5,94590.0,0.0
2023-09-10 10:00:00+05:30,26.7,72,5.91,1.0,610.0,357.0,253.0,463.8,94580.0,0.0
2023-09-10 11:00:00+05:30,26.6,72,5.91,1.0,502.0,186.0,316.0,208.0,94570.0,0.0
2023-09-10 12:00:00+05:30,27.6,70,5.8,1.0,756.0,370.0,386.0,385.4,94540.0,0.0
2023-09-10 13:00:00+05:30,27.1,74,6.41,1.0,769.0,440.0,329.0,457.3,94440.0,0.1
2023-09-10 14:00:00+05:30,27.1,73,6.22,1.0,670.0,378.0,292.0,419.7,94380.0,0.0
2023-09-10 15:00:00+05:30,26.7,74,6.0,1.0,613.0,330.0,283.0,423.4,94330.0,0.1
2023-09-10 16:00:00+05:30,26.0,75,5.8,1.0,448.0,254.0,194.0,418.4,94310.0,0.0
2023-09-10 17:00:00+05:30,25.5,77,4.5,1.0,251.0,119.0,132.0,301.2,94390.0,0.0
2023-09-10 18:00:00+05:30,24.2,82,3.7,1.0,68.0,10.0,58.0,60.6,94420.0,0.0
2023-09-10 19:00:00+05:30,23.2,87,3.51,1.0,1.0,0.0,1.0,0.0,94440.0,0.0
2023-09-10 20:00:00+05:30,22.9,92,3.03,1.0,0.0,0.0,0.0,0.0,94500.0,0.0
2023-09-10 21:00:00+05:30,22.6,94,2.65,1.0,0.0,0.0,0.0,0.0,94580.0,0.0
2023-09-10 22:00:00+05:30,22.8,93,2.47,1.0,0.0,0.0,0.0,0.0,94620.0,0.0
2023-09-10 23:00:00+05:30,22.3,94,2.14,1.0,0.0,0.0,0.0,0.0,94570.0,0.0
2023-09-11 00:00:00+05:30,22.1,95,2.18,1.0,0.0,0.0,0.0,0.0,94520.0,0.0
2023-09-11 01:00:00+05:30,22.0,96,1.91,1.0,0.0,0.0,0.0,0.0,94490.0,0.0
2023-09-11 02:00:00+05:30,22.4,94,2.47,1.0,0.0,0.0,0.0,0.0,94460.0,0.0
2023-09-11 03:00:00+05:30,22.7,92,2.91,1.0,0.0,0.0,0.0,0.0,94450.0,0.0
2023-09-11 04:00:00+05:30,22.8,92,3.04,1.0,0.0,0.0,0.0,0.0,94430.0,0.0
2023-09-11 05:00:00+05:30,22.8,96,2.91,1.0,0.0,0.0,0.0,0.0,94440.0,0.0
2023-09-11 06:00:00+05:30,23.3,94,2.4,1.0,0.0,0.0,0.0,0.0,94460.0,0.1
2023-09-11 07:00:00+05:30,23.9,91,3.21,1.0,32.0,0.0,32.0,0.0,94530.0,0.3
2023-09-11 08:00:00+05:30,24.1,89,3.5,0.64,114.0,29.0,85.0,76.3,94620.0,0.2
2023-09-11 09:00:00+05:30,25.4,82,4.91,0.41,391.0,192.0,199.0,323.4,94680.0,0.1
2023-09-11 10:00:00+05:30,26.2,77,5.49,0.64,585.0,365.0,220.0,474.7,94660.0,0.1
2023-09-11 11:00:00+05:30,27.0,74,5.79,0.55,757.0,542.0,215.0,606.7,94660.0,0.3
2023-09-11 12:00:00+05:30,26.7,73,6.05,0.69,729.0,483.0,246.0,503.8,94600.0,0.9
2023-09-11 13:00:00+05:30,27.5,71,5.3,0.78,756.0,513.0,243.0,534.1,94530.0,0.7
2023-09-11 14:00:00+05:30,27.8,69,5.91,0.39,817.0,616.0,201.0,685.6,94440.0,0.1
2023-09-11 15:00:00+05:30,26.6,74,5.84,0.49,654.0,486.0,168.0,625.6,94400.0,0.1
2023-09-11 16:00:00+05:30,26.0,76,5.33,0.69,480.0,327.0,153.0,541.3,94380.0,0.0
2023-09-11 17:00:00+05:30,24.7,82,4.4,0.52,271.0,154.0,117.0,393.0,94440.0,0.0
2023-09-11 18:00:00+05:30,23.7,86,3.5,0.83,85.0,40.0,45.0,244.7,94480.0,0.0
2023-09-11 19:00:00+05:30,23.5,89,2.9,0.9,1.0,0.0,1.0,0.0,94550.0,0.0
2023-09-11 20:00:00+05:30,23.4,89,3.01,0.37,0.0,0.0,0.0,0.0,94610.0,0.0
2023-09-11 21:00:00+05:30,22.9,90,2.6,0.42,0.0,0.0,0.0,0.0,94680.0,0.0
2023-09-11 22:00:00+05:30,22.5,91,2.51,0.39,0.0,0.0,0.0,0.0,94720.0,0.0
2023-09-11 23:00:00+05:30,22.2,92,2.73,0.97,0.0,0.0,0.0,0.0,94670.0,0.0
2023-09-12 00:00:00+05:30,22.0,92,2.65,0.99,0.0,0.0,0.0,0.0,94640.0,0.0
2023-09-12 01:00:00+05:30,21.6,94,2.42,1.0,0.0,0.0,0.0,0.0,94570.0,0.0
2023-09-12 02:00:00+05:30,21.7,93,2.92,1.0,0.0,0.0,0.0,0.0,94500.0,0.0
2023-09-12 03:00:00+05:30,21.2,95,2.92,1.0,0.0,0.0,0.0,0.0,94440.0,0.0
2023-09-12 04:00:00+05:30,21.0,95,2.7,1.0,0.0,0.0,0.0,0.0,94460.0,0.0
2023-09-12 05:00:00+05:30,21.0,95,2.5,1.0,0.0,0.0,0.0,0.0,94520.0,0.0
2023-09-12 06:00:00+05:30,21.2,94,2.52,0.37,0.0,0.0,0.0,0.0,94580.0,0.0
2023-09-12 07:00:00+05:30,22.7,87,3.61,0.25,77.0,35.0,42.0,223.2,94620.0,0.0
2023-09-12 08:00:00+05:30,24.2,81,3.9,0.63,275.0,172.0,103.0,453.5,94690.0,0.0
2023-09-12 09:00:00+05:30,25.7,73,4.9,0.8,479.0,322.0,157.0,543.0,94730.0,0.0
2023-09-12 10:00:00+05:30,26.9,67,5.2,0.67,622.0,397.0,225.0,516.9,94750.0,0.0
2023-09-12 11:00:00+05:30,28.0,62,5.1,0.91,798.0,558.0,240.0,625.4,94750.0,0.0
2023-09-12 12:00:00+05:30,28.0,62,5.02,1.0,707.0,369.0,338.0,385.5,94690.0,0.1
2023-09-12 13:00:00+05:30,28.1,62,5.12,1.0,856.0,631.0,225.0,658.2,94590.0,0.8
2023-09-12 14:00:00+05:30,27.0,66,5.61,0.95,629.0,297.0,332.0,331.4,94540.0,0.5
2023-09-12 15:00:00+05:30,27.0,67,5.71,0.33,602.0,411.0,191.0,530.8,94500.0,0.1
2023-09-12 16:00:00+05:30,25.9,75,4.61,0.32,475.0,339.0,136.0,563.9,94470.0,0.5
2023-09-12 17:00:00+05:30,25.0,76,4.62,0.99,245.0,146.0,99.0,375.7,94490.0,0.0
2023-09-12 18:00:00+05:30,23.9,81,3.41,0.8,87.0,41.0,46.0,253.5,94530.0,0.0
2023-09-12 19:00:00+05:30,22.9,86,3.01,1.0,1.0,0.0,1.0,0.0,94570.0,0.0
2023-09-12 20:00:00+05:30,22.2,90,2.2,1.0,0.0,0.0,0.0,0.0,94630.0,0.0
2023-09-12 21:00:00+05:30,21.8,93,1.9,1.0,0.0,0.0,0.0,0.0,94730.0,0.0
2023-09-12 22:00:00+05:30,21.6,94,1.94,1.0,0.0,0.0,0.0,0.0,94750.0,0.0
2023-09-12 23:00:00+05:30,21.5,95,2.21,1.0,0.0,0.0,0.0,0.0,94720.0,0.0
2023-09-13 00:00:00+05:30,21.8,94,2.47,1.0,0.0,0.0,0.0,0.0,94670.0,0.0
2023-09-13 01:00:00+05:30,21.8,94,2.33,1.0,0.0,0.0,0.0,0.0,94600.0,0.0
2023-09-13 02:00:00+05:30,21.5,95,2.47,1.0,0.0,0.0,0.0,0.0,94540.0,0.0
2023-09-13 03:00:00+05:30,21.6,93,2.93,1.0,0.0,0.0,0.0,0.0,94510.0,0.0
2023-09-13 04:00:00+05:30,21.9,91,2.71,1.0,0.0,0.0,0.0,0.0,94490.0,0.0
2023-09-13 05:00:00+05:30,22.0,94,2.31,1.0,0.0,0.0,0.0,0.0,94500.0,0.0
2023-09-13 06:00:00+05:30,22.0,93,2.31,1.0,0.0,0.0,0.0,0.0,94540.0,0.0
2023-09-13 07:00:00+05:30,23.1,87,3.55,0.99,50.0,12.0,38.0,76.7,94610.0,0.0
2023-09-13 08:00:00+05:30,24.3,82,4.34,0.39,272.0,169.0,103.0,446.4,94680.0,0.0
2023-09-13 09:00:00+05:30,25.6,75,4.4,1.0,467.0,300.0,167.0,506.5,94690.0,0.0
2023-09-13 10:00:00+05:30,26.8,69,4.5,0.64,652.0,445.0,207.0,580.1,94710.0,0.0
2023-09-13 11:00:00+05:30,27.4,66,4.73,0.43,769.0,589.0,180.0,661.0,94660.0,0.0
2023-09-13 12:00:00+05:30,27.8,65,5.08,1.0,895.0,713.0,182.0,746.0,94600.0,0.1
2023-09-13 13:00:00+05:30,27.8,65,5.22,1.0,851.0,652.0,199.0,681.5,94500.0,0.4
2023-09-13 14:00:00+05:30,26.5,70,5.1,1.0,519.0,224.0,295.0,250.6,94440.0,0.1
2023-09-13 15:00:00+05:30,26.6,70,4.4,1.0,472.0,238.0,234.0,308.4,94390.0,0.0
2023-09-13 16:00:00+05:30,26.5,70,4.84,0.99,465.0,256.0,209.0,427.9,94360.0,0.0
2023-09-13 17:00:00+05:30,25.6,75,3.9,0.3,222.0,101.0,121.0,262.1,94420.0,0.0
2023-09-13 18:00:00+05:30,24.2,80,3.5,1.0,76.0,25.0,51.0,156.2,94430.0,0.0
2023-09-13 19:00:00+05:30,23.0,87,2.51,1.0,0.0,0.0,0.0,0.0,94490.0,0.0
2023-09-13 20:00:00+05:30,22.5,90,2.3,0.98,0.0,0.0,0.0,0.0,94560.0,0.0
2023-09-13 21:00:00+05:30,22.6,91,2.45,1.0,0.0,0.0,0.0,0.0,94610.0,0.0
2023-09-13 22:00:00+05:30,22.9,90,2.65,0.97,0.0,0.0,0.0,0.0,94660.0,0.0
2023-09-13 23:00:00+05:30,22.5,92,2.38,0.84,0.0,0.0,0.0,0.0,94620.0,0.0
2023-09-14 00:00:00+05:30,22.0,93,2.16,1.0,0.0,0.0,0.0,0.0,94580.0,0.0
2023-09-14 01:00:00+05:30,21.5,95,1.58,1.0,0.0,0.0,0.0,0.0,94530.0,0.0
2023-09-14 02:00:00+05:30,21.3,95,1.48,0.88,0.0,0.0,0.0,0.0,94510.0,0.0
2023-09-14 03:00:00+05:30,21.5,95,1.71,0.61,0.0,0.0,0.0,0.0,94500.0,0.0
2023-09-14 04:00:00+05:30,21.3,95,1.63,0.45,0.0,0.0,0.0,0.0,94500.0,0.0
2023-09-14 05:00:00+05:30,21.8,96,1.65,0.77,0.0,0.0,0.0,0.0,94510.0,0.0
2023-09-14 06:00:00+05:30,21.9,96,1.61,0.91,0.0,0.0,0.0,0.0,94540.0,0.0
2023-09-14 07:00:00+05:30,22.9,90,2.55,0.91,57.0,16.0,41.0,102.4,94650.0,0.7
2023-09-14 08:00:00+05:30,23.5,87,2.45,0.92,145.0,38.0,107.0,100.5,94720.0,0.4
2023-09-14 09:00:00+05:30,25.2,80,3.11,0.58,445.0,269.0,176.0,454.7,94750.0,0.0
2023-09-14 10:00:00+05:30,27.0,72,3.34,0.7,685.0,516.0,169.0,673.5,94750.0,0.0
2023-09-14 11:00:00+05:30,27.8,67,4.06,0.38,783.0,566.0,217.0,636.0,94730.0,0.0
2023-09-14 12:00:00+05:30,28.1,66,4.65,0.15,849.0,657.0,192.0,688.5,94640.0,0.0
2023-09-14 13:00:00+05:30,28.5,62,4.92,0.21,890.0,719.0,171.0,753.0,94530.0,0.0
2023-09-14 14:00:00+05:30,27.3,63,5.3,0.56,751.0,576.0,175.0,645.9,94470.0,0.3
2023-09-14 15:00:00+05:30,26.7,71,4.8,0.1,497.0,297.0,200.0,386.2,94410.0,0.1
2023-09-14 16:00:00+05:30,26.8,69,5.02,0.31,479.0,344.0,135.0,577.9,94380.0,0.0
2023-09-14 17:00:00+05:30,25.4,73,3.7,0.5,256.0,158.0,98.0,413.4,94470.0,0.0
2023-09-14 18:00:00+05:30,24.4,76,2.91,0.47,56.0,18.0,38.0,113.7,94470.0,0.0
2023-09-14 19:00:00+05:30,23.5,80,2.7,1.0,0.0,0.0,0.0,0.0,94500.0,0.0
2023-09-14 20:00:00+05:30,23.0,85,2.0,1.0,0.0,0.0,0.0,0.0,94550.0,0.0
2023-09-14 21:00:00+05:30,22.4,89,2.4,1.0,0.0,0.0,0.0,0.0,94600.0,0.0
2023-09-14 22:00:00+05:30,21.9,93,2.42,1.0,0.0,0.0,0.0,0.0,94610.0,0.0
2023-09-14 23:00:00+05:30,21.4,95,2.11,0.99,0.0,0.0,0.0,0.0,94570.0,0.0
2023-09-15 00:00:00+05:30,21.0,97,1.26,0.99,0.0,0.0,0.0,0.0,94540.0,0.0
2023-09-15 01:00:00+05:30,20.6,98,1.33,1.0,0.0,0.0,0.0,0.0,94490.0,0.0
2023-09-15 02:00:00+05:30,20.5,98,1.24,1.0,0.0,0.0,0.0,0.0,94470.0,0.0
2023-09-15 03:00:00+05:30,20.5,98,1.94,1.0,0.0,0.0,0.0,0.0,94420.0,0.0
2023-09-15 04:00:00+05:30,20.8,97,2.28,1.0,0.0,0.0,0.0,0.0,94400.0,0.0
2023-09-15 05:00:00+05:30,20.7,99,1.43,1.0,0.0,0.0,0.0,0.0,94420.0,0.0
2023-09-15 06:00:00+05:30,21.0,98,1.8,1.0,0.0,0.0,0.0,0.0,94490.0,0.0
2023-09-15 07:00:00+05:30,22.3,91,2.28,0.99,66.0,14.0,52.0,89.8,94580.0,0.0
2023-09-15 08:00:00+05:30,24.1,82,2.62,1.0,270.0,153.0,117.0,405.5,94690.0,0.0
2023-09-15 09:00:00+05:30,25.5,74,3.7,0.9,439.0,268.0,171.0,453.6,94750.0,0.0
2023-09-15 10:00:00+05:30,27.0,66,4.2,1.0,637.0,428.0,209.0,559.3,94700.0,0.0
2023-09-15 11:00:00+05:30,28.0,61,4.12,0.95,709.0,411.0,298.0,462.5,94710.0,0.0
2023-09-15 12:00:00+05:30,28.0,61,4.32,0.78,693.0,350.0,343.0,367.4,94660.0,0.1
2023-09-15 13:00:00+05:30,27.6,63,5.05,0.98,709.0,432.0,277.0,453.3,94550.0,0.1
2023-09-15 14:00:00+05:30,27.3,67,4.92,1.0,610.0,314.0,296.0,353.0,94460.0,0.0
2023-09-15 15:00:00+05:30,27.5,66,5.31,1.0,627.0,462.0,165.0,602.8,94390.0,0.0
2023-09-15 16:00:00+05:30,26.1,71,5.3,1.0,426.0,224.0,202.0,378.2,94360.0,0.0
2023-09-15 17:00:00+05:30,26.0,70,5.01,1.0,261.0,135.0,126.0,356.3,94430.0,0.0
2023-09-15 18:00:00+05:30,24.6,77,3.72,1.0,71.0,19.0,52.0,121.3,94490.0,0.0
2023-09-15 19:00:00+05:30,23.7,82,3.71,1.0,0.0,0.0,0.0,0.0,94510.0,0.0
2023-09-15 20:00:00+05:30,23.0,87,3.4,1.0,0.0,0.0,0.0,0.0,94560.0,0.0
2023-09-15 21:00:00+05:30,22.9,89,3.32,1.0,0.0,0.0,0.0,0.0,94660.0,0.0
2023-09-15 22:00:00+05:30,22.7,90,3.37,1.0,0.0,0.0,0.0,0.0,94680.0,0.0
2023-09-15 23:00:00+05:30,22.6,90,3.79,1.0,0.0,0.0,0.0,0.0,94620.0,0.0
2023-09-16 00:00:00+05:30,22.6,90,3.86,1.0,0.0,0.0,0.0,0.0,94560.0,0.0
2023-09-16 01:00:00+05:30,22.8,90,3.86,1.0,0.0,0.0,0.0,0.0,94530.0,0.0
2023-09-16 02:00:00+05:30,22.8,89,3.96,1.0,0.0,0.0,0.0,0.0,94470.0,0.0
2023-09-16 03:00:00+05:30,22.6,90,3.49,1.0,0.0,0.0,0.0,0.0,94450.0,0.0
2023-09-16 04:00:00+05:30,22.5,91,3.22,1.0,0.0,0.0,0.0,0.0,94420.0,0.0
2023-09-16 05:00:00+05:30,22.6,91,3.81,1.0,0.0,0.0,0.0,0.0,94400.0,0.0
2023-09-16 06:00:00+05:30,22.5,91,4.1,1.0,0.0,0.0,0.0,0.0,94460.0,0.0
2023-09-16 07:00:00+05:30,23.1,88,3.96,1.0,38.0,0.0,38.0,0.0,94540.0,0.0
2023-09-16 08:00:00+05:30,23.7,86,5.29,1.0,146.0,9.0,137.0,23.9,94600.0,0.0
2023-09-16 09:00:00+05:30,24.8,80,5.92,1.0,270.0,23.0,247.0,39.0,94640.0,0.0
2023-09-16 10:00:00+05:30,25.0,79,5.87,1.0,276.0,21.0,255.0,27.5,94680.0,0.2
2023-09-16 11:00:00+05:30,25.1,79,6.02,1.0,291.0,19.0,272.0,21.4,94650.0,0.1
2023-09-16 12:00:00+05:30,25.5,76,5.31,1.0,365.0,26.0,339.0,27.3,94590.0,0.0
2023-09-16 13:00:00+05:30,25.8,75,6.41,1.0,404.0,42.0,362.0,44.2,94520.0,0.0
2023-09-16 14:00:00+05:30,26.1,74,6.7,1.0,598.0,215.0,383.0,242.4,94480.0,0.1
2023-09-16 15:00:00+05:30,25.6,76,6.75,1.0,481.0,145.0,336.0,189.9,94410.0,0.1
2023-09-16 16:00:00+05:30,25.0,79,5.47,1.0,285.0,39.0,246.0,66.2,94400.0,0.1
2023-09-16 17:00:00+05:30,24.1,84,4.26,1.0,102.0,2.0,100.0,5.3,94420.0,0.0
2023-09-16 18:00:00+05:30,23.5,85,4.39,1.0,54.0,6.0,48.0,38.7,94430.0,0.0
2023-09-16 19:00:00+05:30,22.9,89,4.57,1.0,0.0,0.0,0.0,0.0,94420.0,0.0
2023-09-16 20:00:00+05:30,22.9,92,4.18,1.0,0.0,0.0,0.0,0.0,94480.0,0.0
2023-09-16 21:00:00+05:30,23.1,91,4.05,1.0,0.0,0.0,0.0,0.0,94610.0,0.0
2023-09-16 22:00:00+05:30,22.9,92,4.44,1.0,0.0,0.0,0.0,0.0,94620.0,0.0
2023-09-16 23:00:00+05:30,22.9,92,4.43,1.0,0.0,0.0,0.0,0.0,94570.0,0.0
2023-09-17 00:00:00+05:30,22.8,92,4.41,1.0,0.0,0.0,0.0,0.0,94550.0,0.0
2023-09-17 01:00:00+05:30,22.8,92,4.48,1.0,0.0,0.0,0.0,0.0,94420.0,0.0
2023-09-17 02:00:00+05:30,22.5,93,4.62,1.0,0.0,0.0,0.0,0.0,94380.0,0.0
2023-09-17 03:00:00+05:30,22.6,93,4.79,1.0,0.0,0.0,0.0,0.0,94350.0,0.1
2023-09-17 04:00:00+05:30,22.7,92,4.79,1.0,0.0,0.0,0.0,0.0,94380.0,0.1
2023-09-17 05:00:00+05:30,22.4,96,3.85,1.0,0.0,0.0,0.0,0.0,94370.0,0.1
2023-09-17 06:00:00+05:30,22.7,94,4.4,1.0,0.0,0.0,0.0,0.0,94440.0,0.1
2023-09-17 07:00:00+05:30,23.1,90,4.75,1.0,64.0,15.0,49.0,96.6,94490.0,0.0
2023-09-17 08:00:00+05:30,23.7,87,5.24,1.0,176.0,37.0,139.0,98.4,94560.0,0.1
2023-09-17 09:00:00+05:30,24.4,83,5.42,1.0,308.0,86.0,222.0,146.0,94600.0,0.2
2023-09-17 10:00:00+05:30,24.4,83,5.22,1.0,301.0,73.0,228.0,95.7,94580.0,0.1
2023-09-17 11:00:00+05:30,25.3,79,6.43,1.0,464.0,105.0,359.0,118.5,94580.0,0.3
2023-09-17 12:00:00+05:30,26.1,75,7.4,1.0,682.0,300.0,382.0,316.0,94540.0,0.2
2023-09-17 13:00:00+05:30,26.2,74,6.91,1.0,790.0,477.0,313.0,502.7,94450.0,0.4
2023-09-17 14:00:00+05:30,25.8,78,6.58,1.0,634.0,380.0,254.0,429.6,94380.0,0.3
2023-09-17 15:00:00+05:30,25.9,75,6.55,1.0,586.0,344.0,242.0,452.1,94320.0,0.3
2023-09-17 16:00:00+05:30,25.3,78,5.63,1.0,420.0,198.0,222.0,337.8,94320.0,0.1
2023-09-17 17:00:00+05:30,24.5,79,4.83,1.0,215.0,71.0,144.0,190.7,94320.0,0.0
2023-09-17 18:00:00+05:30,23.4,83,4.35,1.0,52.0,4.0,48.0,26.1,94310.0,0.0
2023-09-17 19:00:00+05:30,22.6,88,3.45,1.0,0.0,0.0,0.0,0.0,94320.0,0.0
2023-09-17 20:00:00+05:30,22.8,88,2.86,1.0,0.0,0.0,0.0,0.0,94410.0,0.0
2023-09-17 21:00:00+05:30,22.5,90,2.91,1.0,0.0,0.0,0.0,0.0,94530.0,0.0
2023-09-17 22:00:00+05:30,22.5,92,3.26,1.0,0.0,0.0,0.0,0.0,94560.0,0.0
2023-09-17 23:00:00+05:30,22.6,90,3.22,1.0,0.0,0.0,0.0,0.0,94530.0,0.0
2023-09-18 00:00:00+05:30,22.3,92,2.86,1.0,0.0,0.0,0.0,0.0,94480.0,0.0
2023-09-18 01:00:00+05:30,22.0,91,3.28,1.0,0.0,0.0,0.0,0.0,94410.0,0.0
2023-09-18 02:00:00+05:30,22.0,90,3.26,1.0,0.0,0.0,0.0,0.0,94340.0,0.0
2023-09-18 03:00:00+05:30,21.8,92,3.55,1.0,0.0,0.0,0.0,0.0,94320.0,0.0
2023-09-18 04:00:00+05:30,21.9,91,3.64,1.0,0.0,0.0,0.0,0.0,94300.0,0.0
2023-09-18 05:00:00+05:30,22.5,94,3.19,1.0,0.0,0.0,0.0,0.0,94320.0,0.0
2023-09-18 06:00:00+05:30,22.4,93,3.89,0.99,0.0,0.0,0.0,0.0,94350.0,0.0
2023-09-18 07:00:00+05:30,23.0,91,3.97,1.0,61.0,15.0,46.0,96.8,94400.0,0.1
2023-09-18 08:00:00+05:30,24.0,87,4.28,1.0,209.0,76.0,133.0,202.6,94500.0,0.2
2023-09-18 09:00:00+05:30,25.1,82,5.02,0.95,390.0,199.0,191.0,338.2,94580.0,0.1
2023-09-18 10:00:00+05:30,26.3,74,5.86,0.92,633.0,466.0,167.0,611.5,94580.0,0.1
2023-09-18 11:00:00+05:30,26.6,70,6.09,1.0,716.0,473.0,243.0,534.6,94580.0,0.3
2023-09-18 12:00:00+05:30,27.5,70,6.13,1.0,890.0,702.0,188.0,740.7,94520.0,0.3
2023-09-18 13:00:00+05:30,27.2,71,6.26,0.91,793.0,521.0,272.0,550.3,94430.0,0.2
2023-09-18 14:00:00+05:30,27.1,71,6.05,0.39,791.0,636.0,155.0,721.0,94380.0,0.1
2023-09-18 15:00:00+05:30,26.8,72,6.35,0.33,665.0,493.0,172.0,650.4,94310.0,0.1
2023-09-18 16:00:00+05:30,25.6,76,6.44,0.4,454.0,310.0,144.0,531.8,94300.0,0.1
2023-09-18 17:00:00+05:30,25.1,80,4.88,0.35,245.0,135.0,110.0,366.0,94370.0,0.2
2023-09-18 18:00:00+05:30,22.6,91,3.58,0.94,58.0,23.0,35.0,151.8,94390.0,1.6
2023-09-18 19:00:00+05:30,22.8,91,2.69,1.0,0.0,0.0,0.0,0.0,94460.0,3.0
2023-09-18 20:00:00+05:30,22.9,91,2.69,0.29,0.0,0.0,0.0,0.0,94530.0,0.0
2023-09-18 21:00:00+05:30,22.4,92,2.34,0.99,0.0,0.0,0.0,0.0,94610.0,0.0
2023-09-18 22:00:00+05:30,22.5,91,2.9,0.99,0.0,0.0,0.0,0.0,94670.0,0.0
2023-09-18 23:00:00+05:30,22.4,92,2.97,0.99,0.0,0.0,0.0,0.0,94610.0,0.0
2023-09-19 00:00:00+05:30,22.1,93,2.83,1.0,0.0,0.0,0.0,0.0,94580.0,0.0
2023-09-19 01:00:00+05:30,22.2,92,2.61,1.0,0.0,0.0,0.0,0.0,94520.0,0.0
2023-09-19 02:00:00+05:30,22.2,91,2.66,1.0,0.0,0.0,0.0,0.0,94490.0,0.0
2023-09-19 03:00:00+05:30,22.2,91,2.83,0.99,0.0,0.0,0.0,0.0,94450.0,0.0
2023-09-19 04:00:00+05:30,22.1,91,2.7,0.98,0.0,0.0,0.0,0.0,94450.0,0.0
2023-09-19 05:00:00+05:30,23.1,91,2.37,1.0,0.0,0.0,0.0,0.0,94490.0,0.0
2023-09-19 06:00:00+05:30,23.3,90,2.84,0.99,0.0,0.0,0.0,0.0,94510.0,0.0
2023-09-19 07:00:00+05:30,23.4,89,2.86,0.9,37.0,5.0,32.0,32.3,94570.0,0.0
2023-09-19 08:00:00+05:30,24.2,85,4.24,1.0,173.0,42.0,131.0,112.2,94640.0,0.0
2023-09-19 09:00:00+05:30,25.0,83,4.77,0.39,302.0,55.0,247.0,93.6,94730.0,0.0
2023-09-19 10:00:00+05:30,25.8,79,5.69,0.43,522.0,282.0,240.0,370.6,94730.0,0.2
2023-09-19 11:00:00+05:30,26.8,75,5.08,0.3,715.0,542.0,173.0,613.6,94730.0,0.3
2023-09-19 12:00:00+05:30,27.5,73,5.02,0.32,812.0,603.0,209.0,637.5,94670.0,0.2
2023-09-19 13:00:00+05:30,27.5,72,5.44,0.54,834.0,609.0,225.0,644.7,94580.0,0.1
2023-09-19 14:00:00+05:30,27.5,70,5.94,0.45,780.0,564.0,216.0,641.2,94520.0,0.2
2023-09-19 15:00:00+05:30,27.0,72,5.75,0.72,577.0,390.0,187.0,516.5,94480.0,0.1
2023-09-19 16:00:00+05:30,26.0,77,5.73,0.39,414.0,273.0,141.0,470.9,94450.0,0.1
2023-09-19 17:00:00+05:30,25.0,84,3.76,0.38,249.0,147.0,102.0,402.3,94540.0,0.1
2023-09-19 18:00:00+05:30,24.1,86,2.72,0.82,58.0,20.0,38.0,133.6,94570.0,0.0
2023-09-19 19:00:00+05:30,23.8,88,2.41,0.19,0.0,0.0,0.0,0.0,94610.0,0.0
2023-09-19 20:00:00+05:30,23.0,90,1.91,0.55,0.0,0.0,0.0,0.0,94670.0,0.0
2023-09-19 21:00:00+05:30,22.8,91,2.08,1.0,0.0,0.0,0.0,0.0,94750.0,0.0
2023-09-19 22:00:00+05:30,23.1,90,2.34,0.98,0.0,0.0,0.0,0.0,94780.0,0.0
2023-09-19 23:00:00+05:30,23.2,90,1.92,1.0,0.0,0.0,0.0,0.0,94780.0,0.0
2023-09-20 00:00:00+05:30,23.1,90,2.2,0.98,0.0,0.0,0.0,0.0,94730.0,0.0
2023-09-20 01:00:00+05:30,23.0,89,2.34,1.0,0.0,0.0,0.0,0.0,94670.0,0.0
2023-09-20 02:00:00+05:30,23.0,89,2.33,1.0,0.0,0.0,0.0,0.0,94610.0,0.0
2023-09-20 03:00:00+05:30,23.0,89,2.4,1.0,0.0,0.0,0.0,0.0,94590.0,0.0
2023-09-20 04:00:00+05:30,23.0,89,2.2,1.0,0.0,0.0,0.0,0.0,94570.0,0.0
2023-09-20 05:00:00+05:30,23.5,91,1.77,0.99,0.0,0.0,0.0,0.0,94600.0,0.0
2023-09-20 06:00:00+05:30,23.6,90,1.88,0.91,0.0,0.0,0.0,0.0,94610.0,0.0
2023-09-20 07:00:00+05:30,24.1,88,2.42,0.98,41.0,10.0,31.0,64.8,94690.0,0.0
2023-09-20 08:00:00+05:30,24.8,84,2.7,0.91,116.0,31.0,85.0,82.9,94740.0,0.1
2023-09-20 09:00:00+05:30,25.6,80,3.68,0.74,284.0,66.0,218.0,112.5,94820.0,0.1
2023-09-20 10:00:00+05:30,26.7,75,4.22,0.45,507.0,221.0,286.0,290.8,94840.0,0.1
2023-09-20 11:00:00+05:30,27.5,73,4.14,0.39,654.0,423.0,231.0,479.7,94790.0,0.1
2023-09-20 12:00:00+05:30,28.6,69,4.3,0.18,843.0,629.0,214.0,666.2,94700.0,0.0
2023-09-20 13:00:00+05:30,28.8,67,4.8,0.56,884.0,693.0,191.0,735.3,94570.0,0.0
2023-09-20 14:00:00+05:30,26.9,79,4.49,0.48,625.0,369.0,256.0,420.7,94490.0,1.1
2023-09-20 15:00:00+05:30,27.2,71,5.32,0.64,605.0,415.0,190.0,551.7,94440.0,0.1
2023-09-20 16:00:00+05:30,26.2,76,5.6,1.0,371.0,217.0,154.0,376.4,94460.0,0.3
2023-09-20 17:00:00+05:30,26.1,77,3.71,0.95,216.0,102.0,114.0,281.8,94480.0,0.4
2023-09-20 18:00:00+05:30,24.9,84,3.05,1.0,53.0,20.0,33.0,135.2,94570.0,0.0
2023-09-20 19:00:00+05:30,24.0,88,2.15,1.0,0.0,0.0,0.0,0.0,94650.0,0.0
2023-09-20 20:00:00+05:30,23.6,90,2.02,1.0,0.0,0.0,0.0,0.0,94720.0,0.0
2023-09-20 21:00:00+05:30,23.9,89,1.86,1.0,0.0,0.0,0.0,0.0,94780.0,0.0
2023-09-20 22:00:00+05:30,23.1,91,1.78,1.0,0.0,0.0,0.0,0.0,94760.0,0.0
2023-09-20 23:00:00+05:30,23.1,90,1.91,1.0,0.0,0.0,0.0,0.0,94740.0,0.0
2023-09-21 00:00:00+05:30,23.2,89,2.08,1.0,0.0,0.0,0.0,0.0,94690.0,0.0
2023-09-21 01:00:00+05:30,23.2,89,1.56,1.0,0.0,0.0,0.0,0.0,94630.0,0.0
2023-09-21 02:00:00+05:30,23.2,89,1.77,1.0,0.0,0.0,0.0,0.0,94560.0,0.0
2023-09-21 03:00:00+05:30,23.1,90,2.33,1.0,0.0,0.0,0.0,0.0,94540.0,0.0
2023-09-21 04:00:00+05:30,23.1,90,2.1,1.0,0.0,0.0,0.0,0.0,94540.0,0.0
2023-09-21 05:00:00+05:30,23.5,92,2.24,1.0,0.0,0.0,0.0,0.0,94590.0,0.0
2023-09-21 06:00:00+05:30,23.6,92,1.7,1.0,0.0,0.0,0.0,0.0,94600.0,0.0
2023-09-21 07:00:00+05:30,24.1,90,2.73,0.99,50.0,12.0,38.0,78.0,94690.0,0.0
2023-09-21 08:00:00+05:30,24.9,86,3.26,1.0,202.0,91.0,111.0,244.0,94780.0,0.0
2023-09-21 09:00:00+05:30,26.6,76,2.92,1.0,413.0,237.0,176.0,404.7,94810.0,0.1
2023-09-21 10:00:00+05:30,26.9,75,3.38,0.77,336.0,41.0,295.0,54.0,94820.0,0.0
2023-09-21 11:00:00+05:30,28.6,70,2.92,0.46,758.0,554.0,204.0,629.3,94790.0,0.2
2023-09-21 12:00:00+05:30,29.7,65,3.18,1.0,820.0,599.0,221.0,635.7,94710.0,0.1
2023-09-21 13:00:00+05:30,25.1,84,2.92,1.0,368.0,56.0,312.0,59.6,94630.0,12.6
2023-09-21 14:00:00+05:30,25.5,85,4.09,1.0,308.0,75.0,233.0,85.8,94540.0,0.5
2023-09-21 15:00:00+05:30,25.2,88,3.29,0.45,287.0,69.0,218.0,92.1,94460.0,1.0
2023-09-21 16:00:00+05:30,25.5,83,4.03,1.0,372.0,201.0,171.0,350.7,94510.0,3.4
2023-09-21 17:00:00+05:30,25.2,85,2.75,1.0,171.0,53.0,118.0,147.9,94560.0,4.9
2023-09-21 18:00:00+05:30,24.5,89,2.26,1.0,49.0,9.0,40.0,61.6,94610.0,0.0
2023-09-21 19:00:00+05:30,23.9,92,1.52,1.0,0.0,0.0,0.0,0.0,94680.0,0.2
2023-09-21 20:00:00+05:30,23.5,94,2.06,1.0,0.0,0.0,0.0,0.0,94770.0,0.0
2023-09-21 21:00:00+05:30,23.0,96,1.06,1.0,0.0,0.0,0.0,0.0,94790.0,0.0
2023-09-21 22:00:00+05:30,23.1,95,1.52,1.0,0.0,0.0,0.0,0.0,94810.0,0.0
2023-09-21 23:00:00+05:30,23.3,94,1.87,1.0,0.0,0.0,0.0,0.0,94740.0,0.0
2023-09-22 00:00:00+05:30,23.4,93,2.06,1.0,0.0,0.0,0.0,0.0,94710.0,0.0
2023-09-22 01:00:00+05:30,23.2,93,1.9,1.0,0.0,0.0,0.0,0.0,94660.0,0.0
2023-09-22 02:00:00+05:30,23.1,94,2.0,1.0,0.0,0.0,0.0,0.0,94610.0,0.0
2023-09-22 03:00:00+05:30,23.0,93,2.26,1.0,0.0,0.0,0.0,0.0,94590.0,0.0
2023-09-22 04:00:00+05:30,22.9,94,1.8,1.0,0.0,0.0,0.0,0.0,94600.0,0.2
2023-09-22 05:00:00+05:30,22.8,96,1.8,1.0,0.0,0.0,0.0,0.0,94590.0,0.4
2023-09-22 06:00:00+05:30,22.9,96,1.12,1.0,0.0,0.0,0.0,0.0,94660.0,1.0
2023-09-22 07:00:00+05:30,23.0,96,1.04,1.0,13.0,0.0,13.0,0.0,94720.0,1.2
2023-09-22 08:00:00+05:30,23.5,95,1.58,1.0,62.0,2.0,60.0,5.4,94800.0,0.8
2023-09-22 09:00:00+05:30,24.0,91,1.84,1.0,101.0,3.0,98.0,5.1,94870.0,0.2
2023-09-22 10:00:00+05:30,24.5,87,1.9,1.0,168.0,9.0,159.0,11.9,94880.0,0.0
2023-09-22 11:00:00+05:30,25.2,85,1.04,1.0,274.0,30.0,244.0,34.1,94850.0,0.1
2023-09-22 12:00:00+05:30,26.9,78,1.8,1.0,568.0,154.0,414.0,163.8,94760.0,0.2
2023-09-22 13:00:00+05:30,26.8,76,2.01,1.0,336.0,33.0,303.0,35.2,94610.0,0.1
2023-09-22 14:00:00+05:30,27.5,72,1.75,1.0,411.0,89.0,322.0,102.1,94510.0,0.2
2023-09-22 15:00:00+05:30,23.6,90,2.87,1.0,216.0,22.0,194.0,29.5,94510.0,6.5
2023-09-22 16:00:00+05:30,24.0,90,0.94,1.0,106.0,26.0,80.0,45.6,94520.0,2.2
2023-09-22 17:00:00+05:30,24.4,90,1.84,1.0,101.0,16.0,85.0,45.1,94580.0,0.8
2023-09-22 18:00:00+05:30,23.9,92,1.36,1.0,24.0,0.0,24.0,0.0,94620.0,1.7
2023-09-22 19:00:00+05:30,23.5,95,0.76,1.0,0.0,0.0,0.0,0.0,94690.0,1.8
2023-09-22 20:00:00+05:30,23.5,95,0.94,1.0,0.0,0.0,0.0,0.0,94770.0,2.8
2023-09-22 21:00:00+05:30,23.5,93,0.61,1.0,0.0,0.0,0.0,0.0,94840.0,3.5
2023-09-22 22:00:00+05:30,23.1,96,0.5,1.0,0.0,0.0,0.0,0.0,94820.0,3.6
2023-09-22 23:00:00+05:30,22.9,97,0.6,1.0,0.0,0.0,0.0,0.0,94760.0,3.6
2023-09-23 00:00:00+05:30,22.7,98,0.57,1.0,0.0,0.0,0.0,0.0,94690.0,4.0
2023-09-23 01:00:00+05:30,22.5,98,0.57,1.0,0.0,0.0,0.0,0.0,94610.0,2.7
2023-09-23 02:00:00+05:30,22.4,98,0.76,1.0,0.0,0.0,0.0,0.0,94580.0,0.9
2023-09-23 03:00:00+05:30,22.4,98,1.2,1.0,0.0,0.0,0.0,0.0,94530.0,0.5
2023-09-23 04:00:00+05:30,22.4,97,0.82,1.0,0.0,0.0,0.0,0.0,94560.0,1.2
2023-09-23 05:00:00+05:30,22.5,96,1.14,1.0,0.0,0.0,0.0,0.0,94600.0,1.5
2023-09-23 06:00:00+05:30,22.5,96,1.12,1.0,0.0,0.0,0.0,0.0,94630.0,0.6
2023-09-23 07:00:00+05:30,23.0,95,0.92,1.0,46.0,3.0,43.0,19.6,94720.0,0.8
2023-09-23 08:00:00+05:30,23.9,90,1.92,1.0,105.0,8.0,97.0,21.5,94830.0,0.1
2023-09-23 09:00:00+05:30,24.4,89,1.04,1.0,130.0,10.0,120.0,17.1,94880.0,0.2
2023-09-23 10:00:00+05:30,25.0,87,1.17,1.0,214.0,4.0,210.0,5.3,94890.0,0.3
2023-09-23 11:00:00+05:30,25.9,86,1.17,1.0,484.0,147.0,337.0,167.6,94840.0,0.4
2023-09-23 12:00:00+05:30,28.0,74,1.77,1.0,681.0,283.0,398.0,301.6,94750.0,0.3
2023-09-23 13:00:00+05:30,26.0,80,4.4,1.0,618.0,335.0,283.0,358.1,94660.0,10.4
2023-09-23 14:00:00+05:30,24.7,89,3.1,1.0,191.0,4.0,187.0,4.6,94600.0,5.9
2023-09-23 15:00:00+05:30,23.9,90,2.51,1.0,79.0,0.0,79.0,0.0,94590.0,2.9
2023-09-23 16:00:00+05:30,23.6,92,2.81,1.0,64.0,1.0,63.0,1.8,94610.0,1.7
2023-09-23 17:00:00+05:30,23.5,93,2.75,1.0,52.0,0.0,52.0,0.0,94700.0,1.1
2023-09-23 18:00:00+05:30,23.0,94,2.16,1.0,15.0,0.0,15.0,0.0,94750.0,0.8
2023-09-23 19:00:00+05:30,22.8,95,1.94,1.0,0.0,0.0,0.0,0.0,94800.0,1.1
2023-09-23 20:00:00+05:30,22.6,96,1.84,1.0,0.0,0.0,0.0,0.0,94850.0,1.3
2023-09-23 21:00:00+05:30,22.5,96,1.46,1.0,0.0,0.0,0.0,0.0,94850.0,1.0
2023-09-23 22:00:00+05:30,22.4,96,1.55,1.0,0.0,0.0,0.0,0.0,94870.0,0.7
2023-09-23 23:00:00+05:30,22.1,97,1.51,1.0,0.0,0.0,0.0,0.0,94800.0,0.4
2023-09-24 00:00:00+05:30,22.0,97,1.36,1.0,0.0,0.0,0.0,0.0,94740.0,0.1
2023-09-24 01:00:00+05:30,21.9,97,1.6,1.0,0.0,0.0,0.0,0.0,94690.0,0.0
2023-09-24 02:00:00+05:30,21.8,97,1.71,1.0,0.0,0.0,0.0,0.0,94670.0,0.0
2023-09-24 03:00:00+05:30,21.6,97,1.66,1.0,0.0,0.0,0.0,0.0,94650.0,0.0
2023-09-24 04:00:00+05:30,21.6,97,1.39,1.0,0.0,0.0,0.0,0.0,94640.0,0.0
2023-09-24 05:00:00+05:30,21.5,97,1.73,1.0,0.0,0.0,0.0,0.0,94660.0,0.0
2023-09-24 06:00:00+05:30,21.5,97,1.53,1.0,0.0,0.0,0.0,0.0,94750.0,0.0
2023-09-24 07:00:00+05:30,22.5,95,1.2,1.0,62.0,20.0,42.0,130.9,94860.0,0.0
2023-09-24 08:00:00+05:30,24.0,88,2.31,1.0,230.0,101.0,129.0,272.5,94930.0,0.0
2023-09-24 09:00:00+05:30,25.2,82,2.1,1.0,365.0,169.0,196.0,290.0,94990.0,0.0
2023-09-24 10:00:00+05:30,26.5,77,1.92,1.0,498.0,226.0,272.0,299.4,94980.0,0.0
2023-09-24 11:00:00+05:30,27.2,72,2.45,1.0,485.0,130.0,355.0,148.5,94900.0,0.1
2023-09-24 12:00:00+05:30,25.8,76,2.97,1.0,461.0,164.0,297.0,175.2,94790.0,0.5
2023-09-24 13:00:00+05:30,25.6,78,2.5,0.75,403.0,165.0,238.0,176.8,94660.0,0.9
2023-09-24 14:00:00+05:30,25.2,81,3.57,0.95,658.0,394.0,264.0,454.9,94620.0,4.5
2023-09-24 15:00:00+05:30,25.1,83,3.6,0.86,276.0,56.0,220.0,75.7,94570.0,0.8
2023-09-24 16:00:00+05:30,25.0,84,2.82,1.0,334.0,185.0,149.0,328.5,94580.0,1.7
2023-09-24 17:00:00+05:30,24.9,79,3.77,1.0,146.0,49.0,97.0,140.9,94660.0,0.2
2023-09-24 18:00:00+05:30,23.9,83,3.21,1.0,29.0,3.0,26.0,21.3,94690.0,0.0
2023-09-24 19:00:00+05:30,23.2,87,2.21,1.0,0.0,0.0,0.0,0.0,94740.0,0.0
2023-09-24 20:00:00+05:30,22.8,91,1.6,1.0,0.0,0.0,0.0,0.0,94800.0,0.7
2023-09-24 21:00:00+05:30,22.6,94,1.33,1.0,0.0,0.0,0.0,0.0,94830.0,1.9
2023-09-24 22:00:00+05:30,22.4,95,1.68,0.95,0.0,0.0,0.0,0.0,94820.0,0.8
2023-09-24 23:00:00+05:30,22.3,95,1.87,0.95,0.0,0.0,0.0,0.0,94760.0,0.1
2023-09-25 00:00:00+05:30,22.1,96,1.61,0.89,0.0,0.0,0.0,0.0,94680.0,0.0
2023-09-25 01:00:00+05:30,21.8,98,0.91,0.7,0.0,0.0,0.0,0.0,94630.0,0.0
2023-09-25 02:00:00+05:30,21.6,98,1.36,0.58,0.0,0.0,0.0,0.0,94620.0,0.0
2023-09-25 03:00:00+05:30,21.6,97,1.28,0.34,0.0,0.0,0.0,0.0,94600.0,0.0
2023-09-25 04:00:00+05:30,21.5,96,1.28,0.47,0.0,0.0,0.0,0.0,94620.0,0.0
2023-09-25 05:00:00+05:30,22.0,96,1.75,0.32,0.0,0.0,0.0,0.0,94650.0,0.0
2023-09-25 06:00:00+05:30,21.6,98,1.32,1.0,0.0,0.0,0.0,0.0,94650.0,0.0
2023-09-25 07:00:00+05:30,23.0,94,1.84,1.0,69.0,24.0,45.0,157.4,94760.0,0.0
2023-09-25 08:00:00+05:30,24.2,85,2.38,0.9,261.0,147.0,114.0,397.6,94840.0,0.0
2023-09-25 09:00:00+05:30,25.5,79,2.51,0.49,425.0,244.0,181.0,419.5,94850.0,0.0
2023-09-25 10:00:00+05:30,26.9,72,2.24,0.37,620.0,379.0,241.0,503.0,94810.0,0.1
2023-09-25 11:00:00+05:30,28.1,67,2.18,0.62,752.0,521.0,231.0,596.2,94780.0,0.1
2023-09-25 12:00:00+05:30,28.1,67,3.36,0.33,756.0,452.0,304.0,483.8,94710.0,0.5
2023-09-25 13:00:00+05:30,26.5,74,2.69,0.99,737.0,527.0,210.0,566.3,94630.0,3.3
2023-09-25 14:00:00+05:30,27.0,75,2.84,0.97,454.0,221.0,233.0,256.0,94490.0,0.5
2023-09-25 15:00:00+05:30,25.0,82,3.64,0.91,422.0,182.0,240.0,247.0,94470.0,2.4
2023-09-25 16:00:00+05:30,25.1,83,3.11,1.0,329.0,159.0,170.0,284.1,94450.0,1.4
2023-09-25 17:00:00+05:30,25.0,81,2.73,1.0,188.0,91.0,97.0,264.4,94480.0,3.2
2023-09-25 18:00:00+05:30,24.1,88,2.31,1.0,48.0,15.0,33.0,108.1,94540.0,0.0
2023-09-25 19:00:00+05:30,23.4,91,2.65,1.0,0.0,0.0,0.0,0.0,94600.0,0.0
2023-09-25 20:00:00+05:30,23.1,92,2.21,0.46,0.0,0.0,0.0,0.0,94660.0,0.0
2023-09-25 21:00:00+05:30,22.5,96,1.51,0.96,0.0,0.0,0.0,0.0,94720.0,0.0
2023-09-25 22:00:00+05:30,22.0,97,1.12,0.91,0.0,0.0,0.0,0.0,94750.0,0.0
2023-09-25 23:00:00+05:30,22.1,96,1.17,1.0,0.0,0.0,0.0,0.0,94700.0,0.0
2023-09-26 00:00:00+05:30,22.5,95,0.8,1.0,0.0,0.0,0.0,0.0,94670.0,0.0
2023-09-26 01:00:00+05:30,22.5,96,0.41,1.0,0.0,0.0,0.0,0.0,94630.0,0.0
2023-09-26 02:00:00+05:30,22.2,96,0.64,1.0,0.0,0.0,0.0,0.0,94540.0,0.0
2023-09-26 03:00:00+05:30,22.1,97,0.92,0.97,0.0,0.0,0.0,0.0,94520.0,0.0
2023-09-26 04:00:00+05:30,22.1,96,1.26,1.0,0.0,0.0,0.0,0.0,94530.0,0.0
2023-09-26 05:00:00+05:30,21.5,99,1.12,1.0,0.0,0.0,0.0,0.0,94570.0,0.0
2023-09-26 06:00:00+05:30,21.3,99,1.53,0.55,0.0,0.0,0.0,0.0,94610.0,0.0
2023-09-26 07:00:00+05:30,23.0,93,1.4,0.37,70.0,32.0,38.0,210.5,94700.0,0.0
2023-09-26 08:00:00+05:30,24.5,85,0.78,0.98,259.0,151.0,108.0,409.3,94770.0,0.0
2023-09-26 09:00:00+05:30,25.9,78,0.92,0.32,398.0,173.0,225.0,298.0,94840.0,0.0
2023-09-26 10:00:00+05:30,27.1,72,0.86,0.34,635.0,454.0,181.0,603.6,94820.0,0.1
2023-09-26 11:00:00+05:30,28.1,68,0.61,0.2,757.0,553.0,204.0,634.1,94750.0,0.0
2023-09-26 12:00:00+05:30,29.2,66,0.14,0.11,842.0,657.0,185.0,704.9,94650.0,0.0
2023-09-26 13:00:00+05:30,29.1,66,1.84,0.49,853.0,687.0,166.0,740.2,94540.0,0.0
2023-09-26 14:00:00+05:30,28.3,64,3.16,0.65,687.0,496.0,191.0,576.5,94460.0,0.1
2023-09-26 15:00:00+05:30,27.7,66,4.16,0.97,482.0,285.0,197.0,388.5,94440.0,0.2
2023-09-26 16:00:00+05:30,26.5,77,3.62,1.0,296.0,142.0,154.0,255.3,94470.0,0.1
2023-09-26 17:00:00+05:30,25.4,81,0.86,1.0,154.0,45.0,109.0,132.1,94510.0,2.4
2023-09-26 18:00:00+05:30,24.6,87,1.88,1.0,44.0,14.0,30.0,102.3,94540.0,0.4
2023-09-26 19:00:00+05:30,23.7,92,1.14,1.0,0.0,0.0,0.0,0.0,94640.0,1.6
2023-09-26 20:00:00+05:30,22.8,97,2.15,1.0,0.0,0.0,0.0,0.0,94750.0,11.8
2023-09-26 21:00:00+05:30,23.0,96,0.36,1.0,0.0,0.0,0.0,0.0,94800.0,0.4
2023-09-26 22:00:00+05:30,22.5,98,0.58,1.0,0.0,0.0,0.0,0.0,94790.0,0.2
2023-09-26 23:00:00+05:30,22.5,98,1.03,1.0,0.0,0.0,0.0,0.0,94720.0,0.0
2023-09-27 00:00:00+05:30,21.8,98,1.0,1.0,0.0,0.0,0.0,0.0,94620.0,0.0
2023-09-27 01:00:00+05:30,20.9,99,1.52,1.0,0.0,0.0,0.0,0.0,94540.0,0.0
2023-09-27 02:00:00+05:30,21.0,98,1.25,0.95,0.0,0.0,0.0,0.0,94490.0,0.0
2023-09-27 03:00:00+05:30,21.4,98,1.26,0.92,0.0,0.0,0.0,0.0,94480.0,0.0
2023-09-27 04:00:00+05:30,21.2,97,1.1,0.85,0.0,0.0,0.0,0.0,94510.0,0.0
2023-09-27 05:00:00+05:30,22.4,91,1.3,1.0,0.0,0.0,0.0,0.0,94540.0,0.5
2023-09-27 06:00:00+05:30,21.5,94,3.41,1.0,0.0,0.0,0.0,0.0,94650.0,1.6
2023-09-27 07:00:00+05:30,22.1,91,0.92,1.0,39.0,5.0,34.0,33.0,94720.0,0.9
2023-09-27 08:00:00+05:30,23.1,90,1.14,0.53,136.0,45.0,91.0,122.3,94730.0,0.1
2023-09-27 09:00:00+05:30,25.1,82,0.64,0.72,489.0,344.0,145.0,593.7,94800.0,0.0
2023-09-27 10:00:00+05:30,26.2,78,0.92,0.76,484.0,262.0,222.0,349.0,94740.0,0.2
2023-09-27 11:00:00+05:30,27.7,74,1.58,1.0,748.0,466.0,282.0,535.5,94670.0,0.2
2023-09-27 12:00:00+05:30,25.2,83,2.92,0.85,203.0,12.0,191.0,12.9,94510.0,3.0
2023-09-27 13:00:00+05:30,27.0,78,0.2,0.56,633.0,345.0,288.0,372.7,94480.0,3.2
2023-09-27 14:00:00+05:30,27.2,76,1.14,1.0,743.0,530.0,213.0,618.1,94430.0,0.6
2023-09-27 15:00:00+05:30,24.2,87,2.31,1.0,199.0,19.0,180.0,26.0,94400.0,19.6
2023-09-27 16:00:00+05:30,24.1,89,0.81,0.97,61.0,5.0,56.0,9.0,94400.0,2.3
2023-09-27 17:00:00+05:30,24.5,86,2.36,1.0,105.0,19.0,86.0,56.4,94430.0,0.3
2023-09-27 18:00:00+05:30,23.4,90,1.62,0.57,44.0,14.0,30.0,103.7,94440.0,0.0
2023-09-27 19:00:00+05:30,22.4,95,1.55,0.38,0.0,0.0,0.0,0.0,94500.0,0.0
2023-09-27 20:00:00+05:30,23.2,90,0.2,0.5,0.0,0.0,0.0,0.0,94560.0,0.0
2023-09-27 21:00:00+05:30,23.1,90,0.92,0.71,0.0,0.0,0.0,0.0,94630.0,0.0
2023-09-27 22:00:00+05:30,22.9,91,0.32,0.71,0.0,0.0,0.0,0.0,94630.0,0.0
2023-09-27 23:00:00+05:30,21.5,96,0.64,0.84,0.0,0.0,0.0,0.0,94580.0,0.0
2023-09-28 00:00:00+05:30,21.6,97,0.64,0.73,0.0,0.0,0.0,0.0,94520.0,0.0
2023-09-28 01:00:00+05:30,21.0,99,0.8,0.97,0.0,0.0,0.0,0.0,94460.0,0.0
2023-09-28 02:00:00+05:30,21.2,99,0.36,0.84,0.0,0.0,0.0,0.0,94400.0,0.0
2023-09-28 03:00:00+05:30,20.6,99,0.5,0.32,0.0,0.0,0.0,0.0,94390.0,0.0
2023-09-28 04:00:00+05:30,21.1,99,0.22,0.73,0.0,0.0,0.0,0.0,94390.0,0.0
2023-09-28 05:00:00+05:30,21.6,99,0.67,0.65,0.0,0.0,0.0,0.0,94450.0,0.2
2023-09-28 06:00:00+05:30,21.8,99,0.22,1.0,0.0,0.0,0.0,0.0,94490.0,0.0
2023-09-28 07:00:00+05:30,22.8,98,0.85,1.0,63.0,19.0,44.0,125.7,94610.0,0.0
2023-09-28 08:00:00+05:30,24.4,88,1.82,1.0,220.0,95.0,125.0,258.8,94660.0,0.0
2023-09-28 09:00:00+05:30,26.0,84,1.44,0.7,406.0,194.0,212.0,335.5,94710.0,0.1
2023-09-28 10:00:00+05:30,27.7,78,2.42,0.97,643.0,442.0,201.0,589.9,94720.0,0.2
2023-09-28 11:00:00+05:30,29.0,70,2.84,1.0,743.0,457.0,286.0,526.2,94670.0,0.2
2023-09-28 12:00:00+05:30,29.1,67,2.5,1.0,679.0,270.0,409.0,291.0,94540.0,0.1
2023-09-28 13:00:00+05:30,27.4,74,2.46,1.0,527.0,244.0,283.0,264.4,94440.0,2.0
2023-09-28 14:00:00+05:30,26.4,81,2.62,1.0,610.0,349.0,261.0,408.4,94320.0,0.1
2023-09-28 15:00:00+05:30,26.2,80,2.06,1.0,423.0,126.0,297.0,173.3,94320.0,1.2
2023-09-28 16:00:00+05:30,26.2,81,1.4,1.0,280.0,78.0,202.0,142.0,94280.0,0.0
2023-09-28 17:00:00+05:30,24.4,86,0.72,1.0,195.0,71.0,124.0,213.0,94390.0,5.0
2023-09-28 18:00:00+05:30,23.8,93,0.91,1.0,25.0,0.0,25.0,0.0,94440.0,0.0
2023-09-28 19:00:00+05:30,23.4,95,1.3,1.0,0.0,0.0,0.0,0.0,94460.0,0.0
2023-09-28 20:00:00+05:30,23.5,92,1.14,1.0,0.0,0.0,0.0,0.0,94560.0,0.1
2023-09-28 21:00:00+05:30,22.9,96,1.14,1.0,0.0,0.0,0.0,0.0,94520.0,0.0
2023-09-28 22:00:00+05:30,23.1,95,0.85,1.0,0.0,0.0,0.0,0.0,94530.0,0.0
2023-09-28 23:00:00+05:30,22.9,96,0.58,1.0,0.0,0.0,0.0,0.0,94560.0,0.0
2023-09-29 00:00:00+05:30,22.8,97,0.54,1.0,0.0,0.0,0.0,0.0,94510.0,0.0
2023-09-29 01:00:00+05:30,22.5,98,1.2,1.0,0.0,0.0,0.0,0.0,94440.0,0.0
2023-09-29 02:00:00+05:30,21.4,98,1.28,0.99,0.0,0.0,0.0,0.0,94370.0,0.0
2023-09-29 03:00:00+05:30,21.6,99,0.81,0.66,0.0,0.0,0.0,0.0,94380.0,0.1
2023-09-29 04:00:00+05:30,21.6,98,0.78,0.52,0.0,0.0,0.0,0.0,94380.0,0.4
2023-09-29 05:00:00+05:30,22.2,98,2.35,0.34,0.0,0.0,0.0,0.0,94440.0,0.0
2023-09-29 06:00:00+05:30,22.1,98,1.5,1.0,0.0,0.0,0.0,0.0,94490.0,0.0
2023-09-29 07:00:00+05:30,22.7,96,2.47,0.61,59.0,17.0,42.0,112.8,94540.0,0.1
2023-09-29 08:00:00+05:30,24.0,88,2.96,1.0,234.0,113.0,121.0,308.7,94620.0,0.0
2023-09-29 09:00:00+05:30,25.5,82,2.86,1.0,346.0,114.0,232.0,197.6,94710.0,0.0
2023-09-29 10:00:00+05:30,26.2,81,3.16,0.21,395.0,131.0,264.0,175.2,94740.0,0.1
2023-09-29 11:00:00+05:30,27.8,75,3.01,0.19,709.0,461.0,248.0,532.0,94650.0,0.1
2023-09-29 12:00:00+05:30,28.8,72,3.61,0.32,863.0,692.0,171.0,747.7,94530.0,0.2
2023-09-29 13:00:00+05:30,29.6,65,3.52,1.0,769.0,558.0,211.0,606.3,94390.0,0.1
2023-09-29 14:00:00+05:30,26.9,74,3.75,1.0,427.0,120.0,307.0,140.9,94330.0,1.3
2023-09-29 15:00:00+05:30,25.8,81,1.12,0.94,417.0,194.0,223.0,268.0,94270.0,2.4
2023-09-29 16:00:00+05:30,26.4,79,1.08,0.61,349.0,173.0,176.0,316.9,94250.0,0.1
2023-09-29 17:00:00+05:30,25.8,85,1.6,1.0,216.0,120.0,96.0,363.8,94310.0,0.0
2023-09-29 18:00:00+05:30,24.0,93,1.3,0.99,35.0,9.0,26.0,68.5,94360.0,3.7
2023-09-29 19:00:00+05:30,23.5,96,1.43,1.0,0.0,0.0,0.0,0.0,94450.0,0.3
2023-09-29 20:00:00+05:30,23.0,94,1.97,1.0,0.0,0.0,0.0,0.0,94590.0,0.1
2023-09-29 21:00:00+05:30,22.9,94,1.66,0.98,0.0,0.0,0.0,0.0,94630.0,0.5
2023-09-29 22:00:00+05:30,22.5,96,2.65,0.92,0.0,0.0,0.0,0.0,94630.0,0.3
2023-09-29 23:00:00+05:30,22.2,97,3.22,0.96,0.0,0.0,0.0,0.0,94550.0,0.1
2023-09-30 00:00:00+05:30,22.0,97,2.09,0.89,0.0,0.0,0.0,0.0,94530.0,0.1
2023-09-30 01:00:00+05:30,21.8,97,1.75,0.88,0.0,0.0,0.0,0.0,94460.0,0.0
2023-09-30 02:00:00+05:30,21.5,98,1.9,0.98,0.0,0.0,0.0,0.0,94430.0,0.0
2023-09-30 03:00:00+05:30,21.5,98,1.71,1.0,0.0,0.0,0.0,0.0,94400.0,0.0
2023-09-30 04:00:00+05:30,21.5,98,2.2,1.0,0.0,0.0,0.0,0.0,94380.0,0.0
2023-09-30 05:00:00+05:30,22.2,96,3.02,1.0,0.0,0.0,0.0,0.0,94370.0,0.0
2023-09-30 06:00:00+05:30,22.4,96,3.22,1.0,0.0,0.0,0.0,0.0,94460.0,0.0
2023-09-30 07:00:00+05:30,22.9,94,3.76,1.0,37.0,4.0,33.0,26.6,94500.0,0.0
2023-09-30 08:00:00+05:30,24.0,88,3.91,1.0,135.0,30.0,105.0,82.2,94600.0,0.0
2023-09-30 09:00:00+05:30,25.5,81,3.77,1.0,307.0,63.0,244.0,109.4,94620.0,0.0
2023-09-30 10:00:00+05:30,26.9,75,3.61,1.0,433.0,129.0,304.0,172.9,94670.0,0.1
2023-09-30 11:00:00+05:30,28.2,72,3.81,1.0,730.0,478.0,252.0,552.8,94620.0,0.0
2023-09-30 12:00:00+05:30,29.0,68,3.92,1.0,760.0,449.0,311.0,486.4,94540.0,0.0
2023-09-30 13:00:00+05:30,28.8,66,4.04,1.0,502.0,132.0,370.0,143.8,94370.0,0.0
2023-09-30 14:00:00+05:30,27.0,73,4.75,1.0,602.0,266.0,336.0,313.4,94330.0,0.6
2023-09-30 15:00:00+05:30,25.6,82,2.73,0.99,245.0,51.0,194.0,70.8,94270.0,1.7
2023-09-30 16:00:00+05:30,25.9,83,1.53,1.0,231.0,77.0,154.0,141.9,94310.0,0.2
2023-09-30 17:00:00+05:30,25.6,84,2.62,1.0,121.0,39.0,82.0,119.5,94350.0,0.4
2023-09-30 18:00:00+05:30,24.4,90,1.33,1.0,18.0,1.0,17.0,7.7,94380.0,0.2
2023-09-30 19:00:00+05:30,23.9,94,1.49,1.0,0.0,0.0,0.0,0.0,94400.0,0.2
2023-09-30 20:00:00+05:30,22.4,95,2.52,1.0,0.0,0.0,0.0,0.0,94510.0,1.5
2023-09-30 21:00:00+05:30,22.3,95,1.02,1.0,0.0,0.0,0.0,0.0,94540.0,0.3
2023-09-30 22:00:00+05:30,21.9,96,3.79,1.0,0.0,0.0,0.0,0.0,94590.0,0.1
2023-09-30 23:00:00+05:30,21.9,95,3.2,1.0,0.0,0.0,0.0,0.0,94520.0,0.4
2023-10-01 00:00:00+05:30,22.0,95,3.04,1.0,0.0,0.0,0.0,0.0,94460.0,0.2
2023-10-01 01:00:00+05:30,21.8,95,2.88,1.0,0.0,0.0,0.0,0.0,94370.0,0.1
2023-10-01 02:00:00+05:30,21.8,96,2.47,1.0,0.0,0.0,0.0,0.0,94290.0,0.1
2023-10-01 03:00:00+05:30,21.7,96,1.68,0.98,0.0,0.0,0.0,0.0,94300.0,0.0
2023-10-01 04:00:00+05:30,21.5,96,1.97,1.0,0.0,0.0,0.0,0.0,94300.0,0.0
2023-10-01 05:00:00+05:30,21.9,96,1.84,1.0,0.0,0.0,0.0,0.0,94380.0,0.0
2023-10-01 06:00:00+05:30,22.2,95,1.25,1.0,0.0,0.0,0.0,0.0,94440.0,0.4
2023-10-01 07:00:00+05:30,22.8,94,1.58,1.0,26.0,4.0,22.0,26.7,94500.0,1.1
2023-10-01 08:00:00+05:30,23.8,90,1.57,0.99,193.0,96.0,97.0,263.7,94580.0,0.2
2023-10-01 09:00:00+05:30,25.1,86,1.39,1.0,359.0,201.0,158.0,349.9,94650.0,0.3
2023-10-01 10:00:00+05:30,25.8,85,2.1,1.0,270.0,37.0,233.0,49.7,94640.0,0.2
2023-10-01 11:00:00+05:30,27.3,80,2.4,1.0,517.0,177.0,340.0,205.2,94580.0,0.4
2023-10-01 12:00:00+05:30,27.8,76,2.24,1.0,302.0,37.0,265.0,40.2,94480.0,0.7
2023-10-01 13:00:00+05:30,24.4,85,4.84,1.0,204.0,18.0,186.0,19.7,94410.0,9.7
2023-10-01 14:00:00+05:30,24.2,90,2.28,1.0,161.0,4.0,157.0,4.7,94320.0,3.3
2023-10-01 15:00:00+05:30,25.8,85,1.33,1.0,419.0,155.0,264.0,216.1,94260.0,0.4
2023-10-01 16:00:00+05:30,25.9,82,1.97,1.0,253.0,63.0,190.0,116.9,94280.0,0.3
2023-10-01 17:00:00+05:30,24.4,92,0.71,1.0,70.0,0.0,70.0,0.0,94420.0,0.1
2023-10-01 18:00:00+05:30,24.2,92,2.01,1.0,8.0,0.0,8.0,0.0,94450.0,0.8
2023-10-01 19:00:00+05:30,24.0,86,3.03,1.0,0.0,0.0,0.0,0.0,94480.0,0.1
2023-10-01 20:00:00+05:30,23.9,84,2.55,1.0,0.0,0.0,0.0,0.0,94570.0,0.0
2023-10-01 21:00:00+05:30,23.8,87,2.37,1.0,0.0,0.0,0.0,0.0,94630.0,0.0
2023-10-01 22:00:00+05:30,23.8,88,2.06,1.0,0.0,0.0,0.0,0.0,94670.0,0.2
2023-10-01 23:00:00+05:30,23.9,85,3.41,1.0,0.0,0.0,0.0,0.0,94650.0,0.2
2023-10-02 00:00:00+05:30,23.7,88,4.1,1.0,0.0,0.0,0.0,0.0,94620.0,0.0
2023-10-02 01:00:00+05:30,23.5,92,4.0,1.0,0.0,0.0,0.0,0.0,94580.0,0.0
2023-10-02 02:00:00+05:30,23.4,93,3.6,1.0,0.0,0.0,0.0,0.0,94520.0,0.0
2023-10-02 03:00:00+05:30,23.0,95,3.0,1.0,0.0,0.0,0.0,0.0,94500.0,0.0
2023-10-02 04:00:00+05:30,22.9,96,2.81,1.0,0.0,0.0,0.0,0.0,94520.0,0.0
2023-10-02 05:00:00+05:30,22.9,91,3.79,0.98,0.0,0.0,0.0,0.0,94580.0,0.0
2023-10-02 06:00:00+05:30,22.5,86,4.05,0.96,0.0,0.0,0.0,0.0,94590.0,0.0
2023-10-02 07:00:00+05:30,22.7,86,3.44,1.0,68.0,26.0,42.0,174.1,94700.0,0.0
2023-10-02 08:00:00+05:30,23.1,86,3.75,0.99,94.0,6.0,88.0,16.5,94820.0,0.0
2023-10-02 09:00:00+05:30,24.5,83,3.24,1.0,257.0,68.0,189.0,118.7,94910.0,0.0
2023-10-02 10:00:00+05:30,24.9,79,3.72,0.99,237.0,29.0,208.0,39.0,94960.0,0.0
2023-10-02 11:00:00+05:30,25.5,73,3.71,0.99,333.0,18.0,315.0,20.9,94890.0,0.0
2023-10-02 12:00:00+05:30,27.7,62,4.13,1.0,667.0,266.0,401.0,289.6,94820.0,0.0
2023-10-02 13:00:00+05:30,27.5,62,4.34,0.49,512.0,126.0,386.0,138.1,94740.0,0.0
2023-10-02 14:00:00+05:30,27.8,64,4.46,0.85,722.0,481.0,241.0,570.8,94680.0,0.0
2023-10-02 15:00:00+05:30,27.0,67,4.22,1.0,505.0,282.0,223.0,394.9,94630.0,0.0
2023-10-02 16:00:00+05:30,26.4,72,3.71,0.98,265.0,66.0,199.0,123.2,94620.0,0.0
2023-10-02 17:00:00+05:30,26.1,72,2.6,0.99,199.0,98.0,101.0,307.0,94680.0,0.0
2023-10-02 18:00:00+05:30,24.2,78,2.5,1.0,40.0,16.0,24.0,127.0,94700.0,0.0
2023-10-02 19:00:00+05:30,23.0,85,2.02,0.99,0.0,0.0,0.0,0.0,94740.0,0.0
2023-10-02 20:00:00+05:30,22.2,90,2.21,1.0,0.0,0.0,0.0,0.0,94780.0,0.0
2023-10-02 21:00:00+05:30,21.7,94,1.84,1.0,0.0,0.0,0.0,0.0,94840.0,0.0
2023-10-02 22:00:00+05:30,21.6,96,1.91,0.69,0.0,0.0,0.0,0.0,94850.0,0.0
2023-10-02 23:00:00+05:30,21.5,97,1.84,0.75,0.0,0.0,0.0,0.0,94850.0,0.0
2023-10-03 00:00:00+05:30,21.7,98,2.56,0.92,0.0,0.0,0.0,0.0,94830.0,0.0
2023-10-03 01:00:00+05:30,21.6,98,2.56,0.96,0.0,0.0,0.0,0.0,94770.0,0.0
2023-10-03 02:00:00+05:30,21.5,98,1.96,0.63,0.0,0.0,0.0,0.0,94730.0,0.0
2023-10-03 03:00:00+05:30,21.3,98,1.96,0.58,0.0,0.0,0.0,0.0,94700.0,0.0
2023-10-03 04:00:00+05:30,21.3,98,1.94,0.99,0.0,0.0,0.0,0.0,94710.0,0.0
2023-10-03 05:00:00+05:30,21.6,96,2.4,1.0,0.0,0.0,0.0,0.0,94810.0,0.0
2023-10-03 06:00:00+05:30,22.0,92,2.43,1.0,0.0,0.0,0.0,0.0,94870.0,0.0
2023-10-03 07:00:00+05:30,22.8,89,2.75,0.97,26.0,0.0,26.0,0.0,94950.0,0.0
2023-10-03 08:00:00+05:30,23.8,85,2.93,0.96,124.0,16.0,108.0,44.2,95010.0,0.0
2023-10-03 09:00:00+05:30,25.9,75,2.97,0.95,433.0,255.0,178.0,446.0,95050.0,0.0
2023-10-03 10:00:00+05:30,27.1,71,2.56,0.6,670.0,509.0,161.0,686.8,95070.0,0.0
2023-10-03 11:00:00+05:30,28.0,66,2.64,0.65,826.0,678.0,148.0,789.7,95020.0,0.1
2023-10-03 12:00:00+05:30,28.5,63,2.38,0.3,806.0,603.0,203.0,658.3,94890.0,0.1
2023-10-03 13:00:00+05:30,29.1,57,1.49,0.37,758.0,548.0,210.0,602.5,94790.0,0.0
2023-10-03 14:00:00+05:30,30.0,51,0.36,0.3,689.0,496.0,193.0,590.8,94710.0,0.0
2023-10-03 15:00:00+05:30,30.4,47,0.22,0.34,598.0,445.0,153.0,626.0,94660.0,0.0
2023-10-03 16:00:00+05:30,30.0,50,1.1,0.49,414.0,291.0,123.0,546.8,94650.0,0.0
2023-10-03 17:00:00+05:30,28.7,63,0.81,0.21,202.0,117.0,85.0,370.5,94710.0,0.0
2023-10-03 18:00:00+05:30,25.6,76,3.54,0.18,34.0,12.0,22.0,96.6,94760.0,0.1
2023-10-03 19:00:00+05:30,24.0,86,3.03,0.23,0.0,0.0,0.0,0.0,94800.0,0.0
2023-10-03 20:00:00+05:30,23.2,90,2.81,0.98,0.0,0.0,0.0,0.0,94880.0,0.0
2023-10-03 21:00:00+05:30,23.0,92,2.7,0.95,0.0,0.0,0.0,0.0,94970.0,0.0
2023-10-03 22:00:00+05:30,23.0,92,2.31,1.0,0.0,0.0,0.0,0.0,95020.0,0.0
2023-10-03 23:00:00+05:30,22.9,92,1.63,0.99,0.0,0.0,0.0,0.0,94990.0,0.0
2023-10-04 00:00:00+05:30,22.7,93,0.92,0.98,0.0,0.0,0.0,0.0,94970.0,0.0
2023-10-04 01:00:00+05:30,22.3,95,1.12,1.0,0.0,0.0,0.0,0.0,94890.0,0.0
2023-10-04 02:00:00+05:30,21.7,97,1.2,0.98,0.0,0.0,0.0,0.0,94800.0,0.0
2023-10-04 03:00:00+05:30,21.5,97,1.43,1.0,0.0,0.0,0.0,0.0,94790.0,0.0
2023-10-04 04:00:00+05:30,21.8,97,2.16,1.0,0.0,0.0,0.0,0.0,94780.0,0.0
2023-10-04 05:00:00+05:30,22.4,98,1.63,0.91,0.0,0.0,0.0,0.0,94850.0,0.0
2023-10-04 06:00:00+05:30,22.5,98,1.6,1.0,0.0,0.0,0.0,0.0,94920.0,0.0
2023-10-04 07:00:00+05:30,23.0,94,2.2,1.0,42.0,7.0,35.0,47.2,94990.0,0.0
2023-10-04 08:00:00+05:30,24.2,87,1.58,0.77,204.0,60.0,144.0,166.4,95060.0,0.0
2023-10-04 09:00:00+05:30,26.1,77,1.57,0.62,441.0,253.0,188.0,443.7,95100.0,0.0
2023-10-04 10:00:00+05:30,27.5,72,1.66,0.73,654.0,456.0,198.0,616.7,95100.0,0.0
2023-10-04 11:00:00+05:30,28.6,63,1.71,0.58,765.0,598.0,167.0,698.2,95040.0,0.1
2023-10-04 12:00:00+05:30,29.2,57,1.7,0.65,856.0,690.0,166.0,755.2,94980.0,0.0
2023-10-04 13:00:00+05:30,29.8,53,1.22,0.86,820.0,636.0,184.0,701.4,94870.0,0.0
2023-10-04 14:00:00+05:30,30.0,50,0.92,0.87,744.0,580.0,164.0,693.3,94800.0,0.0
2023-10-04 15:00:00+05:30,30.1,49,1.2,1.0,598.0,445.0,153.0,628.8,94760.0,0.0
2023-10-04 16:00:00+05:30,29.6,52,1.58,1.0,432.0,308.0,124.0,582.4,94750.0,0.0
2023-10-04 17:00:00+05:30,28.0,61,3.45,0.71,225.0,135.0,90.0,432.2,94760.0,0.0
2023-10-04 18:00:00+05:30,25.3,76,3.41,0.68,43.0,19.0,24.0,155.0,94820.0,0.0
2023-10-04 19:00:00+05:30,23.9,89,2.5,0.62,0.0,0.0,0.0,0.0,94890.0,0.0
2023-10-04 20:00:00+05:30,23.0,94,1.73,0.75,0.0,0.0,0.0,0.0,95000.0,0.0
2023-10-04 21:00:00+05:30,22.6,96,2.1,0.4,0.0,0.0,0.0,0.0,95050.0,0.0
2023-10-04 22:00:00+05:30,22.4,97,2.14,0.42,0.0,0.0,0.0,0.0,95070.0,0.0
2023-10-04 23:00:00+05:30,22.4,97,2.28,0.84,0.0,0.0,0.0,0.0,95020.0,0.0
2023-10-05 00:00:00+05:30,21.5,98,1.87,0.99,0.0,0.0,0.0,0.0,94980.0,0.0
2023-10-05 01:00:00+05:30,22.0,99,0.32,1.0,0.0,0.0,0.0,0.0,94930.0,0.0
2023-10-05 02:00:00+05:30,20.5,100,1.43,1.0,0.0,0.0,0.0,0.0,94830.0,0.0
2023-10-05 03:00:00+05:30,20.6,100,1.14,1.0,0.0,0.0,0.0,0.0,94810.0,0.0
2023-10-05 04:00:00+05:30,20.8,100,1.34,1.0,0.0,0.0,0.0,0.0,94820.0,0.0
2023-10-05 05:00:00+05:30,22.0,100,1.44,1.0,0.0,0.0,0.0,0.0,94860.0,0.0
2023-10-05 06:00:00+05:30,22.4,99,1.49,0.99,0.0,0.0,0.0,0.0,94950.0,0.0
2023-10-05 07:00:00+05:30,22.8,97,0.98,0.45,52.0,13.0,39.0,88.0,94980.0,0.0
2023-10-05 08:00:00+05:30,24.3,88,0.5,0.11,226.0,106.0,120.0,294.9,95080.0,0.0
2023-10-05 09:00:00+05:30,26.0,81,0.28,0.02,497.0,355.0,142.0,624.2,95100.0,0.0
2023-10-05 10:00:00+05:30,27.9,67,0.51,0.0,715.0,585.0,130.0,793.1,95080.0,0.0
2023-10-05 11:00:00+05:30,29.1,52,0.98,0.1,858.0,725.0,133.0,848.6,95010.0,0.0
2023-10-05 12:00:00+05:30,29.9,44,0.95,0.41,907.0,747.0,160.0,819.8,94920.0,0.0
2023-10-05 13:00:00+05:30,30.5,43,1.13,0.8,899.0,747.0,152.0,826.3,94840.0,0.0
2023-10-05 14:00:00+05:30,31.0,41,1.35,0.96,824.0,686.0,138.0,823.0,94720.0,0.0
2023-10-05 15:00:00+05:30,30.7,41,1.62,1.0,640.0,491.0,149.0,697.0,94680.0,0.0
2023-10-05 16:00:00+05:30,28.6,55,3.22,1.0,381.0,213.0,168.0,405.3,94700.0,0.0
2023-10-05 17:00:00+05:30,27.0,61,3.29,0.33,236.0,154.0,82.0,498.4,94740.0,0.0
2023-10-05 18:00:00+05:30,24.6,69,1.9,0.71,41.0,18.0,23.0,149.0,94720.0,0.0
2023-10-05 19:00:00+05:30,23.3,78,1.91,0.03,0.0,0.0,0.0,0.0,94790.0,0.0
2023-10-05 20:00:00+05:30,22.4,88,1.68,0.02,0.0,0.0,0.0,0.0,94870.0,0.0
2023-10-05 21:00:00+05:30,21.8,96,2.31,0.12,0.0,0.0,0.0,0.0,94910.0,0.0
2023-10-05 22:00:00+05:30,21.5,99,2.21,0.42,0.0,0.0,0.0,0.0,94940.0,0.0
2023-10-05 23:00:00+05:30,21.5,100,1.84,1.0,0.0,0.0,0.0,0.0,94930.0,0.0
2023-10-06 00:00:00+05:30,21.4,100,1.66,1.0,0.0,0.0,0.0,0.0,94890.0,0.0
2023-10-06 01:00:00+05:30,21.2,99,2.02,1.0,0.0,0.0,0.0,0.0,94840.0,0.0
2023-10-06 02:00:00+05:30,21.0,98,1.9,0.99,0.0,0.0,0.0,0.0,94790.0,0.0
2023-10-06 03:00:00+05:30,20.9,97,1.26,0.99,0.0,0.0,0.0,0.0,94760.0,0.0
2023-10-06 04:00:00+05:30,20.2,99,0.73,1.0,0.0,0.0,0.0,0.0,94750.0,0.0
2023-10-06 05:00:00+05:30,21.2,99,1.26,1.0,0.0,0.0,0.0,0.0,94810.0,0.0
2023-10-06 06:00:00+05:30,21.4,97,1.12,1.0,0.0,0.0,0.0,0.0,94870.0,0.0
2023-10-06 07:00:00+05:30,21.5,97,0.92,1.0,36.0,0.0,36.0,0.0,94930.0,0.0
2023-10-06 08:00:00+05:30,22.6,91,1.04,0.94,168.0,39.0,129.0,108.9,94980.0,0.0
2023-10-06 09:00:00+05:30,24.4,82,0.3,0.34,381.0,155.0,226.0,273.3,95010.0,0.0
2023-10-06 10:00:00+05:30,26.2,77,0.1,0.19,665.0,456.0,209.0,619.8,95010.0,0.0
2023-10-06 11:00:00+05:30,28.0,66,0.32,0.0,843.0,681.0,162.0,799.1,94950.0,0.0
2023-10-06 12:00:00+05:30,29.2,50,0.0,0.0,929.0,793.0,136.0,872.7,94850.0,0.0
2023-10-06 13:00:00+05:30,29.6,45,0.51,0.0,923.0,789.0,134.0,875.5,94730.0,0.0
2023-10-06 14:00:00+05:30,29.6,42,0.61,0.0,833.0,701.0,132.0,844.1,94670.0,0.0
2023-10-06 15:00:00+05:30,29.8,35,0.41,0.0,676.0,550.0,126.0,784.4,94640.0,0.0
2023-10-06 16:00:00+05:30,29.9,38,0.71,0.04,467.0,359.0,108.0,687.5,94650.0,0.0
2023-10-06 17:00:00+05:30,29.2,38,0.6,0.02,231.0,150.0,81.0,490.8,94680.0,0.0
2023-10-06 18:00:00+05:30,25.2,56,3.22,0.0,41.0,19.0,22.0,159.5,94670.0,0.0
2023-10-06 19:00:00+05:30,23.4,84,2.92,0.06,0.0,0.0,0.0,0.0,94740.0,0.0
2023-10-06 20:00:00+05:30,22.5,91,2.3,0.03,0.0,0.0,0.0,0.0,94800.0,0.0
2023-10-06 21:00:00+05:30,22.1,97,1.53,0.17,0.0,0.0,0.0,0.0,94850.0,0.0
2023-10-06 22:00:00+05:30,21.6,98,1.33,0.08,0.0,0.0,0.0,0.0,94850.0,0.0
2023-10-06 23:00:00+05:30,21.4,98,1.84,0.16,0.0,0.0,0.0,0.0,94810.0,0.0
2023-10-07 00:00:00+05:30,21.0,100,1.3,1.0,0.0,0.0,0.0,0.0,94770.0,0.0
2023-10-07 01:00:00+05:30,21.2,99,1.32,1.0,0.0,0.0,0.0,0.0,94740.0,0.0
2023-10-07 02:00:00+05:30,21.2,99,1.33,1.0,0.0,0.0,0.0,0.0,94730.0,0.0
2023-10-07 03:00:00+05:30,21.1,99,1.0,1.0,0.0,0.0,0.0,0.0,94710.0,0.0
2023-10-07 04:00:00+05:30,21.0,98,0.61,1.0,0.0,0.0,0.0,0.0,94740.0,0.0
2023-10-07 05:00:00+05:30,21.7,98,0.51,1.0,0.0,0.0,0.0,0.0,94800.0,0.0
2023-10-07 06:00:00+05:30,22.0,97,0.4,0.99,0.0,0.0,0.0,0.0,94870.0,0.0
2023-10-07 07:00:00+05:30,22.4,97,0.2,0.9,37.0,5.0,32.0,34.1,94920.0,0.0
2023-10-07 08:00:00+05:30,23.9,86,0.1,0.75,208.0,73.0,135.0,204.6,95000.0,0.0
2023-10-07 09:00:00+05:30,25.8,82,0.1,0.16,481.0,327.0,154.0,578.1,95030.0,0.0
2023-10-07 10:00:00+05:30,27.6,72,0.4,0.49,701.0,563.0,138.0,767.2,95010.0,0.0
2023-10-07 11:00:00+05:30,29.0,60,0.5,0.15,830.0,690.0,140.0,811.8,94960.0,0.0
2023-10-07 12:00:00+05:30,30.0,49,0.3,0.9,893.0,735.0,158.0,811.2,94870.0,0.0
2023-10-07 13:00:00+05:30,30.3,45,0.32,0.43,876.0,730.0,146.0,812.6,94790.0,0.0
2023-10-07 14:00:00+05:30,30.4,42,0.1,0.09,796.0,651.0,145.0,786.8,94720.0,0.0
2023-10-07 15:00:00+05:30,30.1,42,0.32,0.17,632.0,476.0,156.0,682.1,94700.0,0.0
2023-10-07 16:00:00+05:30,29.6,44,0.64,0.03,418.0,283.0,135.0,545.5,94700.0,0.0
2023-10-07 17:00:00+05:30,28.5,54,1.0,0.35,224.0,144.0,80.0,476.5,94730.0,0.0
2023-10-07 18:00:00+05:30,27.5,51,1.46,0.32,37.0,16.0,21.0,136.3,94780.0,0.0
2023-10-07 19:00:00+05:30,24.6,62,2.19,0.95,0.0,0.0,0.0,0.0,94810.0,0.0
2023-10-07 20:00:00+05:30,23.4,77,2.52,0.88,0.0,0.0,0.0,0.0,94890.0,0.0
2023-10-07 21:00:00+05:30,22.5,84,2.06,0.19,0.0,0.0,0.0,0.0,94910.0,0.0
2023-10-07 22:00:00+05:30,21.5,88,1.61,0.9,0.0,0.0,0.0,0.0,94910.0,0.0
2023-10-07 23:00:00+05:30,20.9,91,0.95,0.75,0.0,0.0,0.0,0.0,94920.0,0.0
2023-10-08 00:00:00+05:30,20.2,94,1.12,0.54,0.0,0.0,0.0,0.0,94860.0,0.0
2023-10-08 01:00:00+05:30,20.0,95,0.82,0.0,0.0,0.0,0.0,0.0,94810.0,0.0
2023-10-08 02:00:00+05:30,19.6,97,1.0,0.03,0.0,0.0,0.0,0.0,94770.0,0.0
2023-10-08 03:00:00+05:30,19.3,97,1.28,0.01,0.0,0.0,0.0,0.0,94760.0,0.0
2023-10-08 04:00:00+05:30,19.6,98,0.51,0.02,0.0,0.0,0.0,0.0,94780.0,0.0
2023-10-08 05:00:00+05:30,20.5,98,0.41,0.02,0.0,0.0,0.0,0.0,94810.0,0.0
2023-10-08 06:00:00+05:30,21.4,94,0.67,0.83,0.0,0.0,0.0,0.0,94910.0,0.0
2023-10-08 07:00:00+05:30,22.5,92,0.41,0.36,47.0,13.0,34.0,89.1,94970.0,0.0
2023-10-08 08:00:00+05:30,25.0,79,0.3,0.04,260.0,158.0,102.0,444.4,95080.0,0.0
2023-10-08 09:00:00+05:30,26.9,70,0.58,0.01,506.0,391.0,115.0,693.2,95120.0,0.0
2023-10-08 10:00:00+05:30,28.4,64,1.04,0.06,703.0,575.0,128.0,785.6,95130.0,0.0
2023-10-08 11:00:00+05:30,29.6,55,1.3,0.26,829.0,688.0,141.0,811.6,95060.0,0.0
2023-10-08 12:00:00+05:30,30.4,49,1.21,0.26,858.0,695.0,163.0,769.3,94990.0,0.0
2023-10-08 13:00:00+05:30,30.5,46,1.0,0.25,816.0,627.0,189.0,700.2,94900.0,0.0
2023-10-08 14:00:00+05:30,30.5,47,1.0,0.11,735.0,571.0,164.0,692.8,94870.0,0.0
2023-10-08 15:00:00+05:30,30.5,46,1.32,0.13,623.0,483.0,140.0,695.4,94850.0,0.0
2023-10-08 16:00:00+05:30,29.8,50,1.51,0.21,400.0,272.0,128.0,527.8,94840.0,0.0
2023-10-08 17:00:00+05:30,28.7,60,1.3,0.05,197.0,112.0,85.0,374.8,94840.0,0.0
2023-10-08 18:00:00+05:30,26.0,73,1.6,0.33,33.0,13.0,20.0,112.4,94860.0,0.0
2023-10-08 19:00:00+05:30,24.8,76,1.58,0.1,0.0,0.0,0.0,0.0,94910.0,0.0
2023-10-08 20:00:00+05:30,24.0,76,2.36,0.1,0.0,0.0,0.0,0.0,95000.0,0.0
2023-10-08 21:00:00+05:30,22.8,85,1.8,0.07,0.0,0.0,0.0,0.0,95020.0,0.0
2023-10-08 22:00:00+05:30,23.8,76,1.4,0.13,0.0,0.0,0.0,0.0,95080.0,0.0
2023-10-08 23:00:00+05:30,22.2,85,1.41,0.01,0.0,0.0,0.0,0.0,95030.0,0.0
2023-10-09 00:00:00+05:30,21.6,87,0.14,0.0,0.0,0.0,0.0,0.0,94980.0,0.0
2023-10-09 01:00:00+05:30,20.5,92,1.3,0.0,0.0,0.0,0.0,0.0,94920.0,0.0
2023-10-09 02:00:00+05:30,19.9,95,0.91,0.0,0.0,0.0,0.0,0.0,94860.0,0.0
2023-10-09 03:00:00+05:30,19.4,95,0.99,0.0,0.0,0.0,0.0,0.0,94860.0,0.0
2023-10-09 04:00:00+05:30,19.0,95,1.61,0.0,0.0,0.0,0.0,0.0,94870.0,0.0
2023-10-09 05:00:00+05:30,20.9,91,1.56,0.0,0.0,0.0,0.0,0.0,94950.0,0.0
2023-10-09 06:00:00+05:30,21.2,90,1.77,0.27,0.0,0.0,0.0,0.0,95030.0,0.0
2023-10-09 07:00:00+05:30,23.2,85,0.82,0.73,56.0,19.0,37.0,130.8,95140.0,0.0
2023-10-09 08:00:00+05:30,26.1,78,0.0,1.0,224.0,109.0,115.0,307.7,95280.0,0.0
2023-10-09 09:00:00+05:30,27.6,68,0.5,0.51,353.0,117.0,236.0,208.0,95330.0,0.0
2023-10-09 10:00:00+05:30,29.0,58,0.78,0.2,606.0,371.0,235.0,508.3,95330.0,0.0
2023-10-09 11:00:00+05:30,29.8,52,0.85,0.15,744.0,564.0,180.0,667.2,95280.0,0.0
2023-10-09 12:00:00+05:30,30.2,49,0.22,0.19,813.0,619.0,194.0,687.2,95200.0,0.0
2023-10-09 13:00:00+05:30,30.5,46,0.3,0.15,794.0,601.0,193.0,673.4,95090.0,0.0
2023-10-09 14:00:00+05:30,30.8,45,0.9,0.11,742.0,570.0,172.0,694.2,95000.0,0.0
2023-10-09 15:00:00+05:30,31.0,44,1.03,0.15,598.0,449.0,149.0,649.5,94940.0,0.0
2023-10-09 16:00:00+05:30,30.1,49,1.88,0.47,419.0,303.0,116.0,591.8,94930.0,0.0
2023-10-09 17:00:00+05:30,27.6,61,3.47,0.37,197.0,117.0,80.0,396.0,94960.0,0.0
2023-10-09 18:00:00+05:30,25.6,69,1.64,0.12,32.0,13.0,19.0,114.0,94940.0,0.0
2023-10-09 19:00:00+05:30,24.9,70,1.7,0.08,0.0,0.0,0.0,0.0,95000.0,0.0
2023-10-09 20:00:00+05:30,24.0,71,2.02,0.08,0.0,0.0,0.0,0.0,95060.0,0.0
2023-10-09 21:00:00+05:30,22.9,77,1.6,0.02,0.0,0.0,0.0,0.0,95090.0,0.0
2023-10-09 22:00:00+05:30,22.1,81,2.0,0.02,0.0,0.0,0.0,0.0,95070.0,0.0
2023-10-09 23:00:00+05:30,21.9,81,1.55,0.01,0.0,0.0,0.0,0.0,95010.0,0.0
2023-10-10 00:00:00+05:30,21.5,83,1.71,0.0,0.0,0.0,0.0,0.0,94980.0,0.0
2023-10-10 01:00:00+05:30,21.1,84,1.03,0.03,0.0,0.0,0.0,0.0,94960.0,0.0
2023-10-10 02:00:00+05:30,20.5,87,0.64,0.31,0.0,0.0,0.0,0.0,94910.0,0.0
2023-10-10 03:00:00+05:30,19.6,92,1.06,0.87,0.0,0.0,0.0,0.0,94890.0,0.0
2023-10-10 04:00:00+05:30,20.0,90,0.73,0.85,0.0,0.0,0.0,0.0,94920.0,0.0
2023-10-10 05:00:00+05:30,20.5,91,0.76,0.6,0.0,0.0,0.0,0.0,94980.0,0.0
2023-10-10 06:00:00+05:30,20.4,93,0.95,0.01,0.0,0.0,0.0,0.0,95000.0,0.0
2023-10-10 07:00:00+05:30,22.0,90,0.45,0.0,67.0,33.0,34.0,228.2,95130.0,0.0
2023-10-10 08:00:00+05:30,25.0,81,0.22,0.0,275.0,187.0,88.0,530.0,95250.0,0.0
2023-10-10 09:00:00+05:30,27.2,69,0.45,0.0,501.0,389.0,112.0,693.8,95330.0,0.0
2023-10-10 10:00:00+05:30,29.0,54,1.39,0.0,696.0,569.0,127.0,781.7,95310.0,0.0
2023-10-10 11:00:00+05:30,30.1,49,2.02,0.0,835.0,701.0,134.0,831.6,95230.0,0.0
2023-10-10 12:00:00+05:30,30.8,46,1.5,0.16,898.0,758.0,140.0,844.0,95130.0,0.0
2023-10-10 13:00:00+05:30,30.9,44,1.0,0.17,833.0,651.0,182.0,731.8,95040.0,0.0
2023-10-10 14:00:00+05:30,31.1,42,0.86,0.28,745.0,579.0,166.0,708.0,94970.0,0.0
2023-10-10 15:00:00+05:30,31.0,42,1.35,0.17,614.0,484.0,130.0,703.6,94900.0,0.0
2023-10-10 16:00:00+05:30,30.3,46,1.77,0.07,438.0,327.0,111.0,643.0,94880.0,0.0
2023-10-10 17:00:00+05:30,29.3,70,1.82,0.07,215.0,140.0,75.0,479.4,94850.0,0.0
2023-10-10 18:00:00+05:30,26.7,57,2.44,0.18,32.0,14.0,18.0,124.7,94880.0,0.0
2023-10-10 19:00:00+05:30,25.3,61,2.42,0.29,0.0,0.0,0.0,0.0,94950.0,0.0
2023-10-10 20:00:00+05:30,23.7,71,1.92,0.1,0.0,0.0,0.0,0.0,95020.0,0.0
2023-10-10 21:00:00+05:30,24.4,66,1.7,0.04,0.0,0.0,0.0,0.0,95100.0,0.0
2023-10-10 22:00:00+05:30,24.2,67,0.72,0.08,0.0,0.0,0.0,0.0,95100.0,0.0
2023-10-10 23:00:00+05:30,22.0,80,1.22,0.2,0.0,0.0,0.0,0.0,95030.0,0.0
2023-10-11 00:00:00+05:30,22.5,79,0.5,0.43,0.0,0.0,0.0,0.0,95030.0,0.0
2023-10-11 01:00:00+05:30,21.1,88,0.36,0.02,0.0,0.0,0.0,0.0,94940.0,0.0
2023-10-11 02:00:00+05:30,20.4,91,0.82,0.04,0.0,0.0,0.0,0.0,94880.0,0.0
2023-10-11 03:00:00+05:30,20.2,91,0.71,0.01,0.0,0.0,0.0,0.0,94870.0,0.0
2023-10-11 04:00:00+05:30,20.4,88,0.73,0.01,0.0,0.0,0.0,0.0,94880.0,0.0
2023-10-11 05:00:00+05:30,19.5,98,1.0,0.18,0.0,0.0,0.0,0.0,94920.0,0.0
2023-10-11 06:00:00+05:30,20.5,95,0.6,0.05,0.0,0.0,0.0,0.0,94990.0,0.0
2023-10-11 07:00:00+05:30,21.9,92,0.5,0.01,66.0,33.0,33.0,229.2,95090.0,0.0
2023-10-11 08:00:00+05:30,24.7,81,0.22,0.01,272.0,185.0,87.0,526.5,95200.0,0.0
2023-10-11 09:00:00+05:30,27.1,69,0.85,0.0,497.0,383.0,114.0,685.2,95280.0,0.0
2023-10-11 10:00:00+05:30,28.8,60,1.56,0.16,688.0,559.0,129.0,770.1,95260.0,0.0
2023-10-11 11:00:00+05:30,29.4,54,1.97,0.33,738.0,583.0,155.0,693.6,95210.0,0.1
2023-10-11 12:00:00+05:30,29.6,51,1.8,0.25,762.0,564.0,198.0,629.9,95100.0,0.0
2023-10-11 13:00:00+05:30,30.0,49,1.4,0.26,820.0,653.0,167.0,736.6,95020.0,0.1
2023-10-11 14:00:00+05:30,30.0,48,1.1,0.41,729.0,573.0,156.0,703.4,94930.0,0.2
2023-10-11 15:00:00+05:30,29.9,49,1.21,0.46,572.0,429.0,143.0,626.7,94900.0,0.1
2023-10-11 16:00:00+05:30,29.5,51,0.92,0.32,386.0,263.0,123.0,520.6,94920.0,0.1
2023-10-11 17:00:00+05:30,29.4,55,1.7,0.2,188.0,108.0,80.0,374.1,94930.0,0.0
2023-10-11 18:00:00+05:30,26.9,63,3.4,0.09,22.0,7.0,15.0,63.3,94960.0,0.0
2023-10-11 19:00:00+05:30,25.1,71,2.38,0.04,0.0,0.0,0.0,0.0,94960.0,0.0
2023-10-11 20:00:00+05:30,24.0,77,2.39,0.01,0.0,0.0,0.0,0.0,95020.0,0.0
2023-10-11 21:00:00+05:30,23.4,79,1.68,0.01,0.0,0.0,0.0,0.0,95070.0,0.0
2023-10-11 22:00:00+05:30,22.4,86,1.49,0.05,0.0,0.0,0.0,0.0,95060.0,0.0
2023-10-11 23:00:00+05:30,21.9,88,0.95,0.0,0.0,0.0,0.0,0.0,95010.0,0.0
2023-10-12 00:00:00+05:30,21.2,90,1.14,0.0,0.0,0.0,0.0,0.0,94970.0,0.0
2023-10-12 01:00:00+05:30,20.6,93,1.08,0.01,0.0,0.0,0.0,0.0,94900.0,0.0
2023-10-12 02:00:00+05:30,20.1,95,0.98,0.05,0.0,0.0,0.0,0.0,94870.0,0.0
2023-10-12 03:00:00+05:30,19.9,96,0.89,0.15,0.0,0.0,0.0,0.0,94860.0,0.0
2023-10-12 04:00:00+05:30,20.2,93,0.54,0.01,0.0,0.0,0.0,0.0,94890.0,0.0
2023-10-12 05:00:00+05:30,20.0,100,0.3,0.11,0.0,0.0,0.0,0.0,94950.0,0.0
2023-10-12 06:00:00+05:30,20.5,100,0.22,0.98,0.0,0.0,0.0,0.0,95030.0,0.0
2023-10-12 07:00:00+05:30,21.8,98,0.28,0.55,55.0,22.0,33.0,153.5,95100.0,0.0
2023-10-12 08:00:00+05:30,24.8,84,0.32,0.33,252.0,152.0,100.0,434.3,95220.0,0.0
2023-10-12 09:00:00+05:30,27.0,70,1.12,0.13,460.0,325.0,135.0,583.2,95290.0,0.0
2023-10-12 10:00:00+05:30,28.9,61,2.35,0.13,663.0,517.0,146.0,714.3,95310.0,0.0
2023-10-12 11:00:00+05:30,30.1,54,2.71,0.22,809.0,653.0,156.0,779.1,95230.0,0.0
2023-10-12 12:00:00+05:30,30.4,50,2.97,0.14,793.0,630.0,163.0,705.8,95170.0,0.0
2023-10-12 13:00:00+05:30,31.0,47,2.75,0.19,813.0,657.0,156.0,743.6,95090.0,0.0
2023-10-12 14:00:00+05:30,31.1,45,2.53,0.25,728.0,552.0,176.0,680.3,95010.0,0.1
2023-10-12 15:00:00+05:30,30.8,46,2.7,0.29,552.0,383.0,169.0,562.3,94970.0,0.0
2023-10-12 16:00:00+05:30,30.3,49,1.91,0.36,362.0,242.0,120.0,482.3,94980.0,0.0
2023-10-12 17:00:00+05:30,29.3,55,1.39,0.17,182.0,106.0,76.0,371.5,94940.0,0.0
2023-10-12 18:00:00+05:30,26.9,58,2.28,0.06,29.0,12.0,17.0,110.2,94930.0,0.0
2023-10-12 19:00:00+05:30,25.2,60,1.4,0.21,0.0,0.0,0.0,0.0,95000.0,0.0
2023-10-12 20:00:00+05:30,24.7,79,2.5,0.35,0.0,0.0,0.0,0.0,95140.0,0.0
2023-10-12 21:00:00+05:30,23.5,90,2.1,0.09,0.0,0.0,0.0,0.0,95150.0,0.0
2023-10-12 22:00:00+05:30,23.9,87,0.76,0.12,0.0,0.0,0.0,0.0,95170.0,0.0
2023-10-12 23:00:00+05:30,22.0,96,1.04,0.11,0.0,0.0,0.0,0.0,95100.0,0.0
2023-10-13 00:00:00+05:30,21.4,98,1.17,0.01,0.0,0.0,0.0,0.0,95070.0,0.0
2023-10-13 01:00:00+05:30,20.6,99,1.44,0.1,0.0,0.0,0.0,0.0,95000.0,0.0
2023-10-13 02:00:00+05:30,21.0,99,0.36,0.97,0.0,0.0,0.0,0.0,94960.0,0.0
2023-10-13 03:00:00+05:30,20.8,100,0.22,0.98,0.0,0.0,0.0,0.0,94950.0,0.0
2023-10-13 04:00:00+05:30,20.2,100,0.0,0.97,0.0,0.0,0.0,0.0,94940.0,0.0
2023-10-13 05:00:00+05:30,20.2,100,0.78,0.96,0.0,0.0,0.0,0.0,95030.0,0.0
2023-10-13 06:00:00+05:30,19.9,100,0.41,0.94,0.0,0.0,0.0,0.0,95080.0,0.0
2023-10-13 07:00:00+05:30,21.9,93,0.58,0.04,64.0,31.0,33.0,217.4,95200.0,0.0
2023-10-13 08:00:00+05:30,24.9,79,1.39,0.02,270.0,184.0,86.0,528.0,95320.0,0.0
2023-10-13 09:00:00+05:30,26.9,66,2.16,0.01,489.0,373.0,116.0,671.6,95390.0,0.0
2023-10-13 10:00:00+05:30,28.7,58,2.71,0.01,685.0,557.0,128.0,771.9,95390.0,0.0
2023-10-13 11:00:00+05:30,30.1,52,3.01,0.28,828.0,696.0,132.0,832.9,95340.0,0.0
2023-10-13 12:00:00+05:30,30.9,43,3.38,0.09,779.0,595.0,184.0,668.7,95240.0,0.0
2023-10-13 13:00:00+05:30,31.5,41,3.06,0.08,809.0,643.0,166.0,730.3,95140.0,0.0
2023-10-13 14:00:00+05:30,31.7,40,2.7,0.06,744.0,601.0,143.0,743.7,95050.0,0.0
2023-10-13 15:00:00+05:30,31.5,40,2.51,0.57,607.0,468.0,139.0,690.5,95010.0,0.0
2023-10-13 16:00:00+05:30,30.4,42,2.78,0.03,398.0,266.0,132.0,533.8,95010.0,0.0
2023-10-13 17:00:00+05:30,29.6,68,1.33,0.08,208.0,135.0,73.0,478.8,94960.0,0.0
2023-10-13 18:00:00+05:30,26.8,63,1.86,0.18,27.0,11.0,16.0,102.6,94930.0,0.0
2023-10-13 19:00:00+05:30,26.0,63,1.84,0.42,0.0,0.0,0.0,0.0,95010.0,0.0
2023-10-13 20:00:00+05:30,24.7,70,1.2,0.28,0.0,0.0,0.0,0.0,95100.0,0.0
2023-10-13 21:00:00+05:30,23.8,75,1.13,0.95,0.0,0.0,0.0,0.0,95160.0,0.0
2023-10-13 22:00:00+05:30,23.0,84,1.24,0.81,0.0,0.0,0.0,0.0,95160.0,0.0
2023-10-13 23:00:00+05:30,21.6,94,1.21,1.0,0.0,0.0,0.0,0.0,95100.0,0.0
2023-10-14 00:00:00+05:30,22.3,91,0.61,0.97,0.0,0.0,0.0,0.0,95080.0,0.0
2023-10-14 01:00:00+05:30,21.6,95,0.8,0.62,0.0,0.0,0.0,0.0,95000.0,0.0
2023-10-14 02:00:00+05:30,21.0,96,1.0,0.14,0.0,0.0,0.0,0.0,94950.0,0.0
2023-10-14 03:00:00+05:30,20.5,97,1.13,0.01,0.0,0.0,0.0,0.0,94930.0,0.0
2023-10-14 04:00:00+05:30,20.3,99,0.91,0.0,0.0,0.0,0.0,0.0,94940.0,0.0
2023-10-14 05:00:00+05:30,20.6,93,0.32,0.98,0.0,0.0,0.0,0.0,95020.0,0.0
2023-10-14 06:00:00+05:30,20.5,93,0.32,0.84,0.0,0.0,0.0,0.0,95120.0,0.0
2023-10-14 07:00:00+05:30,21.1,93,0.73,0.77,59.0,25.0,34.0,176.2,95190.0,0.0
2023-10-14 08:00:00+05:30,23.8,81,0.22,0.38,201.0,77.0,124.0,221.9,95300.0,0.0
2023-10-14 09:00:00+05:30,26.1,68,0.85,0.75,441.0,303.0,138.0,547.3,95390.0,0.0
2023-10-14 10:00:00+05:30,28.1,59,1.08,0.76,681.0,546.0,135.0,759.0,95410.0,0.0
2023-10-14 11:00:00+05:30,29.7,53,1.3,0.73,820.0,681.0,139.0,817.4,95340.0,0.0
2023-10-14 12:00:00+05:30,30.9,41,1.71,0.18,776.0,591.0,185.0,666.3,95230.0,0.0
2023-10-14 13:00:00+05:30,31.4,39,2.24,0.14,814.0,636.0,178.0,724.9,95110.0,0.0
2023-10-14 14:00:00+05:30,31.4,37,2.88,0.56,751.0,599.0,152.0,744.2,95020.0,0.0
2023-10-14 15:00:00+05:30,30.6,39,2.78,0.37,513.0,342.0,171.0,507.1,94980.0,0.0
2023-10-14 16:00:00+05:30,29.9,42,2.47,0.12,389.0,268.0,121.0,541.5,94980.0,0.0
2023-10-14 17:00:00+05:30,28.2,68,1.7,0.13,187.0,112.0,75.0,401.9,95000.0,0.0
2023-10-14 18:00:00+05:30,25.8,57,1.48,0.04,28.0,12.0,16.0,113.7,94960.0,0.0
2023-10-14 19:00:00+05:30,23.1,66,1.94,0.01,0.0,0.0,0.0,0.0,94960.0,0.0
2023-10-14 20:00:00+05:30,21.6,69,1.89,0.01,0.0,0.0,0.0,0.0,95000.0,0.0
2023-10-14 21:00:00+05:30,21.3,71,1.8,0.0,0.0,0.0,0.0,0.0,95060.0,0.0
2023-10-14 22:00:00+05:30,21.7,76,2.02,0.01,0.0,0.0,0.0,0.0,95090.0,0.0
2023-10-14 23:00:00+05:30,23.1,70,0.86,0.06,0.0,0.0,0.0,0.0,95110.0,0.0
2023-10-15 00:00:00+05:30,21.7,78,0.3,0.03,0.0,0.0,0.0,0.0,95030.0,0.0
2023-10-15 01:00:00+05:30,20.4,86,1.0,0.02,0.0,0.0,0.0,0.0,94920.0,0.0
2023-10-15 02:00:00+05:30,19.8,90,1.22,0.07,0.0,0.0,0.0,0.0,94890.0,0.0
2023-10-15 03:00:00+05:30,20.5,86,0.5,0.12,0.0,0.0,0.0,0.0,94870.0,0.0
2023-10-15 04:00:00+05:30,19.2,92,1.0,0.05,0.0,0.0,0.0,0.0,94850.0,0.0
2023-10-15 05:00:00+05:30,20.0,95,0.72,0.0,0.0,0.0,0.0,0.0,94940.0,0.0
2023-10-15 06:00:00+05:30,20.0,96,1.2,0.41,0.0,0.0,0.0,0.0,94980.0,0.0
2023-10-15 07:00:00+05:30,21.8,90,0.36,0.24,59.0,28.0,31.0,198.3,95090.0,0.0
2023-10-15 08:00:00+05:30,25.0,78,0.1,0.12,253.0,162.0,91.0,469.0,95200.0,0.0
2023-10-15 09:00:00+05:30,27.3,66,0.45,0.1,469.0,348.0,121.0,630.8,95270.0,0.0
2023-10-15 10:00:00+05:30,29.0,57,1.14,0.05,661.0,521.0,140.0,726.5,95240.0,0.0
2023-10-15 11:00:00+05:30,30.2,46,1.7,0.27,786.0,648.0,138.0,780.2,95160.0,0.0
2023-10-15 12:00:00+05:30,30.5,42,1.77,0.19,804.0,641.0,163.0,725.0,95040.0,0.0
2023-10-15 13:00:00+05:30,30.8,42,1.84,0.15,810.0,651.0,159.0,744.6,94930.0,0.0
2023-10-15 14:00:00+05:30,30.8,41,1.34,0.21,732.0,587.0,145.0,732.3,94840.0,0.0
2023-10-15 15:00:00+05:30,30.5,42,0.95,0.16,574.0,434.0,140.0,646.8,94800.0,0.0
2023-10-15 16:00:00+05:30,30.1,44,0.85,0.2,390.0,284.0,106.0,577.7,94820.0,0.0
2023-10-15 17:00:00+05:30,29.1,60,1.17,0.26,177.0,108.0,69.0,392.2,94780.0,0.0
2023-10-15 18:00:00+05:30,26.4,57,2.01,0.28,26.0,10.0,16.0,96.2,94740.0,0.0
2023-10-15 19:00:00+05:30,25.6,55,1.98,0.1,0.0,0.0,0.0,0.0,94840.0,0.0
2023-10-15 20:00:00+05:30,24.5,60,2.02,0.12,0.0,0.0,0.0,0.0,94950.0,0.0
2023-10-15 21:00:00+05:30,22.9,74,1.63,0.18,0.0,0.0,0.0,0.0,94970.0,0.0
2023-10-15 22:00:00+05:30,22.6,76,1.61,0.32,0.0,0.0,0.0,0.0,94970.0,0.0
2023-10-15 23:00:00+05:30,22.5,78,0.85,0.32,0.0,0.0,0.0,0.0,94930.0,0.0
2023-10-16 00:00:00+05:30,21.5,85,1.2,0.17,0.0,0.0,0.0,0.0,94900.0,0.0
2023-10-16 01:00:00+05:30,20.9,88,1.0,0.01,0.0,0.0,0.0,0.0,94830.0,0.0
2023-10-16 02:00:00+05:30,21.5,82,0.61,0.09,0.0,0.0,0.0,0.0,94820.0,0.0
2023-10-16 03:00:00+05:30,21.4,83,0.5,0.08,0.0,0.0,0.0,0.0,94800.0,0.0
2023-10-16 04:00:00+05:30,21.1,84,0.5,0.08,0.0,0.0,0.0,0.0,94810.0,0.0
2023-10-16 05:00:00+05:30,20.1,93,0.72,0.18,0.0,0.0,0.0,0.0,94880.0,0.0
2023-10-16 06:00:00+05:30,20.1,94,1.08,0.18,0.0,0.0,0.0,0.0,94940.0,0.0
2023-10-16 07:00:00+05:30,22.0,87,0.51,0.28,58.0,26.0,32.0,185.1,95030.0,0.0
2023-10-16 08:00:00+05:30,25.1,74,0.6,0.3,239.0,144.0,95.0,418.8,95130.0,0.0
2023-10-16 09:00:00+05:30,27.2,63,1.49,0.35,458.0,323.0,135.0,587.5,95210.0,0.0
2023-10-16 10:00:00+05:30,29.0,53,2.21,0.14,627.0,448.0,179.0,626.6,95200.0,0.0
2023-10-16 11:00:00+05:30,30.2,44,3.5,0.19,796.0,653.0,143.0,788.7,95110.0,0.0
2023-10-16 12:00:00+05:30,30.5,42,3.41,0.08,814.0,653.0,161.0,741.0,95030.0,0.0
2023-10-16 13:00:00+05:30,30.7,42,2.63,0.35,813.0,657.0,156.0,754.2,94940.0,0.0
2023-10-16 14:00:00+05:30,30.9,41,2.11,0.26,745.0,591.0,154.0,740.3,94870.0,0.0
2023-10-16 15:00:00+05:30,30.6,41,1.4,0.28,564.0,412.0,152.0,617.1,94820.0,0.0
2023-10-16 16:00:00+05:30,30.5,41,0.7,0.32,363.0,245.0,118.0,501.8,94820.0,0.0
2023-10-16 17:00:00+05:30,28.6,71,1.0,0.2,176.0,100.0,76.0,367.5,94820.0,0.0
2023-10-16 18:00:00+05:30,26.0,71,1.51,0.56,21.0,7.0,14.0,68.4,94820.0,0.0
2023-10-16 19:00:00+05:30,25.0,70,1.26,0.4,0.0,0.0,0.0,0.0,94870.0,0.0
2023-10-16 20:00:00+05:30,24.5,72,2.31,0.28,0.0,0.0,0.0,0.0,94940.0,0.0
2023-10-16 21:00:00+05:30,24.1,72,1.94,0.46,0.0,0.0,0.0,0.0,94990.0,0.0
2023-10-16 22:00:00+05:30,24.5,68,1.2,0.48,0.0,0.0,0.0,0.0,95050.0,0.0
2023-10-16 23:00:00+05:30,23.0,81,0.81,0.3,0.0,0.0,0.0,0.0,95020.0,0.0
2023-10-17 00:00:00+05:30,23.8,72,0.99,0.08,0.0,0.0,0.0,0.0,94990.0,0.0
2023-10-17 01:00:00+05:30,21.4,85,1.49,0.07,0.0,0.0,0.0,0.0,94910.0,0.0
2023-10-17 02:00:00+05:30,21.4,82,1.36,0.04,0.0,0.0,0.0,0.0,94880.0,0.0
2023-10-17 03:00:00+05:30,20.5,84,1.49,0.01,0.0,0.0,0.0,0.0,94850.0,0.0
2023-10-17 04:00:00+05:30,19.8,87,1.75,0.01,0.0,0.0,0.0,0.0,94860.0,0.0
2023-10-17 05:00:00+05:30,20.2,95,1.2,0.06,0.0,0.0,0.0,0.0,94980.0,0.0
2023-10-17 06:00:00+05:30,20.5,88,1.58,0.04,0.0,0.0,0.0,0.0,95050.0,0.0
2023-10-17 07:00:00+05:30,22.0,80,1.33,0.06,62.0,30.0,32.0,214.8,95180.0,0.0
2023-10-17 08:00:00+05:30,24.2,73,0.45,0.51,261.0,174.0,87.0,508.4,95280.0,0.0
2023-10-17 09:00:00+05:30,26.5,67,0.5,0.44,477.0,351.0,126.0,640.7,95350.0,0.0
2023-10-17 10:00:00+05:30,28.5,59,1.27,0.31,667.0,534.0,133.0,749.3,95330.0,0.0
2023-10-17 11:00:00+05:30,29.5,51,1.51,0.32,751.0,589.0,162.0,713.6,95260.0,0.0
2023-10-17 12:00:00+05:30,30.4,47,1.63,0.41,818.0,651.0,167.0,741.2,95150.0,0.0
2023-10-17 13:00:00+05:30,30.8,45,1.41,0.28,819.0,659.0,160.0,759.2,95070.0,0.0
2023-10-17 14:00:00+05:30,30.6,46,1.66,0.21,680.0,526.0,154.0,661.6,95000.0,0.0
2023-10-17 15:00:00+05:30,30.6,45,1.42,0.12,588.0,450.0,138.0,677.4,94970.0,0.0
2023-10-17 16:00:00+05:30,30.0,48,1.57,0.31,389.0,274.0,115.0,565.1,94970.0,0.0
2023-10-17 17:00:00+05:30,28.5,56,1.2,0.16,176.0,102.0,74.0,379.3,94980.0,0.0
2023-10-17 18:00:00+05:30,27.5,48,1.84,0.01,24.0,9.0,15.0,89.4,94960.0,0.0
2023-10-17 19:00:00+05:30,24.2,63,1.77,0.0,0.0,0.0,0.0,0.0,94960.0,0.0
2023-10-17 20:00:00+05:30,23.8,67,2.95,0.0,0.0,0.0,0.0,0.0,95090.0,0.0
2023-10-17 21:00:00+05:30,22.5,73,1.78,0.0,0.0,0.0,0.0,0.0,95120.0,0.0
2023-10-17 22:00:00+05:30,23.0,70,1.34,0.0,0.0,0.0,0.0,0.0,95160.0,0.0
2023-10-17 23:00:00+05:30,21.2,80,1.53,0.0,0.0,0.0,0.0,0.0,95130.0,0.0
2023-10-18 00:00:00+05:30,22.0,74,0.67,0.0,0.0,0.0,0.0,0.0,95110.0,0.0
2023-10-18 01:00:00+05:30,20.0,87,0.6,0.0,0.0,0.0,0.0,0.0,95030.0,0.0
2023-10-18 02:00:00+05:30,20.0,88,0.14,0.0,0.0,0.0,0.0,0.0,95010.0,0.0
2023-10-18 03:00:00+05:30,19.8,89,0.64,0.0,0.0,0.0,0.0,0.0,95020.0,0.0
2023-10-18 04:00:00+05:30,21.0,79,0.82,0.0,0.0,0.0,0.0,0.0,95060.0,0.0
2023-10-18 05:00:00+05:30,21.2,86,1.22,0.0,0.0,0.0,0.0,0.0,95120.0,0.0
2023-10-18 06:00:00+05:30,20.9,86,1.49,0.15,0.0,0.0,0.0,0.0,95160.0,0.0
2023-10-18 07:00:00+05:30,22.5,79,2.01,0.12,55.0,27.0,28.0,194.4,95270.0,0.0
2023-10-18 08:00:00+05:30,24.7,72,1.7,0.07,244.0,157.0,87.0,461.0,95350.0,0.0
2023-10-18 09:00:00+05:30,26.8,65,2.21,0.05,478.0,360.0,118.0,659.5,95420.0,0.0
2023-10-18 10:00:00+05:30,28.5,57,3.0,0.11,669.0,539.0,130.0,758.8,95420.0,0.0
2023-10-18 11:00:00+05:30,29.4,51,3.1,0.17,776.0,630.0,146.0,765.8,95380.0,0.0
2023-10-18 12:00:00+05:30,30.1,48,2.91,0.1,811.0,638.0,173.0,728.8,95280.0,0.0
2023-10-18 13:00:00+05:30,30.5,44,2.62,0.45,779.0,602.0,177.0,696.1,95180.0,0.0
2023-10-18 14:00:00+05:30,31.0,42,1.99,0.41,739.0,593.0,146.0,749.0,95080.0,0.0
2023-10-18 15:00:00+05:30,30.9,42,1.78,0.13,588.0,446.0,142.0,674.7,95000.0,0.0
2023-10-18 16:00:00+05:30,30.3,44,1.63,0.14,389.0,280.0,109.0,581.4,94990.0,0.0
2023-10-18 17:00:00+05:30,29.5,64,1.65,0.1,184.0,112.0,72.0,421.4,94980.0,0.0
2023-10-18 18:00:00+05:30,27.1,58,2.14,0.44,19.0,6.0,13.0,60.5,94990.0,0.0
2023-10-18 19:00:00+05:30,27.1,52,2.31,0.26,0.0,0.0,0.0,0.0,95050.0,0.0
2023-10-18 20:00:00+05:30,26.3,51,3.44,0.61,0.0,0.0,0.0,0.0,95110.0,0.0
2023-10-18 21:00:00+05:30,25.5,54,2.5,0.22,0.0,0.0,0.0,0.0,95160.0,0.0
2023-10-18 22:00:00+05:30,23.4,68,1.64,0.33,0.0,0.0,0.0,0.0,95190.0,0.0
2023-10-18 23:00:00+05:30,24.8,60,1.3,0.21,0.0,0.0,0.0,0.0,95210.0,0.0
2023-10-19 00:00:00+05:30,24.4,61,1.28,0.15,0.0,0.0,0.0,0.0,95170.0,0.0
2023-10-19 01:00:00+05:30,23.9,64,1.03,0.36,0.0,0.0,0.0,0.0,95110.0,0.0
2023-10-19 02:00:00+05:30,23.4,65,0.61,0.35,0.0,0.0,0.0,0.0,95040.0,0.0
2023-10-19 03:00:00+05:30,21.1,81,1.22,0.19,0.0,0.0,0.0,0.0,94970.0,0.0
2023-10-19 04:00:00+05:30,20.5,83,1.0,0.09,0.0,0.0,0.0,0.0,94990.0,0.0
2023-10-19 05:00:00+05:30,20.2,91,0.92,0.02,0.0,0.0,0.0,0.0,95070.0,0.0
2023-10-19 06:00:00+05:30,20.9,89,0.4,0.06,0.0,0.0,0.0,0.0,95120.0,0.0
2023-10-19 07:00:00+05:30,22.4,82,1.2,0.1,53.0,23.0,30.0,166.6,95190.0,0.0
2023-10-19 08:00:00+05:30,25.0,72,0.54,0.3,226.0,143.0,83.0,422.0,95300.0,0.0
2023-10-19 09:00:00+05:30,27.3,63,1.03,0.34,432.0,284.0,148.0,522.2,95360.0,0.0
2023-10-19 10:00:00+05:30,29.1,55,1.4,0.14,623.0,458.0,165.0,647.0,95370.0,0.0
2023-10-19 11:00:00+05:30,29.9,50,1.55,0.14,736.0,589.0,147.0,718.3,95330.0,0.1
2023-10-19 12:00:00+05:30,30.5,46,0.71,0.37,800.0,633.0,167.0,725.5,95260.0,0.0
2023-10-19 13:00:00+05:30,30.6,45,0.1,0.23,702.0,500.0,202.0,580.2,95170.0,0.0
2023-10-19 14:00:00+05:30,30.6,45,0.92,0.31,687.0,523.0,164.0,663.3,95070.0,0.0
2023-10-19 15:00:00+05:30,30.3,46,1.56,0.19,522.0,353.0,169.0,536.7,95000.0,0.0
2023-10-19 16:00:00+05:30,29.9,45,1.92,0.18,377.0,263.0,114.0,549.8,95000.0,0.0
2023-10-19 17:00:00+05:30,27.1,62,3.27,0.15,173.0,102.0,71.0,388.3,95090.0,0.0
2023-10-19 18:00:00+05:30,23.0,82,3.05,0.12,10.0,2.0,8.0,20.5,95080.0,0.7
2023-10-19 19:00:00+05:30,23.1,77,1.49,0.4,0.0,0.0,0.0,0.0,95100.0,0.0
2023-10-19 20:00:00+05:30,22.6,80,1.25,0.63,0.0,0.0,0.0,0.0,95160.0,0.0
2023-10-19 21:00:00+05:30,22.5,82,1.1,0.18,0.0,0.0,0.0,0.0,95160.0,0.0
2023-10-19 22:00:00+05:30,21.4,89,0.85,0.3,0.0,0.0,0.0,0.0,95170.0,0.0
2023-10-19 23:00:00+05:30,20.8,93,1.14,0.26,0.0,0.0,0.0,0.0,95150.0,0.0
2023-10-20 00:00:00+05:30,20.1,95,1.27,0.24,0.0,0.0,0.0,0.0,95080.0,0.0
2023-10-20 01:00:00+05:30,20.5,92,1.1,0.29,0.0,0.0,0.0,0.0,95030.0,0.0
2023-10-20 02:00:00+05:30,19.5,96,0.92,0.23,0.0,0.0,0.0,0.0,94980.0,0.0
2023-10-20 03:00:00+05:30,19.2,97,1.41,0.26,0.0,0.0,0.0,0.0,94970.0,0.0
2023-10-20 04:00:00+05:30,20.0,95,0.45,0.25,0.0,0.0,0.0,0.0,95030.0,0.0
2023-10-20 05:00:00+05:30,21.1,85,3.14,0.12,0.0,0.0,0.0,0.0,95100.0,0.0
2023-10-20 06:00:00+05:30,21.5,84,3.2,0.7,0.0,0.0,0.0,0.0,95220.0,0.1
2023-10-20 07:00:00+05:30,22.2,84,1.78,0.62,37.0,11.0,26.0,80.1,95300.0,0.0
2023-10-20 08:00:00+05:30,23.8,78,1.34,1.0,179.0,76.0,103.0,225.4,95370.0,0.0
2023-10-20 09:00:00+05:30,24.5,75,1.5,0.97,217.0,47.0,170.0,86.8,95390.0,0.0
2023-10-20 10:00:00+05:30,26.5,68,1.1,0.99,407.0,170.0,237.0,241.0,95370.0,0.0
2023-10-20 11:00:00+05:30,27.5,63,0.78,1.0,392.0,46.0,346.0,56.3,95290.0,0.0
2023-10-20 12:00:00+05:30,28.5,58,1.06,1.0,452.0,41.0,411.0,47.2,95190.0,0.0
2023-10-20 13:00:00+05:30,29.5,54,1.58,0.25,541.0,200.0,341.0,232.9,95090.0,0.0
2023-10-20 14:00:00+05:30,30.4,50,1.55,0.34,709.0,560.0,149.0,713.2,95010.0,0.0
2023-10-20 15:00:00+05:30,30.5,48,1.17,0.23,531.0,395.0,136.0,603.5,94940.0,0.0
2023-10-20 16:00:00+05:30,28.2,54,2.41,0.69,372.0,269.0,103.0,566.1,94990.0,0.5
2023-10-20 17:00:00+05:30,28.5,57,1.4,0.41,87.0,32.0,55.0,123.2,95020.0,0.1
2023-10-20 18:00:00+05:30,26.0,62,1.65,0.11,19.0,6.0,13.0,62.4,95010.0,0.0
2023-10-20 19:00:00+05:30,24.3,69,1.32,0.2,0.0,0.0,0.0,0.0,95050.0,0.0
2023-10-20 20:00:00+05:30,23.0,78,1.6,0.15,0.0,0.0,0.0,0.0,95090.0,0.0
2023-10-20 21:00:00+05:30,22.7,75,1.73,0.13,0.0,0.0,0.0,0.0,95110.0,0.0
2023-10-20 22:00:00+05:30,21.5,83,1.97,0.17,0.0,0.0,0.0,0.0,95100.0,0.0
2023-10-20 23:00:00+05:30,21.2,83,1.27,0.11,0.0,0.0,0.0,0.0,95090.0,0.0
2023-10-21 00:00:00+05:30,20.8,86,1.55,0.0,0.0,0.0,0.0,0.0,95090.0,0.0
2023-10-21 01:00:00+05:30,22.2,75,1.48,0.07,0.0,0.0,0.0,0.0,95060.0,0.0
2023-10-21 02:00:00+05:30,21.8,77,0.81,0.11,0.0,0.0,0.0,0.0,95050.0,0.0
2023-10-21 03:00:00+05:30,20.2,84,0.78,0.25,0.0,0.0,0.0,0.0,95000.0,0.0
2023-10-21 04:00:00+05:30,19.8,87,1.06,0.39,0.0,0.0,0.0,0.0,95000.0,0.0
2023-10-21 05:00:00+05:30,21.2,85,1.49,0.26,0.0,0.0,0.0,0.0,95090.0,0.0
2023-10-21 06:00:00+05:30,21.0,88,1.77,0.22,0.0,0.0,0.0,0.0,95140.0,0.0
2023-10-21 07:00:00+05:30,22.7,80,1.97,0.14,53.0,23.0,30.0,168.6,95280.0,0.0
2023-10-21 08:00:00+05:30,24.9,71,2.0,0.14,241.0,154.0,87.0,459.2,95390.0,0.0
2023-10-21 09:00:00+05:30,26.9,64,2.4,0.05,460.0,341.0,119.0,631.9,95430.0,0.0
2023-10-21 10:00:00+05:30,28.7,56,2.6,0.05,647.0,510.0,137.0,725.4,95400.0,0.0
2023-10-21 11:00:00+05:30,29.9,50,2.77,0.34,770.0,627.0,143.0,769.7,95310.0,0.0
2023-10-21 12:00:00+05:30,29.9,49,2.75,0.19,741.0,541.0,200.0,624.3,95230.0,0.2
2023-10-21 13:00:00+05:30,30.2,49,2.81,0.31,769.0,599.0,170.0,700.2,95150.0,0.0
2023-10-21 14:00:00+05:30,30.1,50,1.84,0.46,683.0,526.0,157.0,672.6,95060.0,0.1
2023-10-21 15:00:00+05:30,29.8,51,1.2,0.44,486.0,337.0,149.0,517.5,95010.0,0.0
2023-10-21 16:00:00+05:30,29.6,50,1.35,0.67,339.0,220.0,119.0,466.0,95040.0,0.0
2023-10-21 17:00:00+05:30,27.4,63,2.0,0.72,143.0,76.0,67.0,296.1,95120.0,0.0
2023-10-21 18:00:00+05:30,25.2,74,1.28,0.47,15.0,4.0,11.0,42.3,95150.0,0.1
2023-10-21 19:00:00+05:30,24.4,74,2.3,0.71,0.0,0.0,0.0,0.0,95180.0,0.0
2023-10-21 20:00:00+05:30,24.0,72,1.51,0.33,0.0,0.0,0.0,0.0,95220.0,0.0
2023-10-21 21:00:00+05:30,23.2,78,1.43,0.65,0.0,0.0,0.0,0.0,95240.0,0.0
2023-10-21 22:00:00+05:30,23.6,74,1.08,0.15,0.0,0.0,0.0,0.0,95260.0,0.0
2023-10-21 23:00:00+05:30,21.8,84,1.71,0.63,0.0,0.0,0.0,0.0,95210.0,0.0
2023-10-22 00:00:00+05:30,22.7,77,1.5,0.09,0.0,0.0,0.0,0.0,95200.0,0.0
2023-10-22 01:00:00+05:30,22.4,77,0.71,0.12,0.0,0.0,0.0,0.0,95140.0,0.0
2023-10-22 02:00:00+05:30,20.1,89,0.64,0.73,0.0,0.0,0.0,0.0,95070.0,0.0
2023-10-22 03:00:00+05:30,19.6,91,0.94,0.82,0.0,0.0,0.0,0.0,95050.0,0.0
2023-10-22 04:00:00+05:30,19.0,93,1.21,1.0,0.0,0.0,0.0,0.0,95050.0,0.0
2023-10-22 05:00:00+05:30,21.8,87,0.82,1.0,0.0,0.0,0.0,0.0,95220.0,0.0
2023-10-22 06:00:00+05:30,21.2,89,0.54,0.93,0.0,0.0,0.0,0.0,95250.0,0.0
2023-10-22 07:00:00+05:30,22.4,84,0.67,0.62,57.0,27.0,30.0,199.2,95310.0,0.0
2023-10-22 08:00:00+05:30,25.0,71,0.61,0.89,253.0,168.0,85.0,503.6,95410.0,0.0
2023-10-22 09:00:00+05:30,27.1,62,1.39,0.85,475.0,366.0,109.0,680.9,95480.0,0.0
2023-10-22 10:00:00+05:30,28.6,55,2.3,0.93,662.0,539.0,123.0,769.3,95470.0,0.0
2023-10-22 11:00:00+05:30,29.6,45,2.92,0.84,769.0,622.0,147.0,766.1,95380.0,0.0
2023-10-22 12:00:00+05:30,30.3,41,2.7,1.0,774.0,611.0,163.0,707.5,95280.0,0.1
2023-10-22 13:00:00+05:30,31.0,38,2.38,0.98,789.0,647.0,142.0,759.1,95180.0,0.0
2023-10-22 14:00:00+05:30,31.4,36,2.42,1.0,741.0,594.0,147.0,762.7,95080.0,0.0
2023-10-22 15:00:00+05:30,31.2,36,3.11,0.99,546.0,375.0,171.0,578.6,95030.0,0.0
2023-10-22 16:00:00+05:30,30.1,38,2.92,0.99,338.0,216.0,122.0,460.6,95040.0,0.0
2023-10-22 17:00:00+05:30,28.4,62,1.55,0.99,165.0,97.0,68.0,382.2,95030.0,0.0
2023-10-22 18:00:00+05:30,26.7,45,1.8,0.98,17.0,5.0,12.0,53.6,95010.0,0.0
2023-10-22 19:00:00+05:30,24.8,59,2.19,0.84,0.0,0.0,0.0,0.0,95050.0,0.0
2023-10-22 20:00:00+05:30,24.8,54,1.55,0.67,0.0,0.0,0.0,0.0,95150.0,0.0
2023-10-22 21:00:00+05:30,24.1,69,1.8,0.64,0.0,0.0,0.0,0.0,95220.0,0.0
2023-10-22 22:00:00+05:30,23.5,75,2.15,0.02,0.0,0.0,0.0,0.0,95210.0,0.0
2023-10-22 23:00:00+05:30,22.4,79,2.33,0.62,0.0,0.0,0.0,0.0,95160.0,0.0
2023-10-23 00:00:00+05:30,23.5,72,0.2,0.81,0.0,0.0,0.0,0.0,95170.0,0.0
2023-10-23 01:00:00+05:30,22.3,79,0.45,0.88,0.0,0.0,0.0,0.0,95100.0,0.0
2023-10-23 02:00:00+05:30,22.5,77,0.5,0.6,0.0,0.0,0.0,0.0,95080.0,0.0
2023-10-23 03:00:00+05:30,21.5,81,0.81,0.05,0.0,0.0,0.0,0.0,95050.0,0.0
2023-10-23 04:00:00+05:30,20.5,85,1.02,0.04,0.0,0.0,0.0,0.0,95030.0,0.0
2023-10-23 05:00:00+05:30,19.0,100,0.58,0.11,0.0,0.0,0.0,0.0,95080.0,0.0
2023-10-23 06:00:00+05:30,18.6,100,0.36,1.0,0.0,0.0,0.0,0.0,95100.0,0.0
2023-10-23 07:00:00+05:30,19.4,99,0.85,1.0,45.0,12.0,33.0,89.1,95180.0,0.0
2023-10-23 08:00:00+05:30,22.6,88,0.14,0.92,221.0,101.0,120.0,304.5,95270.0,0.0
2023-10-23 09:00:00+05:30,25.8,68,1.03,0.8,474.0,354.0,120.0,661.3,95360.0,0.0
2023-10-23 10:00:00+05:30,28.2,56,1.53,0.76,669.0,547.0,122.0,783.5,95370.0,0.0
2023-10-23 11:00:00+05:30,29.9,42,2.22,0.9,800.0,673.0,127.0,831.8,95260.0,0.0
2023-10-23 12:00:00+05:30,30.8,38,2.42,0.89,853.0,703.0,150.0,816.9,95140.0,0.0
2023-10-23 13:00:00+05:30,31.0,37,2.44,1.0,751.0,569.0,182.0,670.0,95050.0,0.0
2023-10-23 14:00:00+05:30,31.4,35,2.27,0.86,746.0,615.0,131.0,792.9,94960.0,0.0
2023-10-23 15:00:00+05:30,31.4,35,2.14,0.78,603.0,477.0,126.0,739.6,94890.0,0.0
2023-10-23 16:00:00+05:30,30.6,36,1.9,0.94,392.0,279.0,113.0,598.7,94890.0,0.0
2023-10-23 17:00:00+05:30,29.1,41,2.04,0.59,155.0,88.0,67.0,350.6,94900.0,0.0
2023-10-23 18:00:00+05:30,26.0,45,2.04,0.24,17.0,6.0,11.0,65.3,94890.0,0.0
2023-10-23 19:00:00+05:30,24.5,54,2.88,0.36,0.0,0.0,0.0,0.0,94930.0,0.0
2023-10-23 20:00:00+05:30,27.0,39,0.94,0.8,0.0,0.0,0.0,0.0,95080.0,0.0
2023-10-23 21:00:00+05:30,24.4,52,1.3,0.81,0.0,0.0,0.0,0.0,95100.0,0.0
2023-10-23 22:00:00+05:30,23.0,68,1.5,0.6,0.0,0.0,0.0,0.0,95040.0,0.0
2023-10-23 23:00:00+05:30,22.9,66,1.53,0.98,0.0,0.0,0.0,0.0,95020.0,0.0
2023-10-24 00:00:00+05:30,20.8,76,2.33,1.0,0.0,0.0,0.0,0.0,94970.0,0.0
2023-10-24 01:00:00+05:30,19.8,77,2.31,0.98,0.0,0.0,0.0,0.0,94920.0,0.0
2023-10-24 02:00:00+05:30,21.4,64,1.41,0.95,0.0,0.0,0.0,0.0,94940.0,0.0
2023-10-24 03:00:00+05:30,21.1,64,1.0,0.94,0.0,0.0,0.0,0.0,94940.0,0.0
2023-10-24 04:00:00+05:30,21.1,63,1.12,0.33,0.0,0.0,0.0,0.0,94960.0,0.0
2023-10-24 05:00:00+05:30,21.0,67,1.28,0.15,0.0,0.0,0.0,0.0,95000.0,0.0
2023-10-24 06:00:00+05:30,20.8,68,0.92,0.23,0.0,0.0,0.0,0.0,95060.0,0.0
2023-10-24 07:00:00+05:30,21.0,72,0.7,0.06,57.0,28.0,29.0,209.3,95120.0,0.0
2023-10-24 08:00:00+05:30,23.6,65,0.64,0.05,252.0,169.0,83.0,512.4,95230.0,0.0
2023-10-24 09:00:00+05:30,26.1,56,1.14,0.0,473.0,361.0,112.0,677.2,95290.0,0.0
2023-10-24 10:00:00+05:30,28.2,49,2.0,0.01,663.0,538.0,125.0,773.4,95300.0,0.0
2023-10-24 11:00:00+05:30,29.6,43,2.2,0.07,799.0,670.0,129.0,830.9,95200.0,0.0
2023-10-24 12:00:00+05:30,30.5,38,2.16,0.07,831.0,688.0,143.0,802.2,95110.0,0.0
2023-10-24 13:00:00+05:30,31.0,36,2.15,0.77,825.0,687.0,138.0,811.9,95030.0,0.0
2023-10-24 14:00:00+05:30,31.4,34,1.57,0.67,767.0,643.0,124.0,832.3,94950.0,0.0
2023-10-24 15:00:00+05:30,31.4,33,1.08,0.69,613.0,497.0,116.0,774.3,94910.0,0.0
2023-10-24 16:00:00+05:30,30.7,34,1.75,0.6,380.0,264.0,116.0,570.1,94920.0,0.0
2023-10-24 17:00:00+05:30,28.5,41,2.85,0.18,121.0,51.0,70.0,205.4,94940.0,0.0
2023-10-24 18:00:00+05:30,26.3,43,1.6,1.0,15.0,4.0,11.0,44.2,94910.0,0.0
2023-10-24 19:00:00+05:30,25.0,54,2.33,0.96,0.0,0.0,0.0,0.0,94940.0,0.0
2023-10-24 20:00:00+05:30,25.0,55,2.02,0.92,0.0,0.0,0.0,0.0,95050.0,0.0
2023-10-24 21:00:00+05:30,26.1,40,0.81,1.0,0.0,0.0,0.0,0.0,95140.0,0.0
2023-10-24 22:00:00+05:30,23.1,58,1.46,0.43,0.0,0.0,0.0,0.0,95080.0,0.0
2023-10-24 23:00:00+05:30,23.6,50,1.3,0.87,0.0,0.0,0.0,0.0,95090.0,0.0
2023-10-25 00:00:00+05:30,21.2,62,1.89,0.84,0.0,0.0,0.0,0.0,95040.0,0.0
2023-10-25 01:00:00+05:30,19.6,70,2.28,0.15,0.0,0.0,0.0,0.0,95000.0,0.0
2023-10-25 02:00:00+05:30,19.4,68,1.88,0.37,0.0,0.0,0.0,0.0,94970.0,0.0
2023-10-25 03:00:00+05:30,20.4,63,1.88,0.29,0.0,0.0,0.0,0.0,95010.0,0.0
2023-10-25 04:00:00+05:30,21.0,59,1.32,0.0,0.0,0.0,0.0,0.0,95060.0,0.0
2023-10-25 05:00:00+05:30,20.8,60,0.9,0.0,0.0,0.0,0.0,0.0,95110.0,0.0
2023-10-25 06:00:00+05:30,19.8,70,1.3,0.15,0.0,0.0,0.0,0.0,95190.0,0.0
2023-10-25 07:00:00+05:30,20.4,73,1.04,0.02,55.0,27.0,28.0,203.2,95300.0,0.0
2023-10-25 08:00:00+05:30,23.0,66,0.67,0.19,253.0,171.0,82.0,521.5,95410.0,0.0
2023-10-25 09:00:00+05:30,25.5,58,1.53,0.11,475.0,367.0,108.0,691.3,95480.0,0.0
2023-10-25 10:00:00+05:30,27.8,50,2.16,0.02,665.0,546.0,119.0,787.8,95510.0,0.0
2023-10-25 11:00:00+05:30,29.4,42,2.63,0.29,799.0,671.0,128.0,835.1,95410.0,0.0
2023-10-25 12:00:00+05:30,30.0,38,2.5,0.39,787.0,636.0,151.0,744.1,95320.0,0.0
2023-10-25 13:00:00+05:30,30.7,36,2.47,0.64,810.0,669.0,141.0,793.5,95230.0,0.0
2023-10-25 14:00:00+05:30,30.8,34,2.28,0.7,684.0,495.0,189.0,643.3,95140.0,0.0
2023-10-25 15:00:00+05:30,30.6,33,2.34,0.41,555.0,393.0,162.0,615.2,95070.0,0.0
2023-10-25 16:00:00+05:30,30.0,36,1.7,0.8,359.0,253.0,106.0,549.8,95060.0,0.0
2023-10-25 17:00:00+05:30,27.9,58,1.2,0.31,122.0,50.0,72.0,203.6,95060.0,0.0
2023-10-25 18:00:00+05:30,24.4,56,2.57,0.2,16.0,5.0,11.0,56.1,95020.0,0.0
2023-10-25 19:00:00+05:30,24.0,52,1.98,0.2,0.0,0.0,0.0,0.0,95090.0,0.0
2023-10-25 20:00:00+05:30,25.1,41,1.57,0.0,0.0,0.0,0.0,0.0,95200.0,0.0
2023-10-25 21:00:00+05:30,21.0,59,2.45,0.08,0.0,0.0,0.0,0.0,95170.0,0.0
2023-10-25 22:00:00+05:30,22.4,50,1.66,0.02,0.0,0.0,0.0,0.0,95260.0,0.0
2023-10-25 23:00:00+05:30,22.7,48,1.04,0.0,0.0,0.0,0.0,0.0,95230.0,0.0
2023-10-26 00:00:00+05:30,20.0,63,1.82,0.28,0.0,0.0,0.0,0.0,95140.0,0.0
2023-10-26 01:00:00+05:30,20.5,60,1.58,0.0,0.0,0.0,0.0,0.0,95140.0,0.0
2023-10-26 02:00:00+05:30,19.9,62,1.3,0.06,0.0,0.0,0.0,0.0,95100.0,0.0
2023-10-26 03:00:00+05:30,20.3,58,1.35,0.06,0.0,0.0,0.0,0.0,95100.0,0.0
2023-10-26 04:00:00+05:30,20.3,57,1.28,0.01,0.0,0.0,0.0,0.0,95100.0,0.0
2023-10-26 05:00:00+05:30,19.7,59,0.36,0.0,0.0,0.0,0.0,0.0,95120.0,0.0
2023-10-26 06:00:00+05:30,18.9,68,0.57,0.0,0.0,0.0,0.0,0.0,95220.0,0.0
2023-10-26 07:00:00+05:30,19.1,71,0.73,0.18,57.0,29.0,28.0,219.8,95290.0,0.0
2023-10-26 08:00:00+05:30,22.3,61,0.78,0.06,259.0,180.0,79.0,552.2,95420.0,0.0
2023-10-26 09:00:00+05:30,25.0,52,1.02,0.0,482.0,378.0,104.0,715.1,95500.0,0.0
2023-10-26 10:00:00+05:30,27.3,46,1.5,0.06,672.0,554.0,118.0,802.3,95510.0,0.0
2023-10-26 11:00:00+05:30,29.1,35,2.72,0.31,806.0,680.0,126.0,849.2,95450.0,0.0
2023-10-26 12:00:00+05:30,29.8,32,3.1,1.0,869.0,739.0,130.0,867.7,95340.0,0.0
2023-10-26 13:00:00+05:30,30.0,32,3.04,0.98,842.0,694.0,148.0,826.2,95220.0,0.0
2023-10-26 14:00:00+05:30,30.3,31,3.1,0.98,703.0,504.0,199.0,657.7,95110.0,0.0
2023-10-26 15:00:00+05:30,30.2,29,3.3,0.74,593.0,467.0,126.0,734.5,95040.0,0.0
2023-10-26 16:00:00+05:30,29.5,33,1.9,0.42,367.0,251.0,116.0,548.8,95040.0,0.0
2023-10-26 17:00:00+05:30,27.1,63,1.43,0.04,165.0,98.0,67.0,403.3,95030.0,0.0
2023-10-26 18:00:00+05:30,25.5,45,2.01,0.01,16.0,6.0,10.0,68.3,95050.0,0.0
2023-10-26 19:00:00+05:30,23.0,51,2.62,0.0,0.0,0.0,0.0,0.0,95080.0,0.0
2023-10-26 20:00:00+05:30,21.8,51,2.78,0.0,0.0,0.0,0.0,0.0,95150.0,0.0
2023-10-26 21:00:00+05:30,24.1,37,1.65,0.0,0.0,0.0,0.0,0.0,95240.0,0.0
2023-10-26 22:00:00+05:30,21.0,52,2.06,0.0,0.0,0.0,0.0,0.0,95210.0,0.0
2023-10-26 23:00:00+05:30,23.0,41,1.34,0.0,0.0,0.0,0.0,0.0,95220.0,0.0
2023-10-27 00:00:00+05:30,20.8,50,1.94,0.0,0.0,0.0,0.0,0.0,95140.0,0.0
2023-10-27 01:00:00+05:30,21.1,46,1.66,0.02,0.0,0.0,0.0,0.0,95090.0,0.0
2023-10-27 02:00:00+05:30,20.5,48,0.86,0.0,0.0,0.0,0.0,0.0,95010.0,0.0
2023-10-27 03:00:00+05:30,19.4,54,0.41,0.0,0.0,0.0,0.0,0.0,94980.0,0.0
2023-10-27 04:00:00+05:30,16.8,67,0.92,0.0,0.0,0.0,0.0,0.0,94950.0,0.0
2023-10-27 05:00:00+05:30,16.2,69,1.08,0.0,0.0,0.0,0.0,0.0,94990.0,0.0
2023-10-27 06:00:00+05:30,15.8,77,1.25,0.0,0.0,0.0,0.0,0.0,95040.0,0.0
2023-10-27 07:00:00+05:30,17.9,70,0.92,0.04,56.0,29.0,27.0,221.5,95160.0,0.0
2023-10-27 08:00:00+05:30,21.6,61,0.73,0.25,259.0,181.0,78.0,558.7,95300.0,0.0
2023-10-27 09:00:00+05:30,24.7,50,0.95,0.49,483.0,380.0,103.0,722.1,95380.0,0.0
2023-10-27 10:00:00+05:30,27.1,44,1.41,0.69,673.0,555.0,118.0,806.8,95370.0,0.0
2023-10-27 11:00:00+05:30,29.0,32,3.11,0.81,806.0,681.0,125.0,853.5,95270.0,0.0
2023-10-27 12:00:00+05:30,29.6,30,3.47,0.95,871.0,742.0,129.0,874.3,95160.0,0.0
2023-10-27 13:00:00+05:30,29.9,31,3.32,0.93,857.0,729.0,128.0,871.1,95040.0,0.0
2023-10-27 14:00:00+05:30,30.0,31,3.24,0.97,766.0,643.0,123.0,842.4,94950.0,0.0
2023-10-27 15:00:00+05:30,29.9,31,2.8,0.98,608.0,494.0,114.0,780.6,94890.0,0.0
2023-10-27 16:00:00+05:30,29.5,32,2.06,0.9,402.0,307.0,95.0,675.4,94850.0,0.0
2023-10-27 17:00:00+05:30,26.9,59,1.92,0.52,168.0,98.0,70.0,407.6,94840.0,0.0
2023-10-27 18:00:00+05:30,27.6,32,1.3,0.0,16.0,6.0,10.0,69.2,94940.0,0.0
2023-10-27 19:00:00+05:30,22.0,54,2.3,0.0,0.0,0.0,0.0,0.0,94930.0,0.0
2023-10-27 20:00:00+05:30,20.9,56,2.55,0.0,0.0,0.0,0.0,0.0,95000.0,0.0
2023-10-27 21:00:00+05:30,20.0,57,2.86,0.0,0.0,0.0,0.0,0.0,95020.0,0.0
2023-10-27 22:00:00+05:30,21.0,49,2.42,0.0,0.0,0.0,0.0,0.0,95070.0,0.0
2023-10-27 23:00:00+05:30,22.6,41,1.58,0.0,0.0,0.0,0.0,0.0,95090.0,0.0
2023-10-28 00:00:00+05:30,21.5,47,1.51,0.0,0.0,0.0,0.0,0.0,95050.0,0.0
2023-10-28 01:00:00+05:30,22.0,45,0.86,0.15,0.0,0.0,0.0,0.0,94990.0,0.0
2023-10-28 02:00:00+05:30,21.2,47,0.58,0.08,0.0,0.0,0.0,0.0,94970.0,0.0
2023-10-28 03:00:00+05:30,18.4,58,1.33,0.0,0.0,0.0,0.0,0.0,94870.0,0.0
2023-10-28 04:00:00+05:30,18.6,59,1.48,0.0,0.0,0.0,0.0,0.0,94890.0,0.0
2023-10-28 05:00:00+05:30,18.6,59,0.92,0.05,0.0,0.0,0.0,0.0,94950.0,0.0
2023-10-28 06:00:00+05:30,17.8,65,0.76,0.88,0.0,0.0,0.0,0.0,95020.0,0.0
2023-10-28 07:00:00+05:30,18.0,67,0.51,0.93,56.0,29.0,27.0,223.1,95130.0,0.0
2023-10-28 08:00:00+05:30,20.9,63,0.5,0.03,259.0,180.0,79.0,559.2,95260.0,0.0
2023-10-28 09:00:00+05:30,24.0,54,0.85,0.0,485.0,383.0,102.0,731.1,95340.0,0.0
2023-10-28 10:00:00+05:30,26.8,46,1.7,0.0,675.0,560.0,115.0,817.2,95330.0,0.0
2023-10-28 11:00:00+05:30,28.8,37,2.53,0.0,807.0,684.0,123.0,860.3,95230.0,0.0
2023-10-28 12:00:00+05:30,29.6,33,2.1,0.0,869.0,743.0,126.0,878.6,95150.0,0.0
2023-10-28 13:00:00+05:30,30.0,31,1.9,0.0,854.0,730.0,124.0,875.5,95030.0,0.0
2023-10-28 14:00:00+05:30,30.1,30,1.79,0.0,765.0,646.0,119.0,849.8,94920.0,0.0
2023-10-28 15:00:00+05:30,30.0,29,1.7,0.0,609.0,500.0,109.0,793.8,94900.0,0.0
2023-10-28 16:00:00+05:30,29.3,32,1.24,0.0,402.0,310.0,92.0,686.2,94890.0,0.0
2023-10-28 17:00:00+05:30,26.7,50,1.89,0.0,176.0,114.0,62.0,479.2,94900.0,0.0
2023-10-28 18:00:00+05:30,23.8,46,2.52,0.02,16.0,6.0,10.0,70.2,94900.0,0.0
2023-10-28 19:00:00+05:30,22.0,52,1.81,0.0,0.0,0.0,0.0,0.0,94910.0,0.0
2023-10-28 20:00:00+05:30,21.0,56,2.4,0.0,0.0,0.0,0.0,0.0,94980.0,0.0
2023-10-28 21:00:00+05:30,20.4,59,2.28,0.0,0.0,0.0,0.0,0.0,95040.0,0.0
2023-10-28 22:00:00+05:30,20.0,61,2.48,0.0,0.0,0.0,0.0,0.0,95030.0,0.0
2023-10-28 23:00:00+05:30,21.6,50,1.6,0.0,0.0,0.0,0.0,0.0,95080.0,0.0
2023-10-29 00:00:00+05:30,19.0,62,0.92,0.0,0.0,0.0,0.0,0.0,94980.0,0.0
2023-10-29 01:00:00+05:30,18.4,60,1.08,0.0,0.0,0.0,0.0,0.0,94930.0,0.0
2023-10-29 02:00:00+05:30,16.9,68,1.84,0.0,0.0,0.0,0.0,0.0,94860.0,0.0
2023-10-29 03:00:00+05:30,18.5,58,0.22,0.0,0.0,0.0,0.0,0.0,94880.0,0.0
2023-10-29 04:00:00+05:30,17.0,67,0.67,0.0,0.0,0.0,0.0,0.0,94850.0,0.0
2023-10-29 05:00:00+05:30,17.9,61,0.8,0.0,0.0,0.0,0.0,0.0,94890.0,0.0
2023-10-29 06:00:00+05:30,17.7,67,0.91,0.0,0.0,0.0,0.0,0.0,94960.0,0.0
2023-10-29 07:00:00+05:30,18.0,69,0.42,0.0,54.0,28.0,26.0,217.1,95040.0,0.0
2023-10-29 08:00:00+05:30,21.1,63,0.3,0.0,255.0,178.0,77.0,556.6,95180.0,0.0
2023-10-29 09:00:00+05:30,24.1,53,1.14,0.05,475.0,374.0,101.0,717.2,95300.0,0.0
2023-10-29 10:00:00+05:30,26.5,46,2.12,0.0,662.0,546.0,116.0,799.9,95310.0,0.0
2023-10-29 11:00:00+05:30,28.4,42,2.82,0.0,792.0,668.0,124.0,843.3,95220.0,0.0
2023-10-29 12:00:00+05:30,29.6,37,3.01,0.0,853.0,726.0,127.0,861.6,95130.0,0.0
2023-10-29 13:00:00+05:30,30.2,35,2.7,0.0,839.0,714.0,125.0,859.5,95030.0,0.0
2023-10-29 14:00:00+05:30,30.5,34,2.28,0.08,751.0,630.0,121.0,832.1,94940.0,0.0
2023-10-29 15:00:00+05:30,30.3,34,2.3,0.29,548.0,399.0,149.0,636.4,94890.0,0.0
2023-10-29 16:00:00+05:30,29.3,35,2.56,0.12,325.0,190.0,135.0,423.2,94880.0,0.0
2023-10-29 17:00:00+05:30,27.1,43,1.81,0.15,160.0,96.0,64.0,407.8,94870.0,0.0
2023-10-29 18:00:00+05:30,25.9,31,2.42,0.0,15.0,5.0,10.0,59.4,94870.0,0.0
2023-10-29 19:00:00+05:30,23.4,42,2.44,0.0,0.0,0.0,0.0,0.0,94880.0,0.0
2023-10-29 20:00:00+05:30,24.9,32,0.5,0.0,0.0,0.0,0.0,0.0,94980.0,0.0
2023-10-29 21:00:00+05:30,21.5,50,1.26,0.0,0.0,0.0,0.0,0.0,94970.0,0.0
2023-10-29 22:00:00+05:30,23.1,44,1.0,0.0,0.0,0.0,0.0,0.0,95060.0,0.0
2023-10-29 23:00:00+05:30,20.3,53,2.26,0.0,0.0,0.0,0.0,0.0,95010.0,0.0
2023-10-30 00:00:00+05:30,20.9,49,1.75,0.0,0.0,0.0,0.0,0.0,94960.0,0.0
2023-10-30 01:00:00+05:30,18.1,61,1.53,0.0,0.0,0.0,0.0,0.0,94890.0,0.0
2023-10-30 02:00:00+05:30,17.9,67,1.58,0.0,0.0,0.0,0.0,0.0,94840.0,0.0
2023-10-30 03:00:00+05:30,19.2,59,1.06,0.0,0.0,0.0,0.0,0.0,94890.0,0.0
2023-10-30 04:00:00+05:30,19.0,59,1.02,0.0,0.0,0.0,0.0,0.0,94890.0,0.0
2023-10-30 05:00:00+05:30,16.9,71,1.71,0.0,0.0,0.0,0.0,0.0,94890.0,0.0
2023-10-30 06:00:00+05:30,18.0,64,0.98,0.0,0.0,0.0,0.0,0.0,95000.0,0.0
2023-10-30 07:00:00+05:30,18.5,66,0.5,0.0,53.0,27.0,26.0,211.0,95110.0,0.0
2023-10-30 08:00:00+05:30,21.5,60,0.41,0.0,252.0,176.0,76.0,554.0,95230.0,0.0
2023-10-30 09:00:00+05:30,24.6,51,0.81,0.0,472.0,372.0,100.0,716.7,95320.0,0.0
2023-10-30 10:00:00+05:30,27.1,46,2.0,0.0,659.0,544.0,115.0,800.1,95320.0,0.0
2023-10-30 11:00:00+05:30,29.1,38,2.72,0.0,788.0,665.0,123.0,842.6,95220.0,0.0
2023-10-30 12:00:00+05:30,30.1,34,2.6,0.0,850.0,724.0,126.0,862.3,95080.0,0.0
2023-10-30 13:00:00+05:30,30.6,33,2.2,0.02,837.0,713.0,124.0,861.5,94960.0,0.0
2023-10-30 14:00:00+05:30,30.9,32,2.11,0.03,749.0,630.0,119.0,835.4,94880.0,0.0
2023-10-30 15:00:00+05:30,30.9,33,1.61,0.34,591.0,477.0,114.0,764.4,94830.0,0.0
2023-10-30 16:00:00+05:30,30.2,34,1.92,0.45,353.0,228.0,125.0,510.9,94840.0,0.0
2023-10-30 17:00:00+05:30,28.1,38,3.08,0.04,113.0,48.0,65.0,206.0,94870.0,0.0
2023-10-30 18:00:00+05:30,26.5,46,3.08,0.03,12.0,4.0,8.0,48.2,94940.0,0.0
2023-10-30 19:00:00+05:30,24.2,54,1.94,0.0,0.0,0.0,0.0,0.0,94950.0,0.0
2023-10-30 20:00:00+05:30,22.0,64,1.84,0.0,0.0,0.0,0.0,0.0,94990.0,0.0
2023-10-30 21:00:00+05:30,20.9,69,1.49,0.0,0.0,0.0,0.0,0.0,95020.0,0.0
2023-10-30 22:00:00+05:30,20.0,76,1.49,0.0,0.0,0.0,0.0,0.0,95040.0,0.0
2023-10-30 23:00:00+05:30,19.8,77,1.66,0.0,0.0,0.0,0.0,0.0,95020.0,0.0
2023-10-31 00:00:00+05:30,18.5,84,1.22,0.0,0.0,0.0,0.0,0.0,94990.0,0.0
2023-10-31 01:00:00+05:30,19.8,74,1.02,0.07,0.0,0.0,0.0,0.0,94980.0,0.0
2023-10-31 02:00:00+05:30,18.2,83,0.61,0.09,0.0,0.0,0.0,0.0,94900.0,0.0
2023-10-31 03:00:00+05:30,16.9,91,0.78,0.09,0.0,0.0,0.0,0.0,94850.0,0.0
2023-10-31 04:00:00+05:30,17.4,87,0.72,0.16,0.0,0.0,0.0,0.0,94900.0,0.0
2023-10-31 05:00:00+05:30,18.0,83,0.61,0.01,0.0,0.0,0.0,0.0,94940.0,0.0
2023-10-31 06:00:00+05:30,18.5,74,1.42,0.01,0.0,0.0,0.0,0.0,95080.0,0.0
2023-10-31 07:00:00+05:30,19.1,73,1.3,0.02,51.0,26.0,25.0,204.9,95170.0,0.0
2023-10-31 08:00:00+05:30,22.2,65,1.17,0.0,246.0,169.0,77.0,535.6,95290.0,0.0
2023-10-31 09:00:00+05:30,25.2,54,2.21,0.0,465.0,363.0,102.0,702.7,95360.0,0.0
2023-10-31 10:00:00+05:30,27.4,46,3.32,0.0,651.0,535.0,116.0,790.1,95330.0,0.0
2023-10-31 11:00:00+05:30,28.8,38,3.52,0.0,782.0,658.0,124.0,836.8,95220.0,0.0
2023-10-31 12:00:00+05:30,29.6,36,3.22,0.02,843.0,716.0,127.0,855.9,95130.0,0.0
2023-10-31 13:00:00+05:30,30.1,35,2.83,0.08,827.0,698.0,129.0,846.5,95050.0,0.0
2023-10-31 14:00:00+05:30,30.7,35,1.91,0.64,742.0,617.0,125.0,821.5,94980.0,0.0
2023-10-31 15:00:00+05:30,30.4,36,1.4,1.0,456.0,266.0,190.0,428.2,94920.0,0.0
2023-10-31 16:00:00+05:30,29.7,41,1.02,0.58,238.0,111.0,127.0,250.2,94920.0,0.0
2023-10-31 17:00:00+05:30,27.8,58,1.5,0.02,147.0,76.0,71.0,329.6,94920.0,0.0
2023-10-31 18:00:00+05:30,24.4,51,2.33,0.0,13.0,5.0,8.0,61.1,94940.0,0.0
2023-10-31 19:00:00+05:30,25.6,44,1.6,0.0,0.0,0.0,0.0,0.0,95020.0,0.0
2023-10-31 20:00:00+05:30,21.6,62,2.2,0.0,0.0,0.0,0.0,0.0,95060.0,0.0
2023-10-31 21:00:00+05:30,21.0,62,1.88,0.07,0.0,0.0,0.0,0.0,95110.0,0.0
2023-10-31 22:00:00+05:30,20.2,64,2.31,0.17,0.0,0.0,0.0,0.0,95110.0,0.0
2023-10-31 23:00:00+05:30,19.7,66,2.6,0.49,0.0,0.0,0.0,0.0,95110.0,0.0
2023-11-01 00:00:00+05:30,21.6,53,1.7,0.63,0.0,0.0,0.0,0.0,95120.0,0.0
2023-11-01 01:00:00+05:30,21.1,55,0.85,0.95,0.0,0.0,0.0,0.0,95100.0,0.0
2023-11-01 02:00:00+05:30,19.0,66,0.64,0.87,0.0,0.0,0.0,0.0,95010.0,0.0
2023-11-01 03:00:00+05:30,17.4,74,1.12,0.86,0.0,0.0,0.0,0.0,94940.0,0.0
2023-11-01 04:00:00+05:30,16.5,79,1.8,0.77,0.0,0.0,0.0,0.0,94920.0,0.0
2023-11-01 05:00:00+05:30,18.0,70,0.89,0.85,0.0,0.0,0.0,0.0,95000.0,0.0
2023-11-01 06:00:00+05:30,18.2,70,0.92,0.59,0.0,0.0,0.0,0.0,95120.0,0.0
2023-11-01 07:00:00+05:30,18.5,72,0.58,0.35,50.0,26.0,24.0,206.6,95220.0,0.0
2023-11-01 08:00:00+05:30,21.7,64,0.41,0.31,246.0,170.0,76.0,542.5,95360.0,0.0
2023-11-01 09:00:00+05:30,24.5,57,1.53,0.29,464.0,364.0,100.0,708.0,95420.0,0.0
2023-11-01 10:00:00+05:30,26.9,49,2.62,0.0,651.0,537.0,114.0,796.3,95390.0,0.0
2023-11-01 11:00:00+05:30,28.4,43,2.65,0.0,783.0,661.0,122.0,843.8,95310.0,0.0
2023-11-01 12:00:00+05:30,29.4,39,2.12,0.0,845.0,720.0,125.0,863.8,95200.0,0.0
2023-11-01 13:00:00+05:30,30.0,36,1.75,0.0,831.0,709.0,122.0,863.1,95100.0,0.0
2023-11-01 14:00:00+05:30,30.5,34,1.79,0.0,743.0,626.0,117.0,836.8,95010.0,0.0
2023-11-01 15:00:00+05:30,30.5,33,2.3,0.0,588.0,482.0,106.0,779.5,94970.0,0.0
2023-11-01 16:00:00+05:30,29.5,35,2.47,0.0,384.0,295.0,89.0,668.9,94980.0,0.0
2023-11-01 17:00:00+05:30,26.9,51,1.52,0.0,163.0,104.0,59.0,455.6,94990.0,0.0
2023-11-01 18:00:00+05:30,24.6,41,2.02,0.0,13.0,5.0,8.0,61.9,94990.0,0.0
2023-11-01 19:00:00+05:30,22.8,47,2.51,0.0,0.0,0.0,0.0,0.0,95040.0,0.0
2023-11-01 20:00:00+05:30,23.4,45,2.0,0.0,0.0,0.0,0.0,0.0,95130.0,0.0
2023-11-01 21:00:00+05:30,22.0,52,2.0,0.0,0.0,0.0,0.0,0.0,95160.0,0.0
2023-11-01 22:00:00+05:30,21.3,55,2.15,0.0,0.0,0.0,0.0,0.0,95140.0,0.0
2023-11-01 23:00:00+05:30,20.8,58,2.5,0.0,0.0,0.0,0.0,0.0,95100.0,0.0
2023-11-02 00:00:00+05:30,22.5,50,1.58,0.0,0.0,0.0,0.0,0.0,95070.0,0.0
2023-11-02 01:00:00+05:30,21.9,53,0.72,0.0,0.0,0.0,0.0,0.0,95010.0,0.0
2023-11-02 02:00:00+05:30,21.1,56,0.51,0.0,0.0,0.0,0.0,0.0,94970.0,0.0
2023-11-02 03:00:00+05:30,20.4,59,1.46,0.13,0.0,0.0,0.0,0.0,94940.0,0.0
2023-11-02 04:00:00+05:30,18.8,68,1.75,0.89,0.0,0.0,0.0,0.0,94930.0,0.0
2023-11-02 05:00:00+05:30,18.9,68,1.49,0.78,0.0,0.0,0.0,0.0,94990.0,0.0
2023-11-02 06:00:00+05:30,17.4,75,1.02,0.11,0.0,0.0,0.0,0.0,95100.0,0.0
2023-11-02 07:00:00+05:30,17.9,78,0.78,0.01,50.0,26.0,24.0,208.4,95160.0,0.0
2023-11-02 08:00:00+05:30,21.2,69,0.51,0.0,246.0,171.0,75.0,549.6,95290.0,0.0
2023-11-02 09:00:00+05:30,24.2,58,1.17,0.0,464.0,365.0,99.0,713.5,95360.0,0.0
2023-11-02 10:00:00+05:30,26.5,54,2.02,0.46,649.0,534.0,115.0,795.1,95360.0,0.0
2023-11-02 11:00:00+05:30,28.3,49,2.3,0.71,778.0,656.0,122.0,840.6,95260.0,0.0
2023-11-02 12:00:00+05:30,29.5,45,2.0,0.86,838.0,711.0,127.0,856.2,95150.0,0.0
2023-11-02 13:00:00+05:30,30.1,42,1.6,0.57,823.0,698.0,125.0,852.9,95040.0,0.0
2023-11-02 14:00:00+05:30,30.4,40,1.33,0.57,737.0,620.0,117.0,832.1,94960.0,0.0
2023-11-02 15:00:00+05:30,30.4,39,1.17,0.57,588.0,484.0,104.0,786.4,94890.0,0.0
2023-11-02 16:00:00+05:30,29.8,40,1.08,0.83,383.0,294.0,89.0,670.5,94870.0,0.0
2023-11-02 17:00:00+05:30,27.6,61,1.5,0.95,160.0,100.0,60.0,442.4,94850.0,0.0
2023-11-02 18:00:00+05:30,28.1,37,0.36,0.93,13.0,4.0,9.0,50.2,94930.0,0.0
2023-11-02 19:00:00+05:30,24.7,52,1.52,0.94,0.0,0.0,0.0,0.0,94910.0,0.0
2023-11-02 20:00:00+05:30,23.0,61,1.84,0.86,0.0,0.0,0.0,0.0,94950.0,0.0
2023-11-02 21:00:00+05:30,21.9,68,1.84,0.81,0.0,0.0,0.0,0.0,94970.0,0.0
2023-11-02 22:00:00+05:30,20.5,74,2.14,0.31,0.0,0.0,0.0,0.0,94970.0,0.0
2023-11-02 23:00:00+05:30,22.2,63,1.17,0.14,0.0,0.0,0.0,0.0,95020.0,0.0
2023-11-03 00:00:00+05:30,21.7,64,0.2,0.21,0.0,0.0,0.0,0.0,94960.0,0.0
2023-11-03 01:00:00+05:30,19.0,78,0.92,0.3,0.0,0.0,0.0,0.0,94860.0,0.0
2023-11-03 02:00:00+05:30,18.3,79,1.39,0.81,0.0,0.0,0.0,0.0,94800.0,0.0
2023-11-03 03:00:00+05:30,18.2,79,1.71,0.1,0.0,0.0,0.0,0.0,94780.0,0.0
2023-11-03 04:00:00+05:30,19.5,71,1.68,0.12,0.0,0.0,0.0,0.0,94850.0,0.0
2023-11-03 05:00:00+05:30,19.4,71,1.35,0.37,0.0,0.0,0.0,0.0,94900.0,0.0
2023-11-03 06:00:00+05:30,19.0,74,0.92,1.0,0.0,0.0,0.0,0.0,94940.0,0.0
2023-11-03 07:00:00+05:30,19.4,75,0.54,0.99,48.0,23.0,25.0,186.0,95010.0,0.0
2023-11-03 08:00:00+05:30,22.5,67,0.67,0.86,238.0,159.0,79.0,514.7,95140.0,0.0
2023-11-03 09:00:00+05:30,25.2,58,1.6,0.43,457.0,356.0,101.0,699.4,95230.0,0.0
2023-11-03 10:00:00+05:30,27.4,52,2.51,0.34,641.0,525.0,116.0,784.9,95200.0,0.0
2023-11-03 11:00:00+05:30,29.1,45,3.01,0.97,770.0,645.0,125.0,829.7,95090.0,0.0
2023-11-03 12:00:00+05:30,30.1,41,2.72,0.9,840.0,715.0,125.0,864.1,94990.0,0.0
2023-11-03 13:00:00+05:30,30.7,38,2.41,0.95,819.0,690.0,129.0,846.2,94870.0,0.0
2023-11-03 14:00:00+05:30,31.0,36,2.26,0.97,730.0,602.0,128.0,811.2,94770.0,0.0
2023-11-03 15:00:00+05:30,31.0,35,2.11,0.97,582.0,474.0,108.0,773.6,94720.0,0.0
2023-11-03 16:00:00+05:30,30.4,37,1.7,0.53,380.0,288.0,92.0,660.6,94690.0,0.0
2023-11-03 17:00:00+05:30,27.6,56,1.72,0.85,162.0,104.0,58.0,464.7,94660.0,0.0
2023-11-03 18:00:00+05:30,26.9,41,1.17,0.84,12.0,4.0,8.0,50.9,94700.0,0.0
2023-11-03 19:00:00+05:30,23.4,54,1.91,0.87,0.0,0.0,0.0,0.0,94680.0,0.0
2023-11-03 20:00:00+05:30,25.5,42,0.86,0.96,0.0,0.0,0.0,0.0,94770.0,0.0
2023-11-03 21:00:00+05:30,24.3,46,0.71,0.92,0.0,0.0,0.0,0.0,94830.0,0.0
2023-11-03 22:00:00+05:30,21.1,60,1.53,1.0,0.0,0.0,0.0,0.0,94840.0,0.0
2023-11-03 23:00:00+05:30,22.6,52,0.32,0.65,0.0,0.0,0.0,0.0,94910.0,0.0
2023-11-04 00:00:00+05:30,21.0,61,2.0,0.96,0.0,0.0,0.0,0.0,94860.0,0.0
2023-11-04 01:00:00+05:30,20.0,66,2.15,0.96,0.0,0.0,0.0,0.0,94810.0,0.0
2023-11-04 02:00:00+05:30,18.9,71,2.6,0.89,0.0,0.0,0.0,0.0,94760.0,0.0
2023-11-04 03:00:00+05:30,19.7,64,1.88,0.17,0.0,0.0,0.0,0.0,94750.0,0.0
2023-11-04 04:00:00+05:30,20.1,61,1.34,0.0,0.0,0.0,0.0,0.0,94780.0,0.0
2023-11-04 05:00:00+05:30,20.0,61,0.91,0.36,0.0,0.0,0.0,0.0,94800.0,0.0
2023-11-04 06:00:00+05:30,20.0,66,1.13,0.95,0.0,0.0,0.0,0.0,94890.0,0.0
2023-11-04 07:00:00+05:30,20.1,68,0.91,0.95,47.0,23.0,24.0,187.6,94960.0,0.0
2023-11-04 08:00:00+05:30,22.8,62,0.73,0.9,237.0,161.0,76.0,525.0,95070.0,0.0
2023-11-04 09:00:00+05:30,25.5,53,2.11,0.96,453.0,351.0,102.0,693.0,95160.0,0.0
2023-11-04 10:00:00+05:30,27.5,48,3.21,0.78,636.0,519.0,117.0,779.2,95140.0,0.0
2023-11-04 11:00:00+05:30,29.1,46,3.81,0.91,765.0,640.0,125.0,826.4,95040.0,0.0
2023-11-04 12:00:00+05:30,30.1,43,3.41,0.63,826.0,701.0,125.0,850.3,94950.0,0.0
2023-11-04 13:00:00+05:30,30.6,41,3.01,0.51,812.0,681.0,131.0,838.3,94880.0,0.0
2023-11-04 14:00:00+05:30,30.7,41,2.6,0.19,692.0,570.0,122.0,771.1,94780.0,0.0
2023-11-04 15:00:00+05:30,30.7,39,2.01,0.19,545.0,425.0,120.0,696.7,94730.0,0.0
2023-11-04 16:00:00+05:30,30.2,40,1.3,0.41,346.0,252.0,94.0,581.3,94720.0,0.0
2023-11-04 17:00:00+05:30,28.9,56,0.92,0.13,147.0,91.0,56.0,410.5,94730.0,0.0
2023-11-04 18:00:00+05:30,26.3,49,1.94,0.26,11.0,4.0,7.0,51.6,94750.0,0.0
2023-11-04 19:00:00+05:30,26.7,44,0.32,0.03,0.0,0.0,0.0,0.0,94820.0,0.0
2023-11-04 20:00:00+05:30,23.5,59,1.1,0.61,0.0,0.0,0.0,0.0,94840.0,0.0
2023-11-04 21:00:00+05:30,23.1,60,1.22,1.0,0.0,0.0,0.0,0.0,94910.0,0.0
2023-11-04 22:00:00+05:30,21.1,71,1.8,1.0,0.0,0.0,0.0,0.0,94930.0,0.0
2023-11-04 23:00:00+05:30,20.5,74,1.7,1.0,0.0,0.0,0.0,0.0,94950.0,0.0
2023-11-05 00:00:00+05:30,20.5,74,1.27,0.99,0.0,0.0,0.0,0.0,94910.0,0.0
2023-11-05 01:00:00+05:30,19.8,76,0.72,0.98,0.0,0.0,0.0,0.0,94880.0,0.0
2023-11-05 02:00:00+05:30,18.9,79,1.25,1.0,0.0,0.0,0.0,0.0,94830.0,0.0
2023-11-05 03:00:00+05:30,18.0,82,1.02,1.0,0.0,0.0,0.0,0.0,94800.0,0.0
2023-11-05 04:00:00+05:30,17.6,84,1.82,0.99,0.0,0.0,0.0,0.0,94830.0,0.0
2023-11-05 05:00:00+05:30,19.4,71,1.43,1.0,0.0,0.0,0.0,0.0,94890.0,0.0
2023-11-05 06:00:00+05:30,18.6,84,1.99,1.0,0.0,0.0,0.0,0.0,94980.0,0.0
2023-11-05 07:00:00+05:30,20.7,76,1.58,1.0,41.0,11.0,30.0,90.6,95110.0,0.0
2023-11-05 08:00:00+05:30,23.2,68,1.08,1.0,198.0,81.0,117.0,266.1,95210.0,0.0
2023-11-05 09:00:00+05:30,25.8,59,1.94,1.0,407.0,243.0,164.0,482.2,95260.0,0.0
2023-11-05 10:00:00+05:30,27.9,53,2.8,1.0,599.0,430.0,169.0,648.3,95250.0,0.0
2023-11-05 11:00:00+05:30,29.5,45,3.21,1.0,723.0,533.0,190.0,690.9,95150.0,0.0
2023-11-05 12:00:00+05:30,30.5,41,3.03,0.99,794.0,610.0,184.0,742.7,95060.0,0.0
2023-11-05 13:00:00+05:30,31.0,39,3.01,0.66,790.0,627.0,163.0,774.7,94970.0,0.0
2023-11-05 14:00:00+05:30,31.3,37,2.69,1.0,694.0,556.0,138.0,755.1,94920.0,0.0
2023-11-05 15:00:00+05:30,31.2,36,2.19,0.83,564.0,447.0,117.0,736.0,94870.0,0.0
2023-11-05 16:00:00+05:30,30.8,38,1.43,0.7,360.0,266.0,94.0,617.0,94850.0,0.0
2023-11-05 17:00:00+05:30,30.5,35,0.9,0.08,140.0,86.0,54.0,391.6,94880.0,0.0
2023-11-05 18:00:00+05:30,29.2,40,0.22,0.97,10.0,3.0,7.0,39.2,94960.0,0.0
2023-11-05 19:00:00+05:30,25.4,59,1.68,1.0,0.0,0.0,0.0,0.0,94960.0,0.0
2023-11-05 20:00:00+05:30,25.4,52,2.01,0.97,0.0,0.0,0.0,0.0,95080.0,0.0
2023-11-05 21:00:00+05:30,24.9,45,1.66,0.37,0.0,0.0,0.0,0.0,95110.0,0.0
2023-11-05 22:00:00+05:30,22.5,55,2.43,0.06,0.0,0.0,0.0,0.0,95090.0,0.0
2023-11-05 23:00:00+05:30,24.2,42,1.8,0.01,0.0,0.0,0.0,0.0,95120.0,0.0
2023-11-06 00:00:00+05:30,23.6,44,1.39,0.1,0.0,0.0,0.0,0.0,95090.0,0.0
2023-11-06 01:00:00+05:30,22.1,50,1.78,0.94,0.0,0.0,0.0,0.0,95040.0,0.0
2023-11-06 02:00:00+05:30,19.9,62,2.3,0.99,0.0,0.0,0.0,0.0,94980.0,0.0
2023-11-06 03:00:00+05:30,19.0,66,2.56,0.98,0.0,0.0,0.0,0.0,94940.0,0.0
2023-11-06 04:00:00+05:30,18.7,67,2.39,1.0,0.0,0.0,0.0,0.0,94950.0,0.0
2023-11-06 05:00:00+05:30,18.8,66,1.98,0.97,0.0,0.0,0.0,0.0,95000.0,0.0
2023-11-06 06:00:00+05:30,19.1,66,1.63,1.0,0.0,0.0,0.0,0.0,95080.0,0.0
2023-11-06 07:00:00+05:30,19.7,69,1.2,1.0,42.0,14.0,28.0,116.3,95190.0,0.0
2023-11-06 08:00:00+05:30,22.5,63,0.64,1.0,215.0,116.0,99.0,384.0,95320.0,0.0
2023-11-06 09:00:00+05:30,25.2,57,1.61,1.0,424.0,286.0,138.0,570.5,95410.0,0.0
2023-11-06 10:00:00+05:30,27.6,51,3.01,1.0,608.0,449.0,159.0,679.9,95380.0,0.0
2023-11-06 11:00:00+05:30,29.4,43,3.71,0.96,750.0,608.0,142.0,791.1,95280.0,0.0
2023-11-06 12:00:00+05:30,30.4,38,3.6,0.65,806.0,648.0,158.0,791.9,95180.0,0.0
2023-11-06 13:00:00+05:30,31.0,36,3.2,0.42,807.0,683.0,124.0,847.0,95100.0,0.0
2023-11-06 14:00:00+05:30,31.3,35,2.73,0.96,720.0,602.0,118.0,820.7,95020.0,0.0
2023-11-06 15:00:00+05:30,31.1,35,2.15,1.0,542.0,393.0,149.0,649.9,94950.0,0.0
2023-11-06 16:00:00+05:30,30.4,38,1.41,1.0,321.0,169.0,152.0,394.2,94970.0,0.0
2023-11-06 17:00:00+05:30,28.2,62,1.77,1.0,123.0,35.0,88.0,160.8,94970.0,0.0
2023-11-06 18:00:00+05:30,24.5,51,2.45,1.0,10.0,1.0,9.0,13.2,95020.0,0.0
2023-11-06 19:00:00+05:30,24.3,46,2.35,1.0,0.0,0.0,0.0,0.0,95080.0,0.0
2023-11-06 20:00:00+05:30,22.6,47,2.16,0.99,0.0,0.0,0.0,0.0,95110.0,0.0
2023-11-06 21:00:00+05:30,21.4,54,2.92,1.0,0.0,0.0,0.0,0.0,95140.0,0.0
2023-11-06 22:00:00+05:30,21.2,53,2.47,0.99,0.0,0.0,0.0,0.0,95120.0,0.0
2023-11-06 23:00:00+05:30,23.5,42,1.93,1.0,0.0,0.0,0.0,0.0,95150.0,0.0
2023-11-07 00:00:00+05:30,22.9,44,1.84,1.0,0.0,0.0,0.0,0.0,95120.0,0.0
2023-11-07 01:00:00+05:30,22.4,47,1.92,0.92,0.0,0.0,0.0,0.0,95090.0,0.0
2023-11-07 02:00:00+05:30,19.6,61,2.19,1.0,0.0,0.0,0.0,0.0,95010.0,0.0
2023-11-07 03:00:00+05:30,19.5,63,1.88,1.0,0.0,0.0,0.0,0.0,95000.0,0.0
2023-11-07 04:00:00+05:30,18.2,71,1.97,0.98,0.0,0.0,0.0,0.0,95000.0,0.0
2023-11-07 05:00:00+05:30,18.1,72,1.92,1.0,0.0,0.0,0.0,0.0,95030.0,0.0
2023-11-07 06:00:00+05:30,18.4,75,1.75,1.0,0.0,0.0,0.0,0.0,95110.0,0.0
2023-11-07 07:00:00+05:30,19.7,71,0.81,1.0,43.0,20.0,23.0,167.8,95220.0,0.0
2023-11-07 08:00:00+05:30,22.5,66,0.41,1.0,227.0,150.0,77.0,500.5,95350.0,0.0
2023-11-07 09:00:00+05:30,24.9,63,1.3,1.0,439.0,334.0,105.0,669.8,95410.0,0.0
2023-11-07 10:00:00+05:30,26.9,60,1.96,0.96,622.0,502.0,120.0,763.4,95410.0,0.0
2023-11-07 11:00:00+05:30,28.8,54,2.4,0.97,743.0,604.0,139.0,788.9,95310.0,0.0
2023-11-07 12:00:00+05:30,30.1,47,2.12,0.97,808.0,679.0,129.0,832.8,95190.0,0.0
2023-11-07 13:00:00+05:30,30.9,43,1.93,0.96,798.0,669.0,129.0,832.7,95060.0,0.0
2023-11-07 14:00:00+05:30,31.0,42,2.11,0.99,701.0,570.0,131.0,780.0,94970.0,0.0
2023-11-07 15:00:00+05:30,31.0,41,1.86,0.98,547.0,430.0,117.0,714.1,94900.0,0.0
2023-11-07 16:00:00+05:30,30.2,44,1.63,0.8,279.0,174.0,105.0,408.0,94890.0,0.0
2023-11-07 17:00:00+05:30,28.7,52,1.28,0.11,134.0,72.0,62.0,333.8,94890.0,0.0
2023-11-07 18:00:00+05:30,27.5,47,2.02,0.22,9.0,2.0,7.0,26.8,94930.0,0.0
2023-11-07 19:00:00+05:30,25.6,56,2.2,0.99,0.0,0.0,0.0,0.0,94940.0,0.0
2023-11-07 20:00:00+05:30,27.2,50,1.58,0.71,0.0,0.0,0.0,0.0,95050.0,0.0
2023-11-07 21:00:00+05:30,26.1,57,1.2,0.98,0.0,0.0,0.0,0.0,95100.0,0.0
2023-11-07 22:00:00+05:30,26.0,52,1.75,0.86,0.0,0.0,0.0,0.0,95150.0,0.0
2023-11-07 23:00:00+05:30,23.4,66,2.72,0.88,0.0,0.0,0.0,0.0,95050.0,0.0
2023-11-08 00:00:00+05:30,23.2,72,2.33,1.0,0.0,0.0,0.0,0.0,95010.0,0.0
2023-11-08 01:00:00+05:30,22.8,73,1.49,0.93,0.0,0.0,0.0,0.0,94960.0,0.0
2023-11-08 02:00:00+05:30,22.5,74,1.52,0.56,0.0,0.0,0.0,0.0,94960.0,0.0
2023-11-08 03:00:00+05:30,22.1,77,1.9,0.2,0.0,0.0,0.0,0.0,94940.0,0.0
2023-11-08 04:00:00+05:30,21.9,80,1.84,0.54,0.0,0.0,0.0,0.0,94950.0,0.1
2023-11-08 05:00:00+05:30,21.4,84,1.3,0.82,0.0,0.0,0.0,0.0,94970.0,0.0
2023-11-08 06:00:00+05:30,22.6,77,1.43,0.21,0.0,0.0,0.0,0.0,95110.0,0.0
2023-11-08 07:00:00+05:30,23.4,78,1.77,0.76,37.0,16.0,21.0,135.5,95210.0,0.0
2023-11-08 08:00:00+05:30,25.2,73,1.12,1.0,187.0,86.0,101.0,289.2,95250.0,0.0
2023-11-08 09:00:00+05:30,27.0,67,2.9,1.0,394.0,248.0,146.0,499.9,95310.0,0.0
2023-11-08 10:00:00+05:30,28.3,60,4.46,1.0,568.0,375.0,193.0,572.7,95340.0,0.0
2023-11-08 11:00:00+05:30,28.9,58,3.79,1.0,622.0,393.0,229.0,515.3,95250.0,0.0
2023-11-08 12:00:00+05:30,30.0,54,3.99,1.0,711.0,528.0,183.0,650.0,95140.0,0.0
2023-11-08 13:00:00+05:30,28.4,63,2.88,1.0,717.0,535.0,182.0,668.3,95040.0,1.8
2023-11-08 14:00:00+05:30,29.7,55,2.22,0.92,512.0,274.0,238.0,376.4,94940.0,0.0
2023-11-08 15:00:00+05:30,30.2,52,2.52,0.79,498.0,347.0,151.0,578.6,94890.0,0.0
2023-11-08 16:00:00+05:30,28.4,57,2.0,0.94,294.0,169.0,125.0,398.3,94900.0,0.0
2023-11-08 17:00:00+05:30,27.4,64,1.02,1.0,115.0,47.0,68.0,219.7,94930.0,0.0
2023-11-08 18:00:00+05:30,22.5,92,1.03,1.0,7.0,0.0,7.0,0.0,94990.0,1.7
2023-11-08 19:00:00+05:30,22.5,94,1.82,1.0,0.0,0.0,0.0,0.0,95110.0,0.0
2023-11-08 20:00:00+05:30,22.0,95,1.99,1.0,0.0,0.0,0.0,0.0,95190.0,0.0
2023-11-08 21:00:00+05:30,20.9,97,1.68,0.62,0.0,0.0,0.0,0.0,95170.0,0.0
2023-11-08 22:00:00+05:30,20.8,96,0.36,0.19,0.0,0.0,0.0,0.0,95130.0,0.0
2023-11-08 23:00:00+05:30,20.4,98,0.4,0.17,0.0,0.0,0.0,0.0,95100.0,0.0
2023-11-09 00:00:00+05:30,20.6,99,0.32,1.0,0.0,0.0,0.0,0.0,95090.0,0.0
2023-11-09 01:00:00+05:30,19.6,100,0.57,1.0,0.0,0.0,0.0,0.0,95010.0,0.0
2023-11-09 02:00:00+05:30,20.1,100,1.13,1.0,0.0,0.0,0.0,0.0,94990.0,0.0
2023-11-09 03:00:00+05:30,19.8,100,1.32,1.0,0.0,0.0,0.0,0.0,95000.0,0.0
2023-11-09 04:00:00+05:30,19.0,99,1.33,1.0,0.0,0.0,0.0,0.0,94980.0,0.0
2023-11-09 05:00:00+05:30,19.2,99,1.4,1.0,0.0,0.0,0.0,0.0,94980.0,0.0
2023-11-09 06:00:00+05:30,19.5,99,1.84,0.96,0.0,0.0,0.0,0.0,95070.0,0.0
2023-11-09 07:00:00+05:30,21.2,96,2.15,0.82,39.0,17.0,22.0,145.4,95180.0,0.0
2023-11-09 08:00:00+05:30,23.0,88,2.38,0.23,212.0,129.0,83.0,437.3,95300.0,0.0
2023-11-09 09:00:00+05:30,24.9,77,2.91,0.22,420.0,316.0,104.0,640.4,95350.0,0.0
2023-11-09 10:00:00+05:30,26.9,66,3.13,0.24,599.0,471.0,128.0,722.5,95340.0,0.0
2023-11-09 11:00:00+05:30,28.5,59,3.42,0.99,727.0,590.0,137.0,776.6,95260.0,0.0
2023-11-09 12:00:00+05:30,29.7,54,3.77,0.92,746.0,596.0,150.0,736.3,95190.0,0.0
2023-11-09 13:00:00+05:30,30.2,52,3.77,1.0,734.0,571.0,163.0,715.8,95080.0,0.0
2023-11-09 14:00:00+05:30,29.9,52,3.28,1.0,609.0,416.0,193.0,573.5,94970.0,0.1
2023-11-09 15:00:00+05:30,29.9,53,2.73,1.0,446.0,280.0,166.0,468.8,94910.0,0.0
2023-11-09 16:00:00+05:30,28.0,59,3.18,1.0,273.0,125.0,148.0,296.0,94940.0,0.6
2023-11-09 17:00:00+05:30,26.1,81,0.61,0.99,97.0,40.0,57.0,188.6,94990.0,0.0
2023-11-09 18:00:00+05:30,23.0,89,1.36,1.0,6.0,1.0,5.0,13.7,95070.0,2.4
2023-11-09 19:00:00+05:30,22.0,90,4.12,1.0,0.0,0.0,0.0,0.0,95200.0,1.4
2023-11-09 20:00:00+05:30,21.4,93,1.3,0.92,0.0,0.0,0.0,0.0,95250.0,0.2
2023-11-09 21:00:00+05:30,21.4,94,0.5,0.75,0.0,0.0,0.0,0.0,95290.0,0.0
2023-11-09 22:00:00+05:30,20.6,96,0.76,0.19,0.0,0.0,0.0,0.0,95270.0,0.0
2023-11-09 23:00:00+05:30,20.9,94,0.14,0.73,0.0,0.0,0.0,0.0,95230.0,0.0
2023-11-10 00:00:00+05:30,19.5,98,0.71,0.13,0.0,0.0,0.0,0.0,95150.0,0.0
2023-11-10 01:00:00+05:30,19.4,99,0.71,0.87,0.0,0.0,0.0,0.0,95120.0,0.0
2023-11-10 02:00:00+05:30,19.0,100,0.5,0.42,0.0,0.0,0.0,0.0,95040.0,0.0
2023-11-10 03:00:00+05:30,19.7,99,0.58,0.7,0.0,0.0,0.0,0.0,95050.0,0.0
2023-11-10 04:00:00+05:30,19.4,99,0.71,0.98,0.0,0.0,0.0,0.0,95040.0,0.0
2023-11-10 05:00:00+05:30,19.6,98,1.71,0.99,0.0,0.0,0.0,0.0,95090.0,0.0
2023-11-10 06:00:00+05:30,21.0,98,1.22,0.85,0.0,0.0,0.0,0.0,95240.0,0.0
2023-11-10 07:00:00+05:30,21.2,95,0.92,0.86,35.0,12.0,23.0,103.7,95320.0,0.0
2023-11-10 08:00:00+05:30,22.6,92,0.5,0.96,183.0,95.0,88.0,324.6,95410.0,0.0
2023-11-10 09:00:00+05:30,24.9,81,1.6,0.96,403.0,279.0,124.0,568.5,95490.0,0.0
2023-11-10 10:00:00+05:30,26.7,73,2.33,0.99,550.0,383.0,167.0,590.0,95510.0,0.0
2023-11-10 11:00:00+05:30,28.4,64,3.0,0.96,689.0,496.0,193.0,655.4,95430.0,0.1
2023-11-10 12:00:00+05:30,29.4,58,3.54,0.92,776.0,625.0,151.0,774.9,95310.0,0.0
2023-11-10 13:00:00+05:30,30.0,56,3.49,0.31,763.0,617.0,146.0,776.2,95200.0,0.0
2023-11-10 14:00:00+05:30,29.0,57,3.73,0.74,644.0,502.0,142.0,694.6,95090.0,0.2
2023-11-10 15:00:00+05:30,26.5,70,0.3,0.79,376.0,191.0,185.0,321.0,95050.0,2.0
2023-11-10 16:00:00+05:30,25.0,78,0.82,0.85,170.0,72.0,98.0,171.3,95100.0,1.0
2023-11-10 17:00:00+05:30,22.1,92,3.13,0.89,74.0,21.0,53.0,99.8,95180.0,10.2
2023-11-10 18:00:00+05:30,22.8,89,0.58,0.86,6.0,1.0,5.0,13.8,95210.0,0.0
2023-11-10 19:00:00+05:30,22.8,89,1.1,0.95,0.0,0.0,0.0,0.0,95320.0,0.0
2023-11-10 20:00:00+05:30,22.8,89,0.85,0.98,0.0,0.0,0.0,0.0,95400.0,0.0
2023-11-10 21:00:00+05:30,22.8,89,0.95,0.86,0.0,0.0,0.0,0.0,95400.0,0.0
2023-11-10 22:00:00+05:30,20.9,96,1.24,0.32,0.0,0.0,0.0,0.0,95370.0,0.0
2023-11-10 23:00:00+05:30,20.1,98,1.06,0.54,0.0,0.0,0.0,0.0,95310.0,0.0
2023-11-11 00:00:00+05:30,19.9,99,0.82,0.31,0.0,0.0,0.0,0.0,95250.0,0.0
2023-11-11 01:00:00+05:30,19.8,100,0.5,0.31,0.0,0.0,0.0,0.0,95210.0,0.0
2023-11-11 02:00:00+05:30,19.5,100,0.4,0.99,0.0,0.0,0.0,0.0,95150.0,0.0
2023-11-11 03:00:00+05:30,19.4,100,0.32,1.0,0.0,0.0,0.0,0.0,95130.0,0.0
2023-11-11 04:00:00+05:30,18.6,100,0.57,1.0,0.0,0.0,0.0,0.0,95110.0,0.0
2023-11-11 05:00:00+05:30,18.3,100,0.58,1.0,0.0,0.0,0.0,0.0,95130.0,0.0
2023-11-11 06:00:00+05:30,20.2,100,1.22,1.0,0.0,0.0,0.0,0.0,95290.0,0.0
2023-11-11 07:00:00+05:30,20.6,99,0.98,1.0,27.0,5.0,22.0,43.6,95380.0,0.0
2023-11-11 08:00:00+05:30,21.9,96,0.82,0.28,155.0,37.0,118.0,127.5,95470.0,0.0
2023-11-11 09:00:00+05:30,24.5,83,1.5,0.1,413.0,295.0,118.0,604.3,95560.0,0.0
2023-11-11 10:00:00+05:30,27.0,68,2.5,0.29,601.0,483.0,118.0,747.3,95550.0,0.0
2023-11-11 11:00:00+05:30,28.9,56,3.24,0.49,724.0,600.0,124.0,795.8,95470.0,0.0
2023-11-11 12:00:00+05:30,29.8,49,3.31,0.35,760.0,610.0,150.0,759.0,95350.0,0.0
2023-11-11 13:00:00+05:30,30.5,46,3.21,0.42,732.0,583.0,149.0,736.0,95240.0,0.0
2023-11-11 14:00:00+05:30,30.6,46,3.16,0.78,643.0,495.0,148.0,687.3,95140.0,0.0
2023-11-11 15:00:00+05:30,30.5,46,3.37,0.87,541.0,434.0,107.0,732.3,95090.0,0.0
2023-11-11 16:00:00+05:30,29.8,48,2.45,0.99,343.0,249.0,94.0,595.3,95100.0,0.0
2023-11-11 17:00:00+05:30,27.3,62,1.77,0.99,122.0,67.0,55.0,320.7,95110.0,0.0
2023-11-11 18:00:00+05:30,28.0,46,1.81,0.96,8.0,3.0,5.0,42.0,95190.0,0.0
2023-11-11 19:00:00+05:30,24.2,64,1.52,0.99,0.0,0.0,0.0,0.0,95190.0,0.0
2023-11-11 20:00:00+05:30,22.5,75,2.06,0.95,0.0,0.0,0.0,0.0,95260.0,0.0
2023-11-11 21:00:00+05:30,23.6,66,1.2,0.88,0.0,0.0,0.0,0.0,95330.0,0.0
2023-11-11 22:00:00+05:30,23.0,69,0.64,0.89,0.0,0.0,0.0,0.0,95330.0,0.0
2023-11-11 23:00:00+05:30,22.2,72,1.12,0.28,0.0,0.0,0.0,0.0,95330.0,0.0
2023-11-12 00:00:00+05:30,20.2,80,2.19,0.09,0.0,0.0,0.0,0.0,95270.0,0.0
2023-11-12 01:00:00+05:30,20.0,75,2.58,0.01,0.0,0.0,0.0,0.0,95210.0,0.0
2023-11-12 02:00:00+05:30,19.8,74,2.56,0.0,0.0,0.0,0.0,0.0,95170.0,0.0
2023-11-12 03:00:00+05:30,20.1,70,2.25,0.17,0.0,0.0,0.0,0.0,95150.0,0.0
2023-11-12 04:00:00+05:30,19.4,74,2.24,0.25,0.0,0.0,0.0,0.0,95120.0,0.0
2023-11-12 05:00:00+05:30,19.0,76,2.38,0.0,0.0,0.0,0.0,0.0,95150.0,0.0
2023-11-12 06:00:00+05:30,20.1,87,1.61,0.84,0.0,0.0,0.0,0.0,95300.0,0.0
2023-11-12 07:00:00+05:30,21.1,84,1.66,0.56,36.0,16.0,20.0,141.1,95400.0,0.0
2023-11-12 08:00:00+05:30,23.5,76,1.2,1.0,209.0,136.0,73.0,472.5,95490.0,0.0
2023-11-12 09:00:00+05:30,25.6,69,1.8,1.0,390.0,270.0,120.0,556.1,95560.0,0.0
2023-11-12 10:00:00+05:30,27.5,63,2.31,1.0,576.0,421.0,155.0,654.2,95570.0,0.0
2023-11-12 11:00:00+05:30,29.0,54,2.8,0.99,715.0,556.0,159.0,740.3,95490.0,0.0
2023-11-12 12:00:00+05:30,30.0,46,3.31,0.96,781.0,629.0,152.0,785.4,95380.0,0.0
2023-11-12 13:00:00+05:30,30.6,43,2.91,0.91,774.0,636.0,138.0,805.6,95270.0,0.0
2023-11-12 14:00:00+05:30,30.8,41,2.51,0.37,668.0,538.0,130.0,749.6,95180.0,0.0
2023-11-12 15:00:00+05:30,30.7,41,2.2,0.79,523.0,416.0,107.0,704.5,95120.0,0.0
2023-11-12 16:00:00+05:30,30.0,47,1.26,0.43,339.0,252.0,87.0,605.1,95120.0,0.0
2023-11-12 17:00:00+05:30,27.5,61,1.79,0.87,135.0,80.0,55.0,385.7,95110.0,0.0
2023-11-12 18:00:00+05:30,28.3,44,0.82,0.02,9.0,3.0,6.0,42.4,95180.0,0.0
2023-11-12 19:00:00+05:30,25.2,56,1.06,0.0,0.0,0.0,0.0,0.0,95200.0,0.0
2023-11-12 20:00:00+05:30,25.6,51,0.78,0.0,0.0,0.0,0.0,0.0,95280.0,0.0
2023-11-12 21:00:00+05:30,24.0,58,1.02,0.03,0.0,0.0,0.0,0.0,95290.0,0.0
2023-11-12 22:00:00+05:30,20.5,75,1.9,0.92,0.0,0.0,0.0,0.0,95230.0,0.0
2023-11-12 23:00:00+05:30,22.5,63,1.08,0.78,0.0,0.0,0.0,0.0,95310.0,0.0
2023-11-13 00:00:00+05:30,19.6,78,1.94,0.02,0.0,0.0,0.0,0.0,95210.0,0.0
2023-11-13 01:00:00+05:30,21.5,64,1.91,0.03,0.0,0.0,0.0,0.0,95220.0,0.0
2023-11-13 02:00:00+05:30,21.4,63,0.71,0.86,0.0,0.0,0.0,0.0,95190.0,0.0
2023-11-13 03:00:00+05:30,18.4,78,1.44,0.55,0.0,0.0,0.0,0.0,95090.0,0.0
2023-11-13 04:00:00+05:30,20.1,65,0.86,0.95,0.0,0.0,0.0,0.0,95140.0,0.0
2023-11-13 05:00:00+05:30,20.2,64,1.21,1.0,0.0,0.0,0.0,0.0,95160.0,0.0
2023-11-13 06:00:00+05:30,19.9,66,1.73,0.99,0.0,0.0,0.0,0.0,95240.0,0.0
2023-11-13 07:00:00+05:30,19.9,71,1.14,1.0,37.0,15.0,22.0,133.7,95310.0,0.0
2023-11-13 08:00:00+05:30,22.5,65,0.89,0.98,217.0,144.0,73.0,504.5,95410.0,0.0
2023-11-13 09:00:00+05:30,24.5,58,1.6,0.71,428.0,324.0,104.0,671.0,95490.0,0.0
2023-11-13 10:00:00+05:30,26.3,55,1.7,0.83,613.0,497.0,116.0,775.7,95490.0,0.0
2023-11-13 11:00:00+05:30,28.0,52,1.8,0.62,733.0,594.0,139.0,793.9,95420.0,0.0
2023-11-13 12:00:00+05:30,29.2,48,1.8,0.27,795.0,655.0,140.0,820.7,95310.0,0.0
2023-11-13 13:00:00+05:30,30.0,43,1.51,0.14,792.0,667.0,125.0,847.7,95200.0,0.0
2023-11-13 14:00:00+05:30,30.2,40,1.36,0.25,695.0,584.0,111.0,816.4,95100.0,0.0
2023-11-13 15:00:00+05:30,30.2,40,0.63,0.24,515.0,406.0,109.0,690.0,95060.0,0.0
2023-11-13 16:00:00+05:30,29.8,44,0.63,0.73,335.0,242.0,93.0,583.6,95080.0,0.0
2023-11-13 17:00:00+05:30,27.9,61,0.92,0.31,133.0,77.0,56.0,373.7,95050.0,0.0
2023-11-13 18:00:00+05:30,25.5,54,2.3,0.19,8.0,2.0,6.0,28.5,95100.0,0.0
2023-11-13 19:00:00+05:30,23.8,60,2.02,0.05,0.0,0.0,0.0,0.0,95120.0,0.0
2023-11-13 20:00:00+05:30,23.8,62,1.84,0.03,0.0,0.0,0.0,0.0,95200.0,0.0
2023-11-13 21:00:00+05:30,21.8,71,1.43,0.09,0.0,0.0,0.0,0.0,95220.0,0.0
2023-11-13 22:00:00+05:30,20.8,75,1.75,0.16,0.0,0.0,0.0,0.0,95240.0,0.0
2023-11-13 23:00:00+05:30,20.2,79,1.75,0.03,0.0,0.0,0.0,0.0,95200.0,0.0
2023-11-14 00:00:00+05:30,19.5,83,1.36,0.1,0.0,0.0,0.0,0.0,95120.0,0.0
2023-11-14 01:00:00+05:30,20.4,77,0.81,0.3,0.0,0.0,0.0,0.0,95130.0,0.0
2023-11-14 02:00:00+05:30,19.8,81,0.61,0.25,0.0,0.0,0.0,0.0,95080.0,0.0
2023-11-14 03:00:00+05:30,17.5,92,0.95,0.02,0.0,0.0,0.0,0.0,94990.0,0.0
2023-11-14 04:00:00+05:30,16.6,95,1.2,0.3,0.0,0.0,0.0,0.0,94970.0,0.0
2023-11-14 05:00:00+05:30,17.6,90,0.58,0.08,0.0,0.0,0.0,0.0,95000.0,0.0
2023-11-14 06:00:00+05:30,18.3,86,0.63,0.09,0.0,0.0,0.0,0.0,95140.0,0.0
2023-11-14 07:00:00+05:30,18.4,85,1.2,0.07,37.0,18.0,19.0,162.2,95240.0,0.0
2023-11-14 08:00:00+05:30,21.2,76,0.6,0.96,219.0,150.0,69.0,530.0,95350.0,0.0
2023-11-14 09:00:00+05:30,24.0,70,0.67,0.64,433.0,337.0,96.0,701.7,95460.0,0.0
2023-11-14 10:00:00+05:30,26.3,60,0.98,0.98,615.0,503.0,112.0,788.4,95460.0,0.0
2023-11-14 11:00:00+05:30,28.2,48,1.2,0.9,745.0,625.0,120.0,838.4,95360.0,0.0
2023-11-14 12:00:00+05:30,29.1,40,0.82,0.94,796.0,675.0,121.0,848.7,95230.0,0.0
2023-11-14 13:00:00+05:30,29.6,38,0.72,0.95,798.0,682.0,116.0,869.6,95110.0,0.0
2023-11-14 14:00:00+05:30,29.9,36,1.0,0.43,711.0,596.0,115.0,835.9,95030.0,0.0
2023-11-14 15:00:00+05:30,29.7,36,1.9,0.12,545.0,434.0,111.0,740.1,95000.0,0.0
2023-11-14 16:00:00+05:30,28.7,39,1.79,0.24,344.0,251.0,93.0,607.7,94970.0,0.0
2023-11-14 17:00:00+05:30,26.4,65,1.73,0.12,137.0,82.0,55.0,400.4,94960.0,0.0
2023-11-14 18:00:00+05:30,25.9,46,1.84,0.19,8.0,3.0,5.0,43.1,95020.0,0.0
2023-11-14 19:00:00+05:30,22.7,57,2.4,0.03,0.0,0.0,0.0,0.0,95060.0,0.0
2023-11-14 20:00:00+05:30,24.5,45,0.63,0.08,0.0,0.0,0.0,0.0,95170.0,0.0
2023-11-14 21:00:00+05:30,20.9,64,2.24,0.0,0.0,0.0,0.0,0.0,95170.0,0.0
2023-11-14 22:00:00+05:30,19.0,79,3.04,0.34,0.0,0.0,0.0,0.0,95150.0,0.0
2023-11-14 23:00:00+05:30,19.2,78,2.33,0.43,0.0,0.0,0.0,0.0,95110.0,0.0
2023-11-15 00:00:00+05:30,18.8,76,1.66,0.28,0.0,0.0,0.0,0.0,95090.0,0.0
2023-11-15 01:00:00+05:30,20.0,65,1.48,0.06,0.0,0.0,0.0,0.0,95060.0,0.0
2023-11-15 02:00:00+05:30,19.6,68,0.2,0.01,0.0,0.0,0.0,0.0,95030.0,0.0
2023-11-15 03:00:00+05:30,16.4,88,0.89,0.39,0.0,0.0,0.0,0.0,94960.0,0.0
2023-11-15 04:00:00+05:30,15.9,92,0.95,0.0,0.0,0.0,0.0,0.0,94950.0,0.0
2023-11-15 05:00:00+05:30,16.5,87,0.64,0.18,0.0,0.0,0.0,0.0,94990.0,0.0
2023-11-15 06:00:00+05:30,16.8,77,1.8,0.01,0.0,0.0,0.0,0.0,95080.0,0.0
2023-11-15 07:00:00+05:30,17.8,72,0.98,0.0,37.0,19.0,18.0,173.1,95210.0,0.0
2023-11-15 08:00:00+05:30,20.4,67,0.54,0.0,222.0,155.0,67.0,552.4,95350.0,0.0
2023-11-15 09:00:00+05:30,23.1,58,1.17,0.0,438.0,347.0,91.0,726.5,95420.0,0.0
2023-11-15 10:00:00+05:30,25.4,51,2.0,0.0,623.0,518.0,105.0,815.5,95450.0,0.0
2023-11-15 11:00:00+05:30,27.1,46,2.63,0.1,751.0,638.0,113.0,859.1,95350.0,0.0
2023-11-15 12:00:00+05:30,28.3,39,2.1,0.09,812.0,695.0,117.0,876.8,95230.0,0.0
2023-11-15 13:00:00+05:30,28.8,36,2.11,0.46,800.0,685.0,115.0,876.2,95110.0,0.0
2023-11-15 14:00:00+05:30,29.0,34,2.1,0.31,713.0,599.0,114.0,842.8,95020.0,0.0
2023-11-15 15:00:00+05:30,29.0,34,1.61,0.29,564.0,465.0,99.0,795.6,94990.0,0.0
2023-11-15 16:00:00+05:30,28.1,39,1.2,0.22,364.0,282.0,82.0,685.3,94980.0,0.0
2023-11-15 17:00:00+05:30,25.1,60,2.25,0.01,147.0,95.0,52.0,466.6,94970.0,0.0
2023-11-15 18:00:00+05:30,25.9,40,1.0,0.14,9.0,3.0,6.0,43.4,95030.0,0.0
2023-11-15 19:00:00+05:30,21.0,58,2.19,0.0,0.0,0.0,0.0,0.0,94990.0,0.0
2023-11-15 20:00:00+05:30,19.8,63,2.55,0.04,0.0,0.0,0.0,0.0,95020.0,0.0
2023-11-15 21:00:00+05:30,19.1,68,2.42,0.03,0.0,0.0,0.0,0.0,95060.0,0.0
2023-11-15 22:00:00+05:30,20.6,60,1.36,0.0,0.0,0.0,0.0,0.0,95140.0,0.0
2023-11-15 23:00:00+05:30,18.4,71,0.99,0.5,0.0,0.0,0.0,0.0,95100.0,0.0
2023-11-16 00:00:00+05:30,17.0,76,1.36,0.13,0.0,0.0,0.0,0.0,95030.0,0.0
2023-11-16 01:00:00+05:30,18.8,64,0.92,0.07,0.0,0.0,0.0,0.0,95000.0,0.0
2023-11-16 02:00:00+05:30,16.2,79,1.62,0.0,0.0,0.0,0.0,0.0,94920.0,0.0
2023-11-16 03:00:00+05:30,16.3,79,0.76,0.0,0.0,0.0,0.0,0.0,94890.0,0.0
2023-11-16 04:00:00+05:30,15.6,84,0.51,0.0,0.0,0.0,0.0,0.0,94890.0,0.0
2023-11-16 05:00:00+05:30,15.4,86,0.89,0.13,0.0,0.0,0.0,0.0,94920.0,0.0
2023-11-16 06:00:00+05:30,14.6,88,1.33,0.74,0.0,0.0,0.0,0.0,95010.0,0.0
2023-11-16 07:00:00+05:30,16.1,79,1.28,0.42,36.0,18.0,18.0,165.8,95160.0,0.0
2023-11-16 08:00:00+05:30,19.5,68,0.45,0.63,219.0,152.0,67.0,546.6,95300.0,0.0
2023-11-16 09:00:00+05:30,22.5,58,0.67,0.02,434.0,343.0,91.0,722.2,95430.0,0.0
2023-11-16 10:00:00+05:30,24.9,54,1.58,0.0,618.0,513.0,105.0,811.1,95430.0,0.0
2023-11-16 11:00:00+05:30,26.9,47,2.4,0.0,747.0,635.0,112.0,858.2,95360.0,0.0
2023-11-16 12:00:00+05:30,28.1,40,2.31,0.0,808.0,693.0,115.0,877.2,95240.0,0.0
2023-11-16 13:00:00+05:30,28.8,36,1.7,0.0,797.0,683.0,114.0,876.4,95140.0,0.0
2023-11-16 14:00:00+05:30,29.0,34,1.2,0.0,712.0,605.0,107.0,853.9,95070.0,0.0
2023-11-16 15:00:00+05:30,29.0,33,1.24,0.0,562.0,464.0,98.0,796.5,95010.0,0.0
2023-11-16 16:00:00+05:30,28.4,40,1.06,0.0,364.0,282.0,82.0,687.8,95010.0,0.0
2023-11-16 17:00:00+05:30,25.0,60,2.12,0.0,147.0,96.0,51.0,474.1,94990.0,0.0
2023-11-16 18:00:00+05:30,26.2,50,0.9,0.06,8.0,2.0,6.0,29.2,95130.0,0.0
2023-11-16 19:00:00+05:30,24.8,55,1.02,0.03,0.0,0.0,0.0,0.0,95160.0,0.0
2023-11-16 20:00:00+05:30,20.8,74,2.12,0.03,0.0,0.0,0.0,0.0,95160.0,0.0
2023-11-16 21:00:00+05:30,21.0,70,2.01,0.0,0.0,0.0,0.0,0.0,95180.0,0.0
2023-11-16 22:00:00+05:30,22.0,62,1.3,0.0,0.0,0.0,0.0,0.0,95250.0,0.0
2023-11-16 23:00:00+05:30,21.5,64,0.82,0.02,0.0,0.0,0.0,0.0,95220.0,0.0
2023-11-17 00:00:00+05:30,18.6,79,0.76,0.05,0.0,0.0,0.0,0.0,95140.0,0.0
2023-11-17 01:00:00+05:30,20.1,69,0.32,0.07,0.0,0.0,0.0,0.0,95130.0,0.0
2023-11-17 02:00:00+05:30,18.5,75,1.51,0.0,0.0,0.0,0.0,0.0,95040.0,0.0
2023-11-17 03:00:00+05:30,17.4,78,2.19,0.0,0.0,0.0,0.0,0.0,94980.0,0.0
2023-11-17 04:00:00+05:30,18.0,72,1.77,0.0,0.0,0.0,0.0,0.0,94990.0,0.0
2023-11-17 05:00:00+05:30,17.8,73,1.71,0.0,0.0,0.0,0.0,0.0,95040.0,0.0
2023-11-17 06:00:00+05:30,15.8,82,1.43,0.0,0.0,0.0,0.0,0.0,95130.0,0.0
2023-11-17 07:00:00+05:30,16.6,81,1.0,0.0,35.0,17.0,18.0,158.4,95220.0,0.0
2023-11-17 08:00:00+05:30,19.8,74,0.72,0.0,215.0,148.0,67.0,537.0,95330.0,0.0
2023-11-17 09:00:00+05:30,22.6,65,1.02,0.0,429.0,338.0,91.0,715.7,95390.0,0.0
2023-11-17 10:00:00+05:30,25.0,59,2.1,0.0,614.0,508.0,106.0,806.8,95380.0,0.0
2023-11-17 11:00:00+05:30,26.8,50,2.82,0.0,744.0,631.0,113.0,856.0,95300.0,0.0
2023-11-17 12:00:00+05:30,28.0,43,2.41,0.0,806.0,690.0,116.0,876.4,95210.0,0.0
2023-11-17 13:00:00+05:30,28.6,39,1.6,0.0,792.0,678.0,114.0,872.8,95100.0,0.0
2023-11-17 14:00:00+05:30,29.0,36,1.14,0.0,707.0,599.0,108.0,848.0,95050.0,0.0
2023-11-17 15:00:00+05:30,28.9,34,1.04,0.0,558.0,460.0,98.0,792.0,95000.0,0.0
2023-11-17 16:00:00+05:30,28.3,40,0.81,0.09,362.0,280.0,82.0,685.3,95010.0,0.0
2023-11-17 17:00:00+05:30,25.5,58,1.58,0.0,144.0,93.0,51.0,461.6,94980.0,0.0
2023-11-17 18:00:00+05:30,23.3,51,2.38,0.0,8.0,3.0,5.0,44.0,94960.0,0.0
2023-11-17 19:00:00+05:30,21.5,57,2.64,0.0,0.0,0.0,0.0,0.0,94990.0,0.0
2023-11-17 20:00:00+05:30,21.8,57,2.51,0.0,0.0,0.0,0.0,0.0,95060.0,0.0
2023-11-17 21:00:00+05:30,22.5,52,0.82,0.0,0.0,0.0,0.0,0.0,95130.0,0.0
2023-11-17 22:00:00+05:30,19.5,65,1.57,0.0,0.0,0.0,0.0,0.0,95070.0,0.0
2023-11-17 23:00:00+05:30,17.5,75,1.84,0.0,0.0,0.0,0.0,0.0,95040.0,0.0
2023-11-18 00:00:00+05:30,17.6,73,0.89,0.0,0.0,0.0,0.0,0.0,95010.0,0.0
2023-11-18 01:00:00+05:30,18.6,68,0.58,0.0,0.0,0.0,0.0,0.0,94990.0,0.0
2023-11-18 02:00:00+05:30,18.4,69,0.42,0.0,0.0,0.0,0.0,0.0,94950.0,0.0
2023-11-18 03:00:00+05:30,15.9,83,0.92,0.0,0.0,0.0,0.0,0.0,94870.0,0.0
2023-11-18 04:00:00+05:30,15.4,86,1.13,0.0,0.0,0.0,0.0,0.0,94850.0,0.0
2023-11-18 05:00:00+05:30,15.1,88,1.28,0.0,0.0,0.0,0.0,0.0,94900.0,0.0
2023-11-18 06:00:00+05:30,14.6,88,1.21,0.0,0.0,0.0,0.0,0.0,94990.0,0.0
2023-11-18 07:00:00+05:30,16.4,81,0.32,0.0,34.0,17.0,17.0,160.3,95100.0,0.0
2023-11-18 08:00:00+05:30,19.8,74,0.1,0.0,214.0,148.0,66.0,542.0,95240.0,0.0
2023-11-18 09:00:00+05:30,22.7,63,0.63,0.02,425.0,334.0,91.0,711.4,95350.0,0.0
2023-11-18 10:00:00+05:30,25.0,58,1.24,0.04,604.0,495.0,109.0,789.6,95340.0,0.0
2023-11-18 11:00:00+05:30,26.9,54,1.3,0.03,730.0,611.0,119.0,832.0,95270.0,0.0
2023-11-18 12:00:00+05:30,28.2,50,1.1,0.11,790.0,671.0,119.0,855.1,95170.0,0.0
2023-11-18 13:00:00+05:30,29.0,47,0.51,0.16,693.0,518.0,175.0,668.9,95060.0,0.0
2023-11-18 14:00:00+05:30,29.4,45,0.14,0.6,587.0,407.0,180.0,577.9,94980.0,0.0
2023-11-18 15:00:00+05:30,29.4,44,0.4,0.9,450.0,307.0,143.0,530.2,94950.0,0.0
2023-11-18 16:00:00+05:30,28.8,47,0.76,0.1,321.0,233.0,88.0,572.2,94940.0,0.0
2023-11-18 17:00:00+05:30,26.3,54,1.99,0.15,126.0,71.0,55.0,354.1,94940.0,0.0
2023-11-18 18:00:00+05:30,24.0,50,1.88,0.0,8.0,2.0,6.0,29.5,94930.0,0.0
2023-11-18 19:00:00+05:30,21.4,62,2.33,0.0,0.0,0.0,0.0,0.0,94950.0,0.0
2023-11-18 20:00:00+05:30,20.6,63,1.87,0.0,0.0,0.0,0.0,0.0,95030.0,0.0
2023-11-18 21:00:00+05:30,19.8,65,1.9,0.0,0.0,0.0,0.0,0.0,95030.0,0.0
2023-11-18 22:00:00+05:30,21.0,60,1.6,0.0,0.0,0.0,0.0,0.0,95110.0,0.0
2023-11-18 23:00:00+05:30,18.2,76,1.21,0.0,0.0,0.0,0.0,0.0,95040.0,0.0
2023-11-19 00:00:00+05:30,18.0,78,1.5,0.0,0.0,0.0,0.0,0.0,94980.0,0.0
2023-11-19 01:00:00+05:30,16.9,85,0.82,0.08,0.0,0.0,0.0,0.0,94940.0,0.0
2023-11-19 02:00:00+05:30,18.2,75,1.55,0.66,0.0,0.0,0.0,0.0,94950.0,0.0
2023-11-19 03:00:00+05:30,16.2,87,0.71,0.54,0.0,0.0,0.0,0.0,94870.0,0.0
2023-11-19 04:00:00+05:30,16.0,89,1.28,0.26,0.0,0.0,0.0,0.0,94910.0,0.0
2023-11-19 05:00:00+05:30,15.1,94,1.49,0.48,0.0,0.0,0.0,0.0,94920.0,0.0
2023-11-19 06:00:00+05:30,16.6,91,0.5,0.97,0.0,0.0,0.0,0.0,95000.0,0.0
2023-11-19 07:00:00+05:30,18.3,83,0.28,0.78,31.0,14.0,17.0,133.6,95110.0,0.0
2023-11-19 08:00:00+05:30,21.5,73,0.32,0.16,202.0,133.0,69.0,491.7,95240.0,0.0
2023-11-19 09:00:00+05:30,24.1,65,1.12,0.15,406.0,305.0,101.0,653.4,95320.0,0.0
2023-11-19 10:00:00+05:30,26.3,60,1.71,0.23,591.0,478.0,113.0,765.9,95320.0,0.0
2023-11-19 11:00:00+05:30,28.4,55,1.88,0.32,721.0,603.0,118.0,824.2,95250.0,0.0
2023-11-19 12:00:00+05:30,30.0,48,2.06,0.69,782.0,660.0,122.0,843.9,95160.0,0.0
2023-11-19 13:00:00+05:30,30.8,45,2.27,0.75,752.0,613.0,139.0,794.0,95060.0,0.0
2023-11-19 14:00:00+05:30,30.9,43,1.88,0.26,637.0,482.0,155.0,686.4,94980.0,0.0
2023-11-19 15:00:00+05:30,30.5,43,1.52,0.16,487.0,354.0,133.0,613.1,94960.0,0.0
2023-11-19 16:00:00+05:30,29.7,47,1.25,0.14,309.0,212.0,97.0,522.2,94940.0,0.0
2023-11-19 17:00:00+05:30,27.8,50,2.1,0.24,119.0,67.0,52.0,335.6,94950.0,0.0
2023-11-19 18:00:00+05:30,24.5,58,1.79,0.07,7.0,2.0,5.0,29.7,94950.0,0.0
2023-11-19 19:00:00+05:30,23.0,65,2.1,0.22,0.0,0.0,0.0,0.0,95000.0,0.0
2023-11-19 20:00:00+05:30,22.5,69,1.6,0.91,0.0,0.0,0.0,0.0,95060.0,0.0
2023-11-19 21:00:00+05:30,22.0,64,1.91,0.55,0.0,0.0,0.0,0.0,95110.0,0.0
2023-11-19 22:00:00+05:30,22.5,63,1.41,0.25,0.0,0.0,0.0,0.0,95110.0,0.0
2023-11-19 23:00:00+05:30,22.0,64,0.45,0.02,0.0,0.0,0.0,0.0,95090.0,0.0
2023-11-20 00:00:00+05:30,19.5,80,1.36,0.1,0.0,0.0,0.0,0.0,95000.0,0.0
2023-11-20 01:00:00+05:30,18.8,85,1.17,0.21,0.0,0.0,0.0,0.0,94940.0,0.0
2023-11-20 02:00:00+05:30,18.5,87,1.08,0.36,0.0,0.0,0.0,0.0,94880.0,0.0
2023-11-20 03:00:00+05:30,19.0,85,0.51,0.42,0.0,0.0,0.0,0.0,94900.0,0.0
2023-11-20 04:00:00+05:30,19.0,85,0.54,0.06,0.0,0.0,0.0,0.0,94910.0,0.0
2023-11-20 05:00:00+05:30,18.2,88,1.84,0.07,0.0,0.0,0.0,0.0,94950.0,0.0
2023-11-20 06:00:00+05:30,20.2,80,1.36,0.61,0.0,0.0,0.0,0.0,95120.0,0.0
2023-11-20 07:00:00+05:30,20.9,80,1.62,0.14,25.0,9.0,16.0,87.0,95260.0,0.0
2023-11-20 08:00:00+05:30,22.9,74,1.22,0.29,180.0,105.0,75.0,391.9,95370.0,0.0
2023-11-20 09:00:00+05:30,25.0,66,2.06,0.39,368.0,248.0,120.0,534.4,95440.0,0.0
2023-11-20 10:00:00+05:30,27.0,58,2.84,0.33,546.0,399.0,147.0,642.2,95430.0,0.0
2023-11-20 11:00:00+05:30,28.6,51,2.96,0.9,716.0,599.0,117.0,821.8,95360.0,0.0
2023-11-20 12:00:00+05:30,29.8,47,2.75,0.79,781.0,662.0,119.0,849.2,95240.0,0.0
2023-11-20 13:00:00+05:30,30.2,45,2.31,0.61,769.0,649.0,120.0,843.1,95130.0,0.0
2023-11-20 14:00:00+05:30,30.5,43,2.22,0.68,672.0,549.0,123.0,784.0,95040.0,0.0
2023-11-20 15:00:00+05:30,30.2,42,2.28,0.41,514.0,405.0,109.0,703.4,95010.0,0.0
2023-11-20 16:00:00+05:30,29.4,44,1.98,0.07,305.0,201.0,104.0,496.6,95000.0,0.0
2023-11-20 17:00:00+05:30,26.7,65,1.98,0.06,124.0,68.0,56.0,341.9,94980.0,0.0
2023-11-20 18:00:00+05:30,28.0,45,1.6,0.17,6.0,1.0,5.0,14.9,95040.0,0.0
2023-11-20 19:00:00+05:30,27.3,46,1.2,0.3,0.0,0.0,0.0,0.0,95100.0,0.0
2023-11-20 20:00:00+05:30,23.4,66,1.56,0.96,0.0,0.0,0.0,0.0,95120.0,0.0
2023-11-20 21:00:00+05:30,23.4,69,1.93,0.96,0.0,0.0,0.0,0.0,95180.0,0.0
2023-11-20 22:00:00+05:30,22.5,76,1.46,0.55,0.0,0.0,0.0,0.0,95180.0,0.0
2023-11-20 23:00:00+05:30,21.2,82,1.41,0.54,0.0,0.0,0.0,0.0,95140.0,0.0
2023-11-21 00:00:00+05:30,21.0,82,0.72,0.75,0.0,0.0,0.0,0.0,95090.0,0.0
2023-11-21 01:00:00+05:30,21.1,83,1.0,0.98,0.0,0.0,0.0,0.0,95050.0,0.0
2023-11-21 02:00:00+05:30,21.9,74,1.77,0.58,0.0,0.0,0.0,0.0,95050.0,0.0
2023-11-21 03:00:00+05:30,21.0,71,1.72,0.24,0.0,0.0,0.0,0.0,95010.0,0.0
2023-11-21 04:00:00+05:30,19.7,75,2.06,0.6,0.0,0.0,0.0,0.0,95010.0,0.0
2023-11-21 05:00:00+05:30,19.3,75,1.96,0.67,0.0,0.0,0.0,0.0,95050.0,0.0
2023-11-21 06:00:00+05:30,18.0,88,2.31,0.88,0.0,0.0,0.0,0.0,95110.0,0.0
2023-11-21 07:00:00+05:30,19.6,81,1.3,0.58,29.0,13.0,16.0,127.2,95230.0,0.0
2023-11-21 08:00:00+05:30,22.1,72,1.39,0.04,200.0,133.0,67.0,501.3,95350.0,0.0
2023-11-21 09:00:00+05:30,24.5,63,2.0,0.1,410.0,317.0,93.0,687.1,95410.0,0.0
2023-11-21 10:00:00+05:30,26.5,55,2.8,0.32,594.0,486.0,108.0,785.7,95380.0,0.0
2023-11-21 11:00:00+05:30,27.9,47,3.4,0.1,724.0,610.0,114.0,840.0,95280.0,0.0
2023-11-21 12:00:00+05:30,28.8,44,2.94,0.21,788.0,671.0,117.0,863.6,95170.0,0.0
2023-11-21 13:00:00+05:30,29.3,42,2.82,0.0,778.0,663.0,115.0,863.8,95040.0,0.0
2023-11-21 14:00:00+05:30,29.5,40,2.77,0.0,696.0,587.0,109.0,840.5,94970.0,0.0
2023-11-21 15:00:00+05:30,29.7,39,2.25,0.01,548.0,449.0,99.0,781.9,94930.0,0.0
2023-11-21 16:00:00+05:30,29.2,44,1.28,0.07,351.0,268.0,83.0,663.9,94910.0,0.0
2023-11-21 17:00:00+05:30,26.2,60,1.96,0.09,138.0,86.0,52.0,433.9,94890.0,0.0
2023-11-21 18:00:00+05:30,23.8,53,2.1,0.0,8.0,2.0,6.0,30.0,94930.0,0.0
2023-11-21 19:00:00+05:30,22.5,54,2.26,0.0,0.0,0.0,0.0,0.0,94970.0,0.0
2023-11-21 20:00:00+05:30,21.6,57,2.51,0.0,0.0,0.0,0.0,0.0,95000.0,0.0
2023-11-21 21:00:00+05:30,20.6,62,2.76,0.0,0.0,0.0,0.0,0.0,95030.0,0.0
2023-11-21 22:00:00+05:30,21.1,60,2.34,0.0,0.0,0.0,0.0,0.0,95090.0,0.0
2023-11-21 23:00:00+05:30,21.5,58,2.26,0.0,0.0,0.0,0.0,0.0,95090.0,0.0
2023-11-22 00:00:00+05:30,21.5,57,2.34,0.0,0.0,0.0,0.0,0.0,95050.0,0.0
2023-11-22 01:00:00+05:30,22.0,54,1.7,0.0,0.0,0.0,0.0,0.0,95030.0,0.0
2023-11-22 02:00:00+05:30,21.4,56,0.71,0.0,0.0,0.0,0.0,0.0,95000.0,0.0
2023-11-22 03:00:00+05:30,20.6,60,0.72,0.0,0.0,0.0,0.0,0.0,94950.0,0.0
2023-11-22 04:00:00+05:30,20.0,62,0.78,0.31,0.0,0.0,0.0,0.0,94940.0,0.0
2023-11-22 05:00:00+05:30,19.3,65,0.5,0.0,0.0,0.0,0.0,0.0,94980.0,0.0
2023-11-22 06:00:00+05:30,17.6,75,1.4,0.0,0.0,0.0,0.0,0.0,95050.0,0.0
2023-11-22 07:00:00+05:30,17.5,80,0.76,0.0,29.0,14.0,15.0,138.7,95130.0,0.0
2023-11-22 08:00:00+05:30,20.7,73,0.5,0.0,202.0,138.0,64.0,525.3,95270.0,0.0
2023-11-22 09:00:00+05:30,23.5,61,1.43,0.0,413.0,322.0,91.0,702.1,95340.0,0.0
2023-11-22 10:00:00+05:30,25.6,56,2.3,0.0,593.0,487.0,106.0,790.9,95310.0,0.0
2023-11-22 11:00:00+05:30,27.1,54,2.82,0.0,722.0,607.0,115.0,839.0,95210.0,0.0
2023-11-22 12:00:00+05:30,28.3,47,2.43,0.0,783.0,664.0,119.0,857.3,95080.0,0.0
2023-11-22 13:00:00+05:30,29.0,43,1.8,0.0,775.0,658.0,117.0,859.8,94970.0,0.0
2023-11-22 14:00:00+05:30,29.2,41,1.46,0.01,693.0,582.0,111.0,835.6,94900.0,0.0
2023-11-22 15:00:00+05:30,29.2,39,1.21,0.02,545.0,446.0,99.0,778.6,94840.0,0.0
2023-11-22 16:00:00+05:30,28.8,43,0.63,0.04,346.0,261.0,85.0,648.2,94840.0,0.0
2023-11-22 17:00:00+05:30,28.2,40,0.41,0.01,138.0,87.0,51.0,440.3,94870.0,0.0
2023-11-22 18:00:00+05:30,24.2,55,1.7,0.0,8.0,2.0,6.0,30.1,94850.0,0.0
2023-11-22 19:00:00+05:30,23.7,59,1.24,0.0,0.0,0.0,0.0,0.0,94920.0,0.0
2023-11-22 20:00:00+05:30,22.0,66,2.0,0.0,0.0,0.0,0.0,0.0,94930.0,0.0
2023-11-22 21:00:00+05:30,19.8,73,2.0,0.0,0.0,0.0,0.0,0.0,94950.0,0.0
2023-11-22 22:00:00+05:30,19.1,73,1.57,0.11,0.0,0.0,0.0,0.0,94970.0,0.0
2023-11-22 23:00:00+05:30,18.0,81,1.7,0.05,0.0,0.0,0.0,0.0,94900.0,0.0
2023-11-23 00:00:00+05:30,17.8,82,1.04,0.1,0.0,0.0,0.0,0.0,94860.0,0.0
2023-11-23 01:00:00+05:30,18.6,76,0.61,0.02,0.0,0.0,0.0,0.0,94830.0,0.0
2023-11-23 02:00:00+05:30,17.0,85,1.66,0.02,0.0,0.0,0.0,0.0,94760.0,0.0
2023-11-23 03:00:00+05:30,16.6,88,1.79,0.0,0.0,0.0,0.0,0.0,94710.0,0.0
2023-11-23 04:00:00+05:30,18.1,79,0.94,0.0,0.0,0.0,0.0,0.0,94770.0,0.0
2023-11-23 05:00:00+05:30,16.8,86,1.52,0.0,0.0,0.0,0.0,0.0,94770.0,0.0
2023-11-23 06:00:00+05:30,15.9,89,1.84,0.0,0.0,0.0,0.0,0.0,94820.0,0.0
2023-11-23 07:00:00+05:30,17.4,83,0.22,0.01,28.0,13.0,15.0,130.5,94930.0,0.0
2023-11-23 08:00:00+05:30,20.5,74,0.1,0.01,197.0,132.0,65.0,507.5,95050.0,0.0
2023-11-23 09:00:00+05:30,23.5,63,0.6,0.16,404.0,311.0,93.0,682.2,95160.0,0.0
2023-11-23 10:00:00+05:30,25.6,57,1.75,0.11,580.0,466.0,114.0,760.2,95150.0,0.0
2023-11-23 11:00:00+05:30,27.2,56,1.8,0.52,706.0,583.0,123.0,808.7,95050.0,0.0
2023-11-23 12:00:00+05:30,28.8,49,1.71,0.12,773.0,653.0,120.0,845.8,94930.0,0.0
2023-11-23 13:00:00+05:30,29.4,46,0.22,0.27,677.0,504.0,173.0,660.4,94830.0,0.0
2023-11-23 14:00:00+05:30,29.6,44,0.71,0.45,593.0,432.0,161.0,621.8,94750.0,0.0
2023-11-23 15:00:00+05:30,29.4,44,1.17,0.48,400.0,261.0,139.0,456.8,94690.0,0.0
2023-11-23 16:00:00+05:30,28.5,47,1.46,0.32,226.0,102.0,124.0,253.9,94670.0,0.0
2023-11-23 17:00:00+05:30,26.6,57,1.49,0.08,101.0,45.0,56.0,228.4,94660.0,0.0
2023-11-23 18:00:00+05:30,24.2,59,2.06,0.09,7.0,2.0,5.0,30.2,94670.0,0.0
2023-11-23 19:00:00+05:30,22.9,61,2.09,0.05,0.0,0.0,0.0,0.0,94730.0,0.0
2023-11-23 20:00:00+05:30,22.9,57,1.75,0.0,0.0,0.0,0.0,0.0,94790.0,0.0
2023-11-23 21:00:00+05:30,23.6,51,0.14,0.0,0.0,0.0,0.0,0.0,94860.0,0.0
2023-11-23 22:00:00+05:30,19.8,71,1.35,0.0,0.0,0.0,0.0,0.0,94770.0,0.0
2023-11-23 23:00:00+05:30,18.0,86,1.41,0.0,0.0,0.0,0.0,0.0,94710.0,0.0
2023-11-24 00:00:00+05:30,19.2,79,0.5,0.0,0.0,0.0,0.0,0.0,94720.0,0.0
2023-11-24 01:00:00+05:30,17.2,87,1.72,0.02,0.0,0.0,0.0,0.0,94670.0,0.0
2023-11-24 02:00:00+05:30,17.9,78,1.84,0.01,0.0,0.0,0.0,0.0,94650.0,0.0
2023-11-24 03:00:00+05:30,17.8,77,1.75,0.07,0.0,0.0,0.0,0.0,94630.0,0.0
2023-11-24 04:00:00+05:30,17.2,83,1.77,0.0,0.0,0.0,0.0,0.0,94630.0,0.0
2023-11-24 05:00:00+05:30,17.2,91,1.8,0.07,0.0,0.0,0.0,0.0,94690.0,0.0
2023-11-24 06:00:00+05:30,18.0,88,1.61,0.1,0.0,0.0,0.0,0.0,94810.0,0.0
2023-11-24 07:00:00+05:30,19.3,89,1.28,0.15,25.0,9.0,16.0,91.5,94920.0,0.0
2023-11-24 08:00:00+05:30,21.9,85,1.1,0.15,179.0,104.0,75.0,403.9,95060.0,0.0
2023-11-24 09:00:00+05:30,24.5,75,2.01,0.22,379.0,265.0,114.0,584.8,95150.0,0.0
2023-11-24 10:00:00+05:30,26.6,64,3.01,0.17,509.0,363.0,146.0,594.8,95140.0,0.0
2023-11-24 11:00:00+05:30,27.7,59,2.92,0.14,611.0,433.0,178.0,602.8,95070.0,0.0
2023-11-24 12:00:00+05:30,28.9,53,2.33,0.15,689.0,530.0,159.0,688.6,94980.0,0.0
2023-11-24 13:00:00+05:30,29.8,48,2.12,0.19,693.0,542.0,151.0,712.2,94870.0,0.0
2023-11-24 14:00:00+05:30,30.1,45,2.18,0.15,617.0,475.0,142.0,685.4,94770.0,0.0
2023-11-24 15:00:00+05:30,30.3,45,1.46,0.31,485.0,370.0,115.0,649.0,94740.0,0.0
2023-11-24 16:00:00+05:30,30.1,44,0.36,0.32,282.0,184.0,98.0,459.1,94720.0,0.0
2023-11-24 17:00:00+05:30,27.1,65,1.39,0.34,103.0,52.0,51.0,264.5,94720.0,0.0
2023-11-24 18:00:00+05:30,23.0,64,1.86,0.01,7.0,2.0,5.0,30.3,94860.0,0.0
2023-11-24 19:00:00+05:30,21.1,73,1.91,0.01,0.0,0.0,0.0,0.0,94920.0,0.0
2023-11-24 20:00:00+05:30,20.5,76,2.2,0.0,0.0,0.0,0.0,0.0,94990.0,0.0
2023-11-24 21:00:00+05:30,21.8,68,1.8,0.0,0.0,0.0,0.0,0.0,95060.0,0.0
2023-11-24 22:00:00+05:30,21.5,69,0.32,0.31,0.0,0.0,0.0,0.0,95080.0,0.0
2023-11-24 23:00:00+05:30,18.5,85,0.95,0.19,0.0,0.0,0.0,0.0,94990.0,0.0
2023-11-25 00:00:00+05:30,17.6,89,0.95,0.0,0.0,0.0,0.0,0.0,94920.0,0.0
2023-11-25 01:00:00+05:30,17.6,89,1.12,0.01,0.0,0.0,0.0,0.0,94880.0,0.0
2023-11-25 02:00:00+05:30,18.1,86,1.43,0.19,0.0,0.0,0.0,0.0,94880.0,0.0
2023-11-25 03:00:00+05:30,19.0,82,1.56,0.4,0.0,0.0,0.0,0.0,94920.0,0.0
2023-11-25 04:00:00+05:30,17.5,90,2.12,0.87,0.0,0.0,0.0,0.0,94900.0,0.0
2023-11-25 05:00:00+05:30,17.4,91,2.16,0.38,0.0,0.0,0.0,0.0,94930.0,0.0
2023-11-25 06:00:00+05:30,19.0,95,1.34,0.28,0.0,0.0,0.0,0.0,95050.0,0.0
2023-11-25 07:00:00+05:30,20.2,93,2.2,0.61,23.0,8.0,15.0,82.5,95140.0,0.0
2023-11-25 08:00:00+05:30,22.7,85,2.16,0.86,173.0,92.0,81.0,360.9,95240.0,0.0
2023-11-25 09:00:00+05:30,24.2,77,3.45,0.34,273.0,99.0,174.0,219.8,95300.0,0.0
2023-11-25 10:00:00+05:30,25.9,71,3.28,0.31,452.0,281.0,171.0,462.5,95330.0,0.1
2023-11-25 11:00:00+05:30,27.5,64,3.06,0.12,599.0,433.0,166.0,605.0,95230.0,0.0
2023-11-25 12:00:00+05:30,28.7,58,2.96,0.12,713.0,562.0,151.0,732.4,95090.0,0.0
2023-11-25 13:00:00+05:30,29.3,54,3.1,0.15,711.0,566.0,145.0,745.7,94990.0,0.0
2023-11-25 14:00:00+05:30,29.5,52,2.97,0.29,619.0,474.0,145.0,685.6,94930.0,0.0
2023-11-25 15:00:00+05:30,29.2,52,2.28,0.27,443.0,302.0,141.0,530.9,94910.0,0.0
2023-11-25 16:00:00+05:30,29.1,53,1.61,0.94,290.0,187.0,103.0,467.5,94910.0,0.0
2023-11-25 17:00:00+05:30,25.0,70,2.33,0.65,75.0,21.0,54.0,107.0,94970.0,0.2
2023-11-25 18:00:00+05:30,25.8,58,1.94,0.35,6.0,2.0,4.0,30.3,94950.0,0.0
2023-11-25 19:00:00+05:30,24.3,68,2.62,0.38,0.0,0.0,0.0,0.0,95030.0,0.0
2023-11-25 20:00:00+05:30,23.8,69,1.58,0.51,0.0,0.0,0.0,0.0,95110.0,0.0
2023-11-25 21:00:00+05:30,22.7,76,1.56,0.34,0.0,0.0,0.0,0.0,95130.0,0.0
2023-11-25 22:00:00+05:30,21.4,86,1.56,0.27,0.0,0.0,0.0,0.0,95130.0,0.0
2023-11-25 23:00:00+05:30,21.9,82,0.14,0.24,0.0,0.0,0.0,0.0,95100.0,0.0
2023-11-26 00:00:00+05:30,21.4,85,1.02,0.24,0.0,0.0,0.0,0.0,95070.0,0.0
2023-11-26 01:00:00+05:30,21.5,84,0.94,0.76,0.0,0.0,0.0,0.0,95060.0,0.0
2023-11-26 02:00:00+05:30,21.0,86,1.28,0.64,0.0,0.0,0.0,0.0,95010.0,0.0
2023-11-26 03:00:00+05:30,21.0,85,1.26,0.65,0.0,0.0,0.0,0.0,94990.0,0.0
2023-11-26 04:00:00+05:30,19.9,90,1.36,0.63,0.0,0.0,0.0,0.0,94980.0,0.0
2023-11-26 05:00:00+05:30,20.4,86,1.9,0.41,0.0,0.0,0.0,0.0,95010.0,0.0
2023-11-26 06:00:00+05:30,21.0,88,1.92,0.92,0.0,0.0,0.0,0.0,95070.0,0.0
2023-11-26 07:00:00+05:30,21.4,88,1.65,1.0,20.0,3.0,17.0,31.3,95200.0,0.0
2023-11-26 08:00:00+05:30,22.3,86,2.14,1.0,84.0,0.0,84.0,0.0,95310.0,0.0
2023-11-26 09:00:00+05:30,24.6,73,2.64,0.97,252.0,51.0,201.0,113.9,95340.0,0.0
2023-11-26 10:00:00+05:30,26.5,65,4.11,0.88,391.0,132.0,259.0,218.2,95320.0,0.0
2023-11-26 11:00:00+05:30,28.1,58,3.75,0.33,607.0,381.0,226.0,534.2,95250.0,0.0
2023-11-26 12:00:00+05:30,29.0,55,3.91,0.96,686.0,501.0,185.0,654.8,95120.0,0.0
2023-11-26 13:00:00+05:30,29.3,51,3.29,0.57,604.0,381.0,223.0,503.3,94980.0,0.0
2023-11-26 14:00:00+05:30,27.6,59,2.5,0.57,573.0,412.0,161.0,597.3,94900.0,1.2
2023-11-26 15:00:00+05:30,24.9,74,1.61,0.88,383.0,217.0,166.0,382.2,94950.0,9.5
2023-11-26 16:00:00+05:30,23.6,80,2.28,0.28,163.0,47.0,116.0,117.7,94860.0,1.2
2023-11-26 17:00:00+05:30,23.0,83,1.26,0.35,121.0,68.0,53.0,347.1,94890.0,0.0
2023-11-26 18:00:00+05:30,24.2,74,1.26,0.84,5.0,0.0,5.0,0.0,94930.0,0.4
2023-11-26 19:00:00+05:30,22.5,85,3.4,0.33,0.0,0.0,0.0,0.0,95010.0,0.1
2023-11-26 20:00:00+05:30,19.8,90,4.2,0.9,0.0,0.0,0.0,0.0,95170.0,12.9
2023-11-26 21:00:00+05:30,20.0,89,1.17,0.88,0.0,0.0,0.0,0.0,95090.0,1.0
2023-11-26 22:00:00+05:30,19.1,96,0.64,0.62,0.0,0.0,0.0,0.0,95140.0,0.2
2023-11-26 23:00:00+05:30,19.5,96,0.36,0.64,0.0,0.0,0.0,0.0,95110.0,0.1
2023-11-27 00:00:00+05:30,19.0,98,0.91,0.67,0.0,0.0,0.0,0.0,95010.0,0.0
2023-11-27 01:00:00+05:30,18.8,97,2.06,0.89,0.0,0.0,0.0,0.0,94980.0,0.7
2023-11-27 02:00:00+05:30,19.0,95,0.98,0.94,0.0,0.0,0.0,0.0,94880.0,0.7
2023-11-27 03:00:00+05:30,18.9,97,0.41,0.97,0.0,0.0,0.0,0.0,94860.0,0.1
2023-11-27 04:00:00+05:30,18.4,98,0.58,0.34,0.0,0.0,0.0,0.0,94840.0,0.0
2023-11-27 05:00:00+05:30,18.4,99,0.81,0.3,0.0,0.0,0.0,0.0,94850.0,0.0
2023-11-27 06:00:00+05:30,19.8,98,1.75,0.2,0.0,0.0,0.0,0.0,94970.0,0.0
2023-11-27 07:00:00+05:30,20.0,96,1.6,0.29,21.0,7.0,14.0,74.1,95040.0,0.0
2023-11-27 08:00:00+05:30,21.4,90,1.61,0.21,161.0,84.0,77.0,336.3,95150.0,0.0
2023-11-27 09:00:00+05:30,23.0,81,1.75,0.69,349.0,221.0,128.0,496.5,95220.0,0.0
2023-11-27 10:00:00+05:30,24.8,73,1.58,0.4,440.0,228.0,212.0,378.5,95230.0,0.0
2023-11-27 11:00:00+05:30,26.6,65,1.34,0.16,640.0,464.0,176.0,652.9,95130.0,0.0
2023-11-27 12:00:00+05:30,27.5,59,2.55,0.96,682.0,516.0,166.0,676.4,95010.0,0.2
2023-11-27 13:00:00+05:30,24.0,79,2.86,0.26,240.0,23.0,217.0,30.5,94880.0,2.5
2023-11-27 14:00:00+05:30,26.5,66,1.58,0.22,583.0,432.0,151.0,627.7,94800.0,0.0
2023-11-27 15:00:00+05:30,27.2,59,2.77,0.28,425.0,295.0,130.0,520.6,94770.0,0.1
2023-11-27 16:00:00+05:30,26.5,62,2.85,0.28,291.0,195.0,96.0,489.1,94750.0,0.0
2023-11-27 17:00:00+05:30,25.1,70,1.71,0.22,115.0,58.0,57.0,296.4,94770.0,0.0
2023-11-27 18:00:00+05:30,24.0,72,2.18,0.07,7.0,2.0,5.0,30.4,94790.0,0.0
2023-11-27 19:00:00+05:30,23.3,76,2.51,0.06,0.0,0.0,0.0,0.0,94870.0,0.0
2023-11-27 20:00:00+05:30,21.8,85,1.42,0.08,0.0,0.0,0.0,0.0,94930.0,0.0
2023-11-27 21:00:00+05:30,20.5,92,1.49,0.11,0.0,0.0,0.0,0.0,94960.0,0.0
2023-11-27 22:00:00+05:30,20.1,93,1.65,0.04,0.0,0.0,0.0,0.0,94970.0,0.0
2023-11-27 23:00:00+05:30,20.0,93,1.4,0.08,0.0,0.0,0.0,0.0,94930.0,0.0
2023-11-28 00:00:00+05:30,19.9,93,1.26,0.15,0.0,0.0,0.0,0.0,94910.0,0.0
2023-11-28 01:00:00+05:30,19.8,94,0.51,0.15,0.0,0.0,0.0,0.0,94860.0,0.0
2023-11-28 02:00:00+05:30,18.5,99,0.64,0.31,0.0,0.0,0.0,0.0,94810.0,0.0
2023-11-28 03:00:00+05:30,18.2,99,0.82,0.89,0.0,0.0,0.0,0.0,94760.0,0.0
2023-11-28 04:00:00+05:30,18.6,99,0.41,1.0,0.0,0.0,0.0,0.0,94760.0,0.0
2023-11-28 05:00:00+05:30,18.9,99,0.5,0.98,0.0,0.0,0.0,0.0,94800.0,0.0
2023-11-28 06:00:00+05:30,19.0,99,0.36,1.0,0.0,0.0,0.0,0.0,94860.0,0.0
2023-11-28 07:00:00+05:30,19.4,96,0.36,1.0,14.0,0.0,14.0,0.0,94920.0,0.0
2023-11-28 08:00:00+05:30,19.6,98,0.0,1.0,91.0,4.0,87.0,16.2,94990.0,0.0
2023-11-28 09:00:00+05:30,22.0,87,0.51,0.93,241.0,48.0,193.0,108.5,95070.0,0.0
2023-11-28 10:00:00+05:30,24.5,76,0.6,0.24,517.0,342.0,175.0,570.2,95060.0,0.0
2023-11-28 11:00:00+05:30,26.1,66,1.44,0.24,594.0,429.0,165.0,605.7,95000.0,0.2
2023-11-28 12:00:00+05:30,27.4,60,2.0,0.15,680.0,525.0,155.0,690.2,94900.0,0.2
2023-11-28 13:00:00+05:30,27.8,57,2.64,0.24,700.0,553.0,147.0,734.0,94810.0,0.1
2023-11-28 14:00:00+05:30,27.4,57,2.77,0.54,606.0,450.0,156.0,655.2,94730.0,0.1
2023-11-28 15:00:00+05:30,27.0,58,2.51,0.17,423.0,277.0,146.0,489.7,94670.0,0.2
2023-11-28 16:00:00+05:30,27.0,57,2.6,0.24,289.0,190.0,99.0,477.2,94660.0,0.0
2023-11-28 17:00:00+05:30,25.0,67,1.34,0.21,114.0,61.0,53.0,311.9,94710.0,0.1
2023-11-28 18:00:00+05:30,22.5,83,1.91,0.12,7.0,2.0,5.0,30.4,94710.0,0.0
2023-11-28 19:00:00+05:30,22.0,85,1.5,0.1,0.0,0.0,0.0,0.0,94800.0,0.0
2023-11-28 20:00:00+05:30,21.0,90,1.43,0.03,0.0,0.0,0.0,0.0,94820.0,0.0
2023-11-28 21:00:00+05:30,19.8,95,1.65,0.01,0.0,0.0,0.0,0.0,94860.0,0.0
2023-11-28 22:00:00+05:30,20.3,93,1.22,0.03,0.0,0.0,0.0,0.0,94890.0,0.0
2023-11-28 23:00:00+05:30,19.7,96,0.28,0.02,0.0,0.0,0.0,0.0,94850.0,0.0
2023-11-29 00:00:00+05:30,18.0,99,1.35,0.04,0.0,0.0,0.0,0.0,94800.0,0.0
2023-11-29 01:00:00+05:30,18.9,99,0.81,0.01,0.0,0.0,0.0,0.0,94800.0,0.0
2023-11-29 02:00:00+05:30,18.5,100,0.73,1.0,0.0,0.0,0.0,0.0,94770.0,0.0
2023-11-29 03:00:00+05:30,17.9,100,0.28,1.0,0.0,0.0,0.0,0.0,94750.0,0.0
2023-11-29 04:00:00+05:30,18.4,100,1.48,1.0,0.0,0.0,0.0,0.0,94780.0,0.0
2023-11-29 05:00:00+05:30,18.6,100,1.32,1.0,0.0,0.0,0.0,0.0,94800.0,0.0
2023-11-29 06:00:00+05:30,18.8,99,1.1,1.0,0.0,0.0,0.0,0.0,94930.0,0.0
2023-11-29 07:00:00+05:30,18.9,99,0.89,1.0,8.0,0.0,8.0,0.0,95000.0,0.0
2023-11-29 08:00:00+05:30,19.4,96,1.51,1.0,60.0,0.0,60.0,0.0,95100.0,0.0
2023-11-29 09:00:00+05:30,21.5,85,1.87,1.0,165.0,22.0,143.0,50.0,95190.0,0.0
2023-11-29 10:00:00+05:30,23.2,77,1.42,0.95,266.0,35.0,231.0,58.6,95180.0,0.0
2023-11-29 11:00:00+05:30,25.4,67,1.2,0.37,505.0,211.0,294.0,298.9,95090.0,0.0
2023-11-29 12:00:00+05:30,26.9,59,1.28,0.15,701.0,522.0,179.0,688.1,94990.0,0.0
2023-11-29 13:00:00+05:30,27.9,53,1.49,0.09,705.0,559.0,146.0,743.7,94870.0,0.0
2023-11-29 14:00:00+05:30,28.4,50,1.89,0.15,633.0,508.0,125.0,741.0,94800.0,0.0
2023-11-29 15:00:00+05:30,28.2,49,2.44,0.18,488.0,375.0,113.0,664.0,94780.0,0.0
2023-11-29 16:00:00+05:30,27.5,51,2.12,0.33,315.0,228.0,87.0,573.4,94780.0,0.0
2023-11-29 17:00:00+05:30,25.5,60,1.8,0.15,123.0,73.0,50.0,373.4,94790.0,0.0
2023-11-29 18:00:00+05:30,23.5,67,2.95,0.04,7.0,2.0,5.0,30.4,94840.0,0.0
2023-11-29 19:00:00+05:30,22.1,77,2.3,0.09,0.0,0.0,0.0,0.0,94930.0,0.0
2023-11-29 20:00:00+05:30,20.8,84,1.53,0.03,0.0,0.0,0.0,0.0,94980.0,0.0
2023-11-29 21:00:00+05:30,19.5,91,1.8,0.11,0.0,0.0,0.0,0.0,94980.0,0.0
2023-11-29 22:00:00+05:30,20.2,86,0.51,0.99,0.0,0.0,0.0,0.0,95030.0,0.0
2023-11-29 23:00:00+05:30,18.5,95,1.06,0.87,0.0,0.0,0.0,0.0,94980.0,0.0
2023-11-30 00:00:00+05:30,18.0,97,1.04,0.84,0.0,0.0,0.0,0.0,94930.0,0.0
2023-11-30 01:00:00+05:30,17.0,100,0.82,0.84,0.0,0.0,0.0,0.0,94870.0,0.0
2023-11-30 02:00:00+05:30,16.6,100,0.54,1.0,0.0,0.0,0.0,0.0,94850.0,0.0
2023-11-30 03:00:00+05:30,16.5,100,0.71,1.0,0.0,0.0,0.0,0.0,94820.0,0.0
2023-11-30 04:00:00+05:30,16.9,99,0.28,1.0,0.0,0.0,0.0,0.0,94840.0,0.0
2023-11-30 05:00:00+05:30,17.1,99,0.1,1.0,0.0,0.0,0.0,0.0,94900.0,0.0
2023-11-30 06:00:00+05:30,17.0,99,1.14,1.0,0.0,0.0,0.0,0.0,94910.0,0.0
2023-11-30 07:00:00+05:30,17.6,98,0.57,1.0,15.0,2.0,13.0,22.1,95000.0,0.0
2023-11-30 08:00:00+05:30,19.4,92,0.51,0.75,123.0,39.0,84.0,161.0,95100.0,0.0
2023-11-30 09:00:00+05:30,22.5,80,0.5,0.23,336.0,189.0,147.0,432.1,95180.0,0.0
2023-11-30 10:00:00+05:30,25.4,67,2.52,0.46,500.0,356.0,144.0,598.5,95190.0,0.1
2023-11-30 11:00:00+05:30,26.6,60,3.35,0.5,504.0,328.0,176.0,466.1,95110.0,0.2
2023-11-30 12:00:00+05:30,27.6,57,3.31,0.41,604.0,405.0,199.0,535.3,95020.0,0.2
2023-11-30 13:00:00+05:30,28.9,51,2.75,0.26,661.0,486.0,175.0,648.0,94920.0,0.1
2023-11-30 14:00:00+05:30,29.2,49,2.73,0.19,614.0,466.0,148.0,681.0,94830.0,0.0
2023-11-30 15:00:00+05:30,28.7,50,3.0,0.16,480.0,369.0,111.0,654.3,94820.0,0.0
2023-11-30 16:00:00+05:30,27.7,53,2.82,0.21,308.0,215.0,93.0,541.2,94820.0,0.0
2023-11-30 17:00:00+05:30,26.0,62,2.21,0.17,117.0,65.0,52.0,332.5,94870.0,0.0
2023-11-30 18:00:00+05:30,23.2,71,1.66,0.02,7.0,2.0,5.0,30.3,94880.0,0.0
2023-11-30 19:00:00+05:30,22.4,75,2.16,0.0,0.0,0.0,0.0,0.0,94940.0,0.0
2023-11-30 20:00:00+05:30,20.8,84,1.63,0.0,0.0,0.0,0.0,0.0,94990.0,0.0
2023-11-30 21:00:00+05:30,19.8,91,1.4,0.01,0.0,0.0,0.0,0.0,95040.0,0.0
2023-11-30 22:00:00+05:30,19.4,92,0.51,0.0,0.0,0.0,0.0,0.0,95060.0,0.0
2023-11-30 23:00:00+05:30,18.8,94,1.81,0.02,0.0,0.0,0.0,0.0,95030.0,0.0
2023-12-01 00:00:00+05:30,18.2,95,0.8,0.0,0.0,0.0,0.0,0.0,94960.0,0.0
2023-12-01 01:00:00+05:30,17.8,98,0.78,0.0,0.0,0.0,0.0,0.0,94940.0,0.0
2023-12-01 02:00:00+05:30,16.9,99,1.26,0.23,0.0,0.0,0.0,0.0,94910.0,0.0
2023-12-01 03:00:00+05:30,16.4,100,1.08,1.0,0.0,0.0,0.0,0.0,94880.0,0.0
2023-12-01 04:00:00+05:30,16.5,99,0.58,1.0,0.0,0.0,0.0,0.0,94890.0,0.0
2023-12-01 05:00:00+05:30,16.4,99,0.3,1.0,0.0,0.0,0.0,0.0,94910.0,0.0
2023-12-01 06:00:00+05:30,17.3,99,0.3,1.0,0.0,0.0,0.0,0.0,94940.0,0.0
2023-12-01 07:00:00+05:30,17.8,97,0.36,1.0,12.0,0.0,12.0,0.0,95030.0,0.0
2023-12-01 08:00:00+05:30,18.1,99,0.5,1.0,76.0,0.0,76.0,0.0,95090.0,0.0
2023-12-01 09:00:00+05:30,19.8,93,0.4,1.0,205.0,25.0,180.0,57.5,95180.0,0.0
2023-12-01 10:00:00+05:30,23.2,79,0.71,0.28,479.0,275.0,204.0,464.2,95200.0,0.0
2023-12-01 11:00:00+05:30,25.6,67,0.0,0.3,623.0,468.0,155.0,667.2,95130.0,0.0
2023-12-01 12:00:00+05:30,26.9,59,0.81,0.23,655.0,492.0,163.0,652.0,95020.0,0.1
2023-12-01 13:00:00+05:30,28.3,51,1.22,0.22,674.0,517.0,157.0,690.8,94910.0,0.0
2023-12-01 14:00:00+05:30,29.0,46,2.06,0.14,599.0,468.0,131.0,685.1,94810.0,0.0
2023-12-01 15:00:00+05:30,28.9,44,2.72,0.16,485.0,370.0,115.0,656.9,94760.0,0.0
2023-12-01 16:00:00+05:30,28.0,44,2.79,0.12,320.0,227.0,93.0,571.8,94750.0,0.0
2023-12-01 17:00:00+05:30,25.9,52,2.22,0.07,126.0,75.0,51.0,383.4,94760.0,0.0
2023-12-01 18:00:00+05:30,22.8,63,1.81,0.03,7.0,2.0,5.0,30.3,94790.0,0.0
2023-12-01 19:00:00+05:30,21.3,69,1.75,0.02,0.0,0.0,0.0,0.0,94830.0,0.0
2023-12-01 20:00:00+05:30,19.7,79,2.02,0.0,0.0,0.0,0.0,0.0,94860.0,0.0
2023-12-01 21:00:00+05:30,19.7,78,1.26,0.0,0.0,0.0,0.0,0.0,94910.0,0.0
2023-12-01 22:00:00+05:30,18.1,87,1.39,0.0,0.0,0.0,0.0,0.0,94910.0,0.0
2023-12-01 23:00:00+05:30,18.4,84,1.96,0.0,0.0,0.0,0.0,0.0,94920.0,0.0
2023-12-02 00:00:00+05:30,19.9,75,0.42,0.0,0.0,0.0,0.0,0.0,94890.0,0.0
2023-12-02 01:00:00+05:30,17.7,87,1.12,0.0,0.0,0.0,0.0,0.0,94840.0,0.0
2023-12-02 02:00:00+05:30,17.2,91,0.94,0.01,0.0,0.0,0.0,0.0,94780.0,0.0
2023-12-02 03:00:00+05:30,17.6,89,0.76,0.01,0.0,0.0,0.0,0.0,94750.0,0.0
2023-12-02 04:00:00+05:30,17.0,94,0.92,0.0,0.0,0.0,0.0,0.0,94740.0,0.0
2023-12-02 05:00:00+05:30,17.7,92,0.1,0.0,0.0,0.0,0.0,0.0,94790.0,0.0
2023-12-02 06:00:00+05:30,18.1,100,1.6,0.2,0.0,0.0,0.0,0.0,94900.0,0.0
2023-12-02 07:00:00+05:30,18.9,99,1.2,0.57,18.0,6.0,12.0,68.1,94990.0,0.0
2023-12-02 08:00:00+05:30,21.3,88,0.89,0.59,162.0,92.0,70.0,387.7,95070.0,0.0
2023-12-02 09:00:00+05:30,23.8,76,2.18,0.78,366.0,265.0,101.0,612.8,95150.0,0.0
2023-12-02 10:00:00+05:30,25.9,66,3.32,0.81,549.0,432.0,117.0,732.2,95150.0,0.1
2023-12-02 11:00:00+05:30,27.8,53,3.86,0.85,613.0,473.0,140.0,676.4,95060.0,0.1
2023-12-02 12:00:00+05:30,28.9,47,4.17,0.93,666.0,517.0,149.0,686.8,94940.0,0.0
2023-12-02 13:00:00+05:30,29.5,44,3.72,0.99,716.0,580.0,136.0,776.5,94840.0,0.0
2023-12-02 14:00:00+05:30,29.5,43,2.89,0.99,571.0,410.0,161.0,601.1,94740.0,0.0
2023-12-02 15:00:00+05:30,29.5,43,2.31,0.97,404.0,276.0,128.0,490.6,94670.0,0.0
2023-12-02 16:00:00+05:30,29.1,44,1.9,0.92,298.0,197.0,101.0,496.5,94670.0,0.0
2023-12-02 17:00:00+05:30,27.7,60,1.4,0.53,105.0,44.0,61.0,224.7,94680.0,0.0
2023-12-02 18:00:00+05:30,24.4,68,1.39,0.49,6.0,1.0,5.0,15.1,94810.0,0.0
2023-12-02 19:00:00+05:30,24.5,69,0.45,0.31,0.0,0.0,0.0,0.0,94870.0,0.1
2023-12-02 20:00:00+05:30,22.4,79,2.28,0.17,0.0,0.0,0.0,0.0,94890.0,0.0
2023-12-02 21:00:00+05:30,21.6,76,2.12,0.12,0.0,0.0,0.0,0.0,94920.0,0.0
2023-12-02 22:00:00+05:30,20.6,81,2.09,0.17,0.0,0.0,0.0,0.0,94930.0,0.0
2023-12-02 23:00:00+05:30,20.3,81,1.56,0.03,0.0,0.0,0.0,0.0,94930.0,0.0
2023-12-03 00:00:00+05:30,19.2,89,2.34,0.05,0.0,0.0,0.0,0.0,94900.0,0.0
2023-12-03 01:00:00+05:30,18.8,92,2.3,0.19,0.0,0.0,0.0,0.0,94880.0,0.0
2023-12-03 02:00:00+05:30,20.0,86,1.81,0.18,0.0,0.0,0.0,0.0,94880.0,0.0
2023-12-03 03:00:00+05:30,18.2,94,2.24,0.11,0.0,0.0,0.0,0.0,94800.0,0.0
2023-12-03 04:00:00+05:30,18.5,94,1.61,0.21,0.0,0.0,0.0,0.0,94830.0,0.0
2023-12-03 05:00:00+05:30,18.5,94,1.65,0.2,0.0,0.0,0.0,0.0,94850.0,0.0
2023-12-03 06:00:00+05:30,18.5,95,1.52,0.83,0.0,0.0,0.0,0.0,94950.0,0.0
2023-12-03 07:00:00+05:30,19.2,92,1.93,0.96,18.0,7.0,11.0,80.5,95060.0,0.0
2023-12-03 08:00:00+05:30,21.5,83,1.58,0.86,161.0,91.0,70.0,387.4,95180.0,0.0
2023-12-03 09:00:00+05:30,23.9,73,2.04,0.72,367.0,271.0,96.0,630.2,95250.0,0.0
2023-12-03 10:00:00+05:30,26.1,63,3.01,0.79,549.0,439.0,110.0,747.0,95240.0,0.0
2023-12-03 11:00:00+05:30,28.0,54,3.73,0.98,673.0,544.0,129.0,780.3,95180.0,0.0
2023-12-03 12:00:00+05:30,28.8,48,3.58,0.99,678.0,539.0,139.0,717.7,95070.0,0.0
2023-12-03 13:00:00+05:30,29.5,44,3.23,0.97,653.0,503.0,150.0,674.7,94910.0,0.0
2023-12-03 14:00:00+05:30,29.7,43,3.4,0.87,614.0,478.0,136.0,701.8,94840.0,0.0
2023-12-03 15:00:00+05:30,29.5,44,3.03,0.95,478.0,374.0,104.0,665.4,94770.0,0.0
2023-12-03 16:00:00+05:30,28.8,47,2.61,0.88,299.0,204.0,95.0,514.3,94730.0,0.0
2023-12-03 17:00:00+05:30,26.8,55,2.01,0.92,125.0,75.0,50.0,382.6,94750.0,0.0
2023-12-03 18:00:00+05:30,25.3,57,2.44,0.21,7.0,2.0,5.0,30.1,94840.0,0.0
2023-12-03 19:00:00+05:30,24.7,61,2.47,0.3,0.0,0.0,0.0,0.0,94920.0,0.0
2023-12-03 20:00:00+05:30,23.3,70,1.6,0.3,0.0,0.0,0.0,0.0,94970.0,0.0
2023-12-03 21:00:00+05:30,22.0,79,2.11,0.15,0.0,0.0,0.0,0.0,94980.0,0.0
2023-12-03 22:00:00+05:30,21.3,83,2.24,0.1,0.0,0.0,0.0,0.0,94980.0,0.0
2023-12-03 23:00:00+05:30,20.6,87,2.38,0.05,0.0,0.0,0.0,0.0,94950.0,0.0
2023-12-04 00:00:00+05:30,20.0,90,1.64,0.02,0.0,0.0,0.0,0.0,94900.0,0.0
2023-12-04 01:00:00+05:30,19.5,92,1.92,0.03,0.0,0.0,0.0,0.0,94880.0,0.0
2023-12-04 02:00:00+05:30,20.1,89,1.64,0.2,0.0,0.0,0.0,0.0,94860.0,0.0
2023-12-04 03:00:00+05:30,19.2,94,1.3,0.27,0.0,0.0,0.0,0.0,94810.0,0.0
2023-12-04 04:00:00+05:30,18.8,95,1.39,0.1,0.0,0.0,0.0,0.0,94770.0,0.0
2023-12-04 05:00:00+05:30,18.1,96,1.91,0.03,0.0,0.0,0.0,0.0,94780.0,0.0
2023-12-04 06:00:00+05:30,19.3,93,1.92,0.89,0.0,0.0,0.0,0.0,94860.0,0.0
2023-12-04 07:00:00+05:30,19.4,95,0.92,0.91,17.0,6.0,11.0,70.0,94960.0,0.0
2023-12-04 08:00:00+05:30,21.8,86,0.72,1.0,164.0,101.0,63.0,434.3,95050.0,0.0
2023-12-04 09:00:00+05:30,24.0,73,1.6,1.0,363.0,262.0,101.0,612.6,95150.0,0.0
2023-12-04 10:00:00+05:30,26.0,63,2.3,1.0,544.0,423.0,121.0,722.5,95120.0,0.0
2023-12-04 11:00:00+05:30,27.6,56,2.7,1.0,671.0,532.0,139.0,765.3,95030.0,0.0
2023-12-04 12:00:00+05:30,28.8,50,2.84,1.0,737.0,598.0,139.0,798.1,94940.0,0.0
2023-12-04 13:00:00+05:30,29.6,45,2.55,1.0,739.0,607.0,132.0,815.6,94830.0,0.0
2023-12-04 14:00:00+05:30,30.1,40,2.1,0.98,658.0,527.0,131.0,774.8,94730.0,0.0
2023-12-04 15:00:00+05:30,30.1,39,1.65,0.97,517.0,417.0,100.0,742.5,94680.0,0.0
2023-12-04 16:00:00+05:30,29.2,43,1.42,0.79,310.0,226.0,84.0,569.8,94670.0,0.0
2023-12-04 17:00:00+05:30,26.5,63,2.1,0.98,134.0,79.0,55.0,402.3,94640.0,0.0
2023-12-04 18:00:00+05:30,24.9,58,2.72,0.73,7.0,2.0,5.0,30.0,94720.0,0.0
2023-12-04 19:00:00+05:30,23.4,64,2.8,0.77,0.0,0.0,0.0,0.0,94760.0,0.0
2023-12-04 20:00:00+05:30,23.0,64,1.94,0.98,0.0,0.0,0.0,0.0,94810.0,0.0
2023-12-04 21:00:00+05:30,24.1,60,1.41,1.0,0.0,0.0,0.0,0.0,94910.0,0.0
2023-12-04 22:00:00+05:30,21.9,71,1.88,0.98,0.0,0.0,0.0,0.0,94900.0,0.0
2023-12-04 23:00:00+05:30,21.2,76,1.7,0.95,0.0,0.0,0.0,0.0,94840.0,0.0
2023-12-05 00:00:00+05:30,19.5,88,1.5,1.0,0.0,0.0,0.0,0.0,94770.0,0.0
2023-12-05 01:00:00+05:30,19.0,91,1.17,1.0,0.0,0.0,0.0,0.0,94760.0,0.0
2023-12-05 02:00:00+05:30,19.5,89,1.12,1.0,0.0,0.0,0.0,0.0,94730.0,0.0
2023-12-05 03:00:00+05:30,17.9,96,1.84,1.0,0.0,0.0,0.0,0.0,94660.0,0.0
2023-12-05 04:00:00+05:30,17.6,95,2.02,0.82,0.0,0.0,0.0,0.0,94650.0,0.0
2023-12-05 05:00:00+05:30,18.8,90,1.66,0.94,0.0,0.0,0.0,0.0,94700.0,0.0
2023-12-05 06:00:00+05:30,18.5,92,1.32,1.0,0.0,0.0,0.0,0.0,94750.0,0.0
2023-12-05 07:00:00+05:30,18.4,92,0.99,1.0,16.0,4.0,12.0,47.3,94800.0,0.0
2023-12-05 08:00:00+05:30,20.8,83,0.54,0.93,159.0,87.0,72.0,377.8,94910.0,0.0
2023-12-05 09:00:00+05:30,23.2,74,0.98,1.0,367.0,269.0,98.0,632.3,94950.0,0.0
2023-12-05 10:00:00+05:30,25.3,66,1.52,1.0,521.0,357.0,164.0,612.0,94950.0,0.0
2023-12-05 11:00:00+05:30,27.0,58,2.2,1.0,661.0,498.0,163.0,718.4,94890.0,0.0
2023-12-05 12:00:00+05:30,28.2,51,1.92,0.17,743.0,609.0,134.0,814.5,94790.0,0.0
2023-12-05 13:00:00+05:30,29.2,45,1.88,0.98,746.0,628.0,118.0,845.2,94690.0,0.0
2023-12-05 14:00:00+05:30,29.8,41,1.66,1.0,659.0,530.0,129.0,780.1,94620.0,0.0
2023-12-05 15:00:00+05:30,29.9,38,1.63,0.99,508.0,383.0,125.0,682.4,94580.0,0.0
2023-12-05 16:00:00+05:30,29.0,41,1.43,1.0,298.0,181.0,117.0,456.3,94570.0,0.0
2023-12-05 17:00:00+05:30,26.6,56,1.41,1.0,106.0,44.0,62.0,223.5,94590.0,0.0
2023-12-05 18:00:00+05:30,24.2,61,1.71,0.99,7.0,1.0,6.0,14.9,94670.0,0.0
2023-12-05 19:00:00+05:30,23.4,63,1.94,1.0,0.0,0.0,0.0,0.0,94760.0,0.0
2023-12-05 20:00:00+05:30,22.0,68,1.8,0.99,0.0,0.0,0.0,0.0,94820.0,0.0
2023-12-05 21:00:00+05:30,21.5,71,1.98,0.97,0.0,0.0,0.0,0.0,94890.0,0.0
2023-12-05 22:00:00+05:30,21.1,75,1.7,1.0,0.0,0.0,0.0,0.0,94930.0,0.0
2023-12-05 23:00:00+05:30,19.8,83,2.0,1.0,0.0,0.0,0.0,0.0,94890.0,0.0
2023-12-06 00:00:00+05:30,19.2,87,1.7,0.97,0.0,0.0,0.0,0.0,94840.0,0.0
2023-12-06 01:00:00+05:30,18.7,91,1.64,0.98,0.0,0.0,0.0,0.0,94790.0,0.0
2023-12-06 02:00:00+05:30,18.2,93,1.98,0.9,0.0,0.0,0.0,0.0,94770.0,0.0
2023-12-06 03:00:00+05:30,18.1,93,1.68,0.81,0.0,0.0,0.0,0.0,94750.0,0.0
2023-12-06 04:00:00+05:30,17.7,95,1.5,0.31,0.0,0.0,0.0,0.0,94740.0,0.0
2023-12-06 05:00:00+05:30,17.6,96,1.43,0.62,0.0,0.0,0.0,0.0,94780.0,0.0
2023-12-06 06:00:00+05:30,18.0,98,1.21,1.0,0.0,0.0,0.0,0.0,94840.0,0.1
2023-12-06 07:00:00+05:30,19.2,94,1.04,1.0,6.0,0.0,6.0,0.0,94940.0,0.1
2023-12-06 08:00:00+05:30,20.5,89,1.53,0.97,68.0,3.0,65.0,13.2,95030.0,0.0
2023-12-06 09:00:00+05:30,22.4,79,2.44,1.0,286.0,166.0,120.0,392.3,95080.0,0.1
2023-12-06 10:00:00+05:30,23.8,72,2.73,0.98,420.0,240.0,180.0,413.0,95060.0,0.2
2023-12-06 11:00:00+05:30,25.4,64,2.51,0.7,594.0,401.0,193.0,580.0,94990.0,0.2
2023-12-06 12:00:00+05:30,26.5,57,1.75,0.73,636.0,441.0,195.0,591.0,94900.0,0.0
2023-12-06 13:00:00+05:30,27.5,52,1.2,0.57,677.0,502.0,175.0,676.7,94770.0,0.0
2023-12-06 14:00:00+05:30,28.0,49,1.14,0.61,639.0,503.0,136.0,741.1,94690.0,0.0
2023-12-06 15:00:00+05:30,28.0,46,1.04,0.35,472.0,349.0,123.0,622.1,94690.0,0.0
2023-12-06 16:00:00+05:30,27.5,47,1.08,0.18,297.0,200.0,97.0,503.9,94680.0,0.0
2023-12-06 17:00:00+05:30,25.4,64,1.5,0.25,117.0,62.0,55.0,314.1,94700.0,0.0
2023-12-06 18:00:00+05:30,23.0,68,2.61,0.16,8.0,2.0,6.0,29.7,94800.0,0.0
2023-12-06 19:00:00+05:30,21.9,75,1.75,0.74,0.0,0.0,0.0,0.0,94870.0,0.0
2023-12-06 20:00:00+05:30,22.1,74,1.65,0.46,0.0,0.0,0.0,0.0,94950.0,0.0
2023-12-06 21:00:00+05:30,20.7,83,1.61,0.14,0.0,0.0,0.0,0.0,94960.0,0.0
2023-12-06 22:00:00+05:30,19.7,88,1.77,0.36,0.0,0.0,0.0,0.0,94960.0,0.0
2023-12-06 23:00:00+05:30,19.4,90,1.7,0.45,0.0,0.0,0.0,0.0,94930.0,0.0
2023-12-07 00:00:00+05:30,19.2,89,1.28,0.15,0.0,0.0,0.0,0.0,94900.0,0.0
2023-12-07 01:00:00+05:30,18.9,91,1.3,0.02,0.0,0.0,0.0,0.0,94850.0,0.0
2023-12-07 02:00:00+05:30,17.7,95,1.88,0.06,0.0,0.0,0.0,0.0,94780.0,0.0
2023-12-07 03:00:00+05:30,17.6,95,1.62,0.09,0.0,0.0,0.0,0.0,94780.0,0.0
2023-12-07 04:00:00+05:30,17.9,95,1.13,0.17,0.0,0.0,0.0,0.0,94810.0,0.0
2023-12-07 05:00:00+05:30,17.5,98,0.81,0.09,0.0,0.0,0.0,0.0,94820.0,0.0
2023-12-07 06:00:00+05:30,17.4,97,0.7,0.69,0.0,0.0,0.0,0.0,94920.0,0.0
2023-12-07 07:00:00+05:30,17.3,98,0.61,0.77,14.0,3.0,11.0,36.5,95010.0,0.0
2023-12-07 08:00:00+05:30,19.7,89,0.58,0.85,138.0,55.0,83.0,243.8,95140.0,0.0
2023-12-07 09:00:00+05:30,21.9,80,2.12,0.97,262.0,93.0,169.0,221.0,95210.0,0.0
2023-12-07 10:00:00+05:30,23.4,71,1.92,0.38,374.0,116.0,258.0,200.3,95170.0,0.2
2023-12-07 11:00:00+05:30,24.5,65,1.48,0.34,531.0,345.0,186.0,500.4,95090.0,0.1
2023-12-07 12:00:00+05:30,25.8,59,1.06,0.21,670.0,501.0,169.0,672.8,94990.0,0.1
2023-12-07 13:00:00+05:30,26.7,55,0.81,0.54,675.0,523.0,152.0,706.0,94870.0,0.0
2023-12-07 14:00:00+05:30,26.9,52,0.7,0.29,517.0,335.0,182.0,494.0,94780.0,0.0
2023-12-07 15:00:00+05:30,27.0,50,0.98,0.2,454.0,309.0,145.0,550.9,94760.0,0.0
2023-12-07 16:00:00+05:30,26.7,50,1.2,0.33,326.0,228.0,98.0,574.1,94770.0,0.0
2023-12-07 17:00:00+05:30,25.3,68,1.22,0.12,120.0,62.0,58.0,313.1,94800.0,0.0
2023-12-07 18:00:00+05:30,21.9,74,1.77,0.21,8.0,2.0,6.0,29.6,94780.0,0.0
2023-12-07 19:00:00+05:30,21.0,79,1.84,0.43,0.0,0.0,0.0,0.0,94840.0,0.0
2023-12-07 20:00:00+05:30,20.8,80,1.49,0.47,0.0,0.0,0.0,0.0,94910.0,0.0
2023-12-07 21:00:00+05:30,20.5,81,1.36,0.39,0.0,0.0,0.0,0.0,94970.0,0.0
2023-12-07 22:00:00+05:30,21.2,75,0.14,0.04,0.0,0.0,0.0,0.0,95000.0,0.0
2023-12-07 23:00:00+05:30,19.0,87,1.32,0.03,0.0,0.0,0.0,0.0,94930.0,0.0
2023-12-08 00:00:00+05:30,18.4,91,1.42,0.09,0.0,0.0,0.0,0.0,94900.0,0.0
2023-12-08 01:00:00+05:30,17.8,94,2.11,0.06,0.0,0.0,0.0,0.0,94870.0,0.0
2023-12-08 02:00:00+05:30,17.6,94,1.97,0.08,0.0,0.0,0.0,0.0,94840.0,0.0
2023-12-08 03:00:00+05:30,17.9,94,1.6,0.2,0.0,0.0,0.0,0.0,94840.0,0.0
2023-12-08 04:00:00+05:30,17.8,95,1.61,0.34,0.0,0.0,0.0,0.0,94860.0,0.0
2023-12-08 05:00:00+05:30,17.0,97,1.46,0.54,0.0,0.0,0.0,0.0,94870.0,0.0
2023-12-08 06:00:00+05:30,17.9,99,1.12,0.24,0.0,0.0,0.0,0.0,94980.0,0.0
2023-12-08 07:00:00+05:30,17.6,99,0.72,0.14,14.0,3.0,11.0,37.1,95040.0,0.0
2023-12-08 08:00:00+05:30,19.9,91,0.95,0.67,146.0,75.0,71.0,336.0,95180.0,0.0
2023-12-08 09:00:00+05:30,22.5,78,2.24,0.47,335.0,213.0,122.0,508.9,95260.0,0.0
2023-12-08 10:00:00+05:30,24.3,69,2.01,0.45,507.0,356.0,151.0,617.0,95250.0,0.1
2023-12-08 11:00:00+05:30,25.5,62,1.53,0.26,595.0,424.0,171.0,616.6,95170.0,0.1
2023-12-08 12:00:00+05:30,26.5,57,1.41,0.47,671.0,510.0,161.0,686.2,95080.0,0.0
2023-12-08 13:00:00+05:30,27.1,53,0.91,0.56,628.0,462.0,166.0,624.5,94970.0,0.0
2023-12-08 14:00:00+05:30,27.5,51,0.41,0.43,542.0,393.0,149.0,580.0,94880.0,0.0
2023-12-08 15:00:00+05:30,27.6,49,1.22,0.23,447.0,295.0,152.0,526.0,94850.0,0.0
2023-12-08 16:00:00+05:30,27.0,51,1.43,0.2,298.0,203.0,95.0,510.7,94840.0,0.0
2023-12-08 17:00:00+05:30,24.7,74,1.49,0.31,121.0,67.0,54.0,337.0,94840.0,0.0
2023-12-08 18:00:00+05:30,25.0,53,1.14,0.31,8.0,3.0,5.0,44.1,94880.0,0.0
2023-12-08 19:00:00+05:30,22.2,65,1.96,0.23,0.0,0.0,0.0,0.0,94900.0,0.0
2023-12-08 20:00:00+05:30,23.2,57,0.94,0.32,0.0,0.0,0.0,0.0,95010.0,0.0
2023-12-08 21:00:00+05:30,20.5,71,1.17,0.73,0.0,0.0,0.0,0.0,95030.0,0.0
2023-12-08 22:00:00+05:30,19.5,77,1.03,0.68,0.0,0.0,0.0,0.0,95050.0,0.0
2023-12-08 23:00:00+05:30,18.8,83,1.1,0.79,0.0,0.0,0.0,0.0,95040.0,0.0
2023-12-09 00:00:00+05:30,19.4,77,0.8,0.34,0.0,0.0,0.0,0.0,95010.0,0.0
2023-12-09 01:00:00+05:30,17.2,90,1.58,0.42,0.0,0.0,0.0,0.0,94990.0,0.0
2023-12-09 02:00:00+05:30,16.7,92,1.75,0.71,0.0,0.0,0.0,0.0,94940.0,0.0
2023-12-09 03:00:00+05:30,16.6,91,2.2,0.41,0.0,0.0,0.0,0.0,94920.0,0.0
2023-12-09 04:00:00+05:30,16.0,93,2.47,0.99,0.0,0.0,0.0,0.0,94930.0,0.0
2023-12-09 05:00:00+05:30,15.9,94,2.38,0.71,0.0,0.0,0.0,0.0,94970.0,0.0
2023-12-09 06:00:00+05:30,17.2,88,1.35,0.72,0.0,0.0,0.0,0.0,95080.0,0.0
2023-12-09 07:00:00+05:30,16.9,94,1.0,0.21,14.0,5.0,9.0,62.7,95180.0,0.0
2023-12-09 08:00:00+05:30,19.5,84,0.9,0.36,155.0,95.0,60.0,430.1,95320.0,0.0
2023-12-09 09:00:00+05:30,22.0,75,1.65,0.17,356.0,263.0,93.0,631.8,95420.0,0.0
2023-12-09 10:00:00+05:30,24.2,66,2.26,0.13,537.0,426.0,111.0,741.0,95410.0,0.0
2023-12-09 11:00:00+05:30,26.1,60,2.61,0.15,669.0,548.0,121.0,798.9,95360.0,0.0
2023-12-09 12:00:00+05:30,27.5,54,2.41,0.07,697.0,531.0,166.0,715.8,95230.0,0.0
2023-12-09 13:00:00+05:30,28.3,49,1.9,0.14,725.0,596.0,129.0,806.7,95100.0,0.0
2023-12-09 14:00:00+05:30,28.6,47,1.43,0.19,625.0,493.0,132.0,728.1,95020.0,0.0
2023-12-09 15:00:00+05:30,28.6,46,1.3,0.19,482.0,349.0,133.0,622.3,94970.0,0.0
2023-12-09 16:00:00+05:30,28.0,47,1.36,0.13,319.0,226.0,93.0,567.8,94930.0,0.0
2023-12-09 17:00:00+05:30,25.6,60,1.43,0.1,124.0,69.0,55.0,345.7,94910.0,0.0
2023-12-09 18:00:00+05:30,23.1,65,1.84,0.0,8.0,3.0,5.0,43.8,94890.0,0.0
2023-12-09 19:00:00+05:30,22.0,68,1.92,0.02,0.0,0.0,0.0,0.0,94950.0,0.0
2023-12-09 20:00:00+05:30,21.0,71,1.8,0.08,0.0,0.0,0.0,0.0,94980.0,0.0
2023-12-09 21:00:00+05:30,20.3,76,1.8,0.09,0.0,0.0,0.0,0.0,95010.0,0.0
2023-12-09 22:00:00+05:30,19.5,82,2.65,0.07,0.0,0.0,0.0,0.0,95040.0,0.0
2023-12-09 23:00:00+05:30,19.0,83,1.56,0.05,0.0,0.0,0.0,0.0,95020.0,0.0
2023-12-10 00:00:00+05:30,18.7,85,1.66,0.0,0.0,0.0,0.0,0.0,94980.0,0.0
2023-12-10 01:00:00+05:30,17.4,91,2.39,0.0,0.0,0.0,0.0,0.0,94920.0,0.0
2023-12-10 02:00:00+05:30,19.0,82,1.7,0.0,0.0,0.0,0.0,0.0,94920.0,0.0
2023-12-10 03:00:00+05:30,16.7,92,1.75,0.0,0.0,0.0,0.0,0.0,94860.0,0.0
2023-12-10 04:00:00+05:30,16.8,92,1.55,0.0,0.0,0.0,0.0,0.0,94870.0,0.0
2023-12-10 05:00:00+05:30,16.1,94,1.58,0.0,0.0,0.0,0.0,0.0,94900.0,0.0
2023-12-10 06:00:00+05:30,16.5,95,1.42,0.07,0.0,0.0,0.0,0.0,94990.0,0.0
2023-12-10 07:00:00+05:30,17.4,93,1.52,0.14,13.0,4.0,9.0,50.9,95080.0,0.0
2023-12-10 08:00:00+05:30,19.8,84,1.46,0.13,148.0,84.0,64.0,384.4,95230.0,0.0
2023-12-10 09:00:00+05:30,22.2,73,1.84,0.01,348.0,247.0,101.0,596.6,95300.0,0.0
2023-12-10 10:00:00+05:30,24.2,65,2.3,0.0,536.0,422.0,114.0,736.6,95290.0,0.0
2023-12-10 11:00:00+05:30,26.0,58,2.73,0.0,671.0,551.0,120.0,805.3,95210.0,0.0
2023-12-10 12:00:00+05:30,27.5,52,2.14,0.18,739.0,613.0,126.0,827.7,95110.0,0.0
2023-12-10 13:00:00+05:30,28.3,48,1.24,0.23,721.0,587.0,134.0,795.4,94990.0,0.0
2023-12-10 14:00:00+05:30,28.6,46,1.03,0.37,630.0,495.0,135.0,731.4,94910.0,0.0
2023-12-10 15:00:00+05:30,28.4,46,1.43,0.2,467.0,316.0,151.0,563.3,94850.0,0.0
2023-12-10 16:00:00+05:30,27.7,47,1.9,0.2,303.0,207.0,96.0,519.4,94820.0,0.0
2023-12-10 17:00:00+05:30,25.9,55,1.8,0.18,110.0,50.0,60.0,249.3,94830.0,0.0
2023-12-10 18:00:00+05:30,23.1,53,1.8,0.04,9.0,3.0,6.0,43.4,94810.0,0.0
2023-12-10 19:00:00+05:30,21.4,65,2.5,0.01,0.0,0.0,0.0,0.0,94870.0,0.0
2023-12-10 20:00:00+05:30,23.7,52,1.3,0.01,0.0,0.0,0.0,0.0,94990.0,0.0
2023-12-10 21:00:00+05:30,19.5,70,1.57,0.01,0.0,0.0,0.0,0.0,94960.0,0.0
2023-12-10 22:00:00+05:30,19.0,73,1.63,0.03,0.0,0.0,0.0,0.0,95010.0,0.0
2023-12-10 23:00:00+05:30,19.1,74,0.36,0.06,0.0,0.0,0.0,0.0,95010.0,0.0
2023-12-11 00:00:00+05:30,17.6,83,0.45,0.03,0.0,0.0,0.0,0.0,94930.0,0.0
2023-12-11 01:00:00+05:30,17.4,87,1.14,0.01,0.0,0.0,0.0,0.0,94880.0,0.0
2023-12-11 02:00:00+05:30,17.5,86,1.12,0.04,0.0,0.0,0.0,0.0,94840.0,0.0
2023-12-11 03:00:00+05:30,17.5,86,0.67,0.46,0.0,0.0,0.0,0.0,94820.0,0.0
2023-12-11 04:00:00+05:30,16.5,90,0.41,0.74,0.0,0.0,0.0,0.0,94810.0,0.0
2023-12-11 05:00:00+05:30,15.1,95,0.81,0.88,0.0,0.0,0.0,0.0,94820.0,0.0
2023-12-11 06:00:00+05:30,16.1,92,0.91,0.91,0.0,0.0,0.0,0.0,94970.0,0.0
2023-12-11 07:00:00+05:30,16.5,92,0.81,0.9,13.0,4.0,9.0,51.7,95070.0,0.0
2023-12-11 08:00:00+05:30,19.4,81,1.2,0.68,153.0,94.0,59.0,434.7,95190.0,0.0
2023-12-11 09:00:00+05:30,22.3,71,1.43,0.84,356.0,267.0,89.0,648.3,95290.0,0.0
2023-12-11 10:00:00+05:30,24.5,62,1.71,0.88,540.0,433.0,107.0,758.5,95270.0,0.0
2023-12-11 11:00:00+05:30,26.4,55,1.8,0.84,673.0,557.0,116.0,816.0,95220.0,0.0
2023-12-11 12:00:00+05:30,27.8,48,1.3,0.61,744.0,625.0,119.0,845.3,95140.0,0.0
2023-12-11 13:00:00+05:30,28.5,45,0.5,0.02,743.0,627.0,116.0,850.4,95040.0,0.0
2023-12-11 14:00:00+05:30,28.8,43,0.86,0.27,652.0,520.0,132.0,768.7,94950.0,0.0
2023-12-11 15:00:00+05:30,28.6,44,1.57,0.14,500.0,379.0,121.0,675.3,94890.0,0.0
2023-12-11 16:00:00+05:30,27.8,45,1.82,0.12,326.0,228.0,98.0,571.1,94870.0,0.0
2023-12-11 17:00:00+05:30,25.5,53,1.81,0.07,137.0,81.0,56.0,401.9,94870.0,0.0
2023-12-11 18:00:00+05:30,23.2,61,2.24,0.29,9.0,3.0,6.0,43.1,94850.0,0.0
2023-12-11 19:00:00+05:30,21.7,69,1.97,0.11,0.0,0.0,0.0,0.0,94910.0,0.0
2023-12-11 20:00:00+05:30,20.9,72,1.71,0.36,0.0,0.0,0.0,0.0,95000.0,0.0
2023-12-11 21:00:00+05:30,19.9,77,2.43,0.15,0.0,0.0,0.0,0.0,95030.0,0.0
2023-12-11 22:00:00+05:30,21.6,63,1.64,0.69,0.0,0.0,0.0,0.0,95090.0,0.0
2023-12-11 23:00:00+05:30,18.8,78,1.36,0.92,0.0,0.0,0.0,0.0,95010.0,0.0
2023-12-12 00:00:00+05:30,18.9,78,0.92,0.78,0.0,0.0,0.0,0.0,94950.0,0.0
2023-12-12 01:00:00+05:30,17.4,85,1.33,0.24,0.0,0.0,0.0,0.0,94850.0,0.0
2023-12-12 02:00:00+05:30,16.5,90,1.53,0.32,0.0,0.0,0.0,0.0,94780.0,0.0
2023-12-12 03:00:00+05:30,15.9,93,1.35,0.01,0.0,0.0,0.0,0.0,94740.0,0.0
2023-12-12 04:00:00+05:30,15.1,96,1.1,0.0,0.0,0.0,0.0,0.0,94720.0,0.0
2023-12-12 05:00:00+05:30,15.0,97,0.81,0.03,0.0,0.0,0.0,0.0,94750.0,0.0
2023-12-12 06:00:00+05:30,16.0,96,0.82,1.0,0.0,0.0,0.0,0.0,94860.0,0.0
2023-12-12 07:00:00+05:30,16.9,93,0.36,1.0,10.0,1.0,9.0,13.1,94960.0,0.0
2023-12-12 08:00:00+05:30,20.1,80,0.71,0.93,109.0,25.0,84.0,116.8,95100.0,0.0
2023-12-12 09:00:00+05:30,22.0,71,1.17,0.67,231.0,61.0,170.0,148.9,95170.0,0.0
2023-12-12 10:00:00+05:30,24.2,62,1.43,0.47,445.0,262.0,183.0,460.5,95160.0,0.0
2023-12-12 11:00:00+05:30,26.2,54,1.41,0.83,668.0,549.0,119.0,806.1,95110.0,0.0
2023-12-12 12:00:00+05:30,27.5,48,0.8,0.97,739.0,617.0,122.0,835.8,94990.0,0.0
2023-12-12 13:00:00+05:30,28.2,45,0.3,0.93,711.0,560.0,151.0,760.3,94880.0,0.0
2023-12-12 14:00:00+05:30,28.5,43,0.98,1.0,623.0,468.0,155.0,692.0,94810.0,0.0
2023-12-12 15:00:00+05:30,28.3,43,1.21,1.0,491.0,371.0,120.0,660.7,94770.0,0.0
2023-12-12 16:00:00+05:30,27.6,45,1.5,0.95,317.0,211.0,106.0,527.6,94750.0,0.0
2023-12-12 17:00:00+05:30,25.5,50,2.14,0.89,119.0,58.0,61.0,286.2,94750.0,0.0
2023-12-12 18:00:00+05:30,21.9,57,2.28,0.77,10.0,3.0,7.0,42.7,94740.0,0.0
2023-12-12 19:00:00+05:30,20.9,61,2.42,0.9,0.0,0.0,0.0,0.0,94790.0,0.0
2023-12-12 20:00:00+05:30,21.0,60,2.16,0.21,0.0,0.0,0.0,0.0,94910.0,0.0
2023-12-12 21:00:00+05:30,21.8,59,0.36,0.02,0.0,0.0,0.0,0.0,94990.0,0.0
2023-12-12 22:00:00+05:30,21.6,60,1.21,0.0,0.0,0.0,0.0,0.0,95020.0,0.0
2023-12-12 23:00:00+05:30,17.8,80,1.9,0.02,0.0,0.0,0.0,0.0,94910.0,0.0
2023-12-13 00:00:00+05:30,17.1,85,1.57,0.0,0.0,0.0,0.0,0.0,94850.0,0.0
2023-12-13 01:00:00+05:30,16.8,86,1.5,0.41,0.0,0.0,0.0,0.0,94810.0,0.0
2023-12-13 02:00:00+05:30,17.4,83,0.85,1.0,0.0,0.0,0.0,0.0,94780.0,0.0
2023-12-13 03:00:00+05:30,15.6,91,1.35,0.77,0.0,0.0,0.0,0.0,94730.0,0.0
2023-12-13 04:00:00+05:30,15.1,94,1.49,0.64,0.0,0.0,0.0,0.0,94750.0,0.0
2023-12-13 05:00:00+05:30,15.9,90,0.51,0.67,0.0,0.0,0.0,0.0,94800.0,0.0
2023-12-13 06:00:00+05:30,14.6,97,1.04,0.25,0.0,0.0,0.0,0.0,94880.0,0.0
2023-12-13 07:00:00+05:30,14.9,98,0.73,0.02,12.0,4.0,8.0,53.3,94970.0,0.0
2023-12-13 08:00:00+05:30,18.4,85,0.36,0.17,152.0,95.0,57.0,448.7,95140.0,0.0
2023-12-13 09:00:00+05:30,21.6,69,0.9,0.47,357.0,270.0,87.0,662.5,95260.0,0.0
2023-12-13 10:00:00+05:30,24.0,59,1.6,0.91,543.0,439.0,104.0,774.1,95250.0,0.0
2023-12-13 11:00:00+05:30,26.0,49,1.8,0.96,679.0,565.0,114.0,831.5,95180.0,0.0
2023-12-13 12:00:00+05:30,27.4,43,1.53,0.87,743.0,624.0,119.0,846.5,95060.0,0.0
2023-12-13 13:00:00+05:30,28.1,41,1.46,0.74,748.0,631.0,117.0,857.3,94960.0,0.0
2023-12-13 14:00:00+05:30,28.5,39,1.98,0.43,673.0,561.0,112.0,829.6,94880.0,0.0
2023-12-13 15:00:00+05:30,28.4,39,2.41,0.11,533.0,430.0,103.0,765.3,94860.0,0.0
2023-12-13 16:00:00+05:30,27.5,39,2.69,0.02,346.0,260.0,86.0,648.8,94850.0,0.0
2023-12-13 17:00:00+05:30,25.2,46,1.98,0.0,142.0,87.0,55.0,426.9,94850.0,0.0
2023-12-13 18:00:00+05:30,23.4,45,2.47,0.0,10.0,3.0,7.0,42.3,94890.0,0.0
2023-12-13 19:00:00+05:30,22.2,51,2.31,0.0,0.0,0.0,0.0,0.0,94970.0,0.0
2023-12-13 20:00:00+05:30,20.9,56,2.1,0.01,0.0,0.0,0.0,0.0,95040.0,0.0
2023-12-13 21:00:00+05:30,19.4,64,1.99,0.0,0.0,0.0,0.0,0.0,95080.0,0.0
2023-12-13 22:00:00+05:30,18.3,71,2.72,0.0,0.0,0.0,0.0,0.0,95080.0,0.0
2023-12-13 23:00:00+05:30,18.0,70,2.83,0.0,0.0,0.0,0.0,0.0,95060.0,0.0
2023-12-14 00:00:00+05:30,18.1,69,2.82,0.0,0.0,0.0,0.0,0.0,95020.0,0.0
2023-12-14 01:00:00+05:30,17.0,72,2.24,0.0,0.0,0.0,0.0,0.0,95000.0,0.0
2023-12-14 02:00:00+05:30,17.3,72,1.9,0.0,0.0,0.0,0.0,0.0,94980.0,0.0
2023-12-14 03:00:00+05:30,16.9,76,1.91,0.0,0.0,0.0,0.0,0.0,94930.0,0.0
2023-12-14 04:00:00+05:30,15.9,81,2.41,0.0,0.0,0.0,0.0,0.0,94910.0,0.0
2023-12-14 05:00:00+05:30,15.2,86,2.66,0.0,0.0,0.0,0.0,0.0,94930.0,0.0
2023-12-14 06:00:00+05:30,15.0,88,2.39,0.0,0.0,0.0,0.0,0.0,95050.0,0.0
2023-12-14 07:00:00+05:30,15.4,90,1.77,0.0,11.0,4.0,7.0,54.1,95150.0,0.0
2023-12-14 08:00:00+05:30,18.9,77,1.42,0.0,151.0,95.0,56.0,453.5,95300.0,0.0
2023-12-14 09:00:00+05:30,21.5,65,1.71,0.03,355.0,267.0,88.0,658.5,95400.0,0.0
2023-12-14 10:00:00+05:30,23.9,58,2.2,0.32,540.0,436.0,104.0,771.3,95430.0,0.0
2023-12-14 11:00:00+05:30,25.8,46,2.96,0.01,675.0,562.0,113.0,828.8,95330.0,0.0
2023-12-14 12:00:00+05:30,26.8,41,3.13,0.0,750.0,633.0,117.0,859.9,95230.0,0.0
2023-12-14 13:00:00+05:30,27.2,38,3.0,0.0,751.0,636.0,115.0,864.7,95120.0,0.0
2023-12-14 14:00:00+05:30,27.5,37,3.1,0.0,681.0,572.0,109.0,845.9,95010.0,0.0
2023-12-14 15:00:00+05:30,27.3,38,3.3,0.0,543.0,444.0,99.0,789.5,94980.0,0.0
2023-12-14 16:00:00+05:30,26.6,41,3.3,0.0,354.0,271.0,83.0,674.7,94960.0,0.0
2023-12-14 17:00:00+05:30,24.9,48,2.57,0.0,147.0,93.0,54.0,453.6,94990.0,0.0
2023-12-14 18:00:00+05:30,22.6,54,2.69,0.07,10.0,3.0,7.0,41.9,95050.0,0.0
2023-12-14 19:00:00+05:30,21.5,57,2.47,0.09,0.0,0.0,0.0,0.0,95130.0,0.0
2023-12-14 20:00:00+05:30,20.6,61,2.11,0.01,0.0,0.0,0.0,0.0,95180.0,0.0
2023-12-14 21:00:00+05:30,18.6,72,2.75,0.0,0.0,0.0,0.0,0.0,95160.0,0.0
2023-12-14 22:00:00+05:30,18.5,72,2.7,0.0,0.0,0.0,0.0,0.0,95230.0,0.0
2023-12-14 23:00:00+05:30,20.1,63,0.67,0.06,0.0,0.0,0.0,0.0,95260.0,0.0
2023-12-15 00:00:00+05:30,17.4,77,1.5,0.14,0.0,0.0,0.0,0.0,95210.0,0.0
2023-12-15 01:00:00+05:30,16.6,82,2.12,0.13,0.0,0.0,0.0,0.0,95160.0,0.0
2023-12-15 02:00:00+05:30,16.6,82,2.09,0.08,0.0,0.0,0.0,0.0,95120.0,0.0
2023-12-15 03:00:00+05:30,17.2,79,1.77,0.03,0.0,0.0,0.0,0.0,95100.0,0.0
2023-12-15 04:00:00+05:30,17.1,79,1.56,0.01,0.0,0.0,0.0,0.0,95090.0,0.0
2023-12-15 05:00:00+05:30,15.3,88,2.11,0.0,0.0,0.0,0.0,0.0,95090.0,0.0
2023-12-15 06:00:00+05:30,14.6,94,2.42,0.0,0.0,0.0,0.0,0.0,95160.0,0.0
2023-12-15 07:00:00+05:30,15.1,95,1.84,0.0,11.0,4.0,7.0,55.0,95230.0,0.0
2023-12-15 08:00:00+05:30,18.4,83,1.3,0.0,149.0,94.0,55.0,453.4,95370.0,0.0
2023-12-15 09:00:00+05:30,21.2,71,1.53,0.0,357.0,271.0,86.0,671.7,95460.0,0.0
2023-12-15 10:00:00+05:30,23.8,52,2.82,0.0,546.0,444.0,102.0,787.9,95480.0,0.0
2023-12-15 11:00:00+05:30,25.2,42,3.32,0.0,683.0,571.0,112.0,843.8,95420.0,0.0
2023-12-15 12:00:00+05:30,26.0,40,3.1,0.0,754.0,637.0,117.0,866.4,95290.0,0.0
2023-12-15 13:00:00+05:30,26.7,39,2.85,0.0,753.0,637.0,116.0,866.6,95190.0,0.0
2023-12-15 14:00:00+05:30,27.0,38,2.69,0.0,680.0,570.0,110.0,842.8,95110.0,0.0
2023-12-15 15:00:00+05:30,26.9,38,2.79,0.0,542.0,442.0,100.0,785.2,95040.0,0.0
2023-12-15 16:00:00+05:30,26.3,40,2.32,0.0,354.0,270.0,84.0,670.6,95030.0,0.0
2023-12-15 17:00:00+05:30,24.0,49,1.79,0.0,148.0,93.0,55.0,450.8,95020.0,0.0
2023-12-15 18:00:00+05:30,21.9,49,2.72,0.0,11.0,4.0,7.0,55.4,95050.0,0.0
2023-12-15 19:00:00+05:30,20.9,52,2.46,0.0,0.0,0.0,0.0,0.0,95120.0,0.0
2023-12-15 20:00:00+05:30,18.8,61,2.14,0.0,0.0,0.0,0.0,0.0,95160.0,0.0
2023-12-15 21:00:00+05:30,18.1,64,2.33,0.0,0.0,0.0,0.0,0.0,95210.0,0.0
2023-12-15 22:00:00+05:30,18.0,65,2.19,0.0,0.0,0.0,0.0,0.0,95260.0,0.0
2023-12-15 23:00:00+05:30,17.0,68,2.5,0.0,0.0,0.0,0.0,0.0,95210.0,0.0
2023-12-16 00:00:00+05:30,15.6,74,2.55,0.0,0.0,0.0,0.0,0.0,95110.0,0.0
2023-12-16 01:00:00+05:30,14.9,76,2.26,0.0,0.0,0.0,0.0,0.0,95060.0,0.0
2023-12-16 02:00:00+05:30,14.0,79,1.7,0.0,0.0,0.0,0.0,0.0,94990.0,0.0
2023-12-16 03:00:00+05:30,13.8,80,1.36,0.0,0.0,0.0,0.0,0.0,94970.0,0.0
2023-12-16 04:00:00+05:30,14.9,72,0.5,0.0,0.0,0.0,0.0,0.0,95000.0,0.0
2023-12-16 05:00:00+05:30,14.7,74,0.4,0.0,0.0,0.0,0.0,0.0,95040.0,0.0
2023-12-16 06:00:00+05:30,14.2,79,0.58,0.0,0.0,0.0,0.0,0.0,95160.0,0.0
2023-12-16 07:00:00+05:30,13.4,87,0.45,0.0,10.0,3.0,7.0,41.8,95200.0,0.0
2023-12-16 08:00:00+05:30,16.7,76,0.22,0.04,146.0,90.0,56.0,438.7,95340.0,0.0
2023-12-16 09:00:00+05:30,19.6,68,0.7,0.65,350.0,262.0,88.0,652.6,95410.0,0.0
2023-12-16 10:00:00+05:30,22.2,61,1.71,0.4,535.0,430.0,105.0,765.3,95420.0,0.0
2023-12-16 11:00:00+05:30,24.4,52,3.1,0.04,672.0,557.0,115.0,824.7,95370.0,0.0
2023-12-16 12:00:00+05:30,25.7,48,3.2,0.0,744.0,625.0,119.0,851.1,95260.0,0.0
2023-12-16 13:00:00+05:30,26.5,46,2.7,0.0,744.0,627.0,117.0,853.4,95120.0,0.0
2023-12-16 14:00:00+05:30,27.0,44,2.35,0.0,673.0,562.0,111.0,830.8,95040.0,0.0
2023-12-16 15:00:00+05:30,27.0,44,2.25,0.0,536.0,434.0,102.0,770.2,94990.0,0.0
2023-12-16 16:00:00+05:30,26.5,45,2.2,0.07,348.0,262.0,86.0,649.1,94980.0,0.0
2023-12-16 17:00:00+05:30,24.2,56,1.53,0.15,141.0,84.0,57.0,404.5,94970.0,0.0
2023-12-16 18:00:00+05:30,22.0,55,2.52,0.11,11.0,3.0,8.0,41.1,95020.0,0.0
2023-12-16 19:00:00+05:30,20.7,59,2.19,0.0,0.0,0.0,0.0,0.0,95070.0,0.0
2023-12-16 20:00:00+05:30,19.0,68,2.26,0.0,0.0,0.0,0.0,0.0,95110.0,0.0
2023-12-16 21:00:00+05:30,18.4,72,2.62,0.0,0.0,0.0,0.0,0.0,95120.0,0.0
2023-12-16 22:00:00+05:30,19.1,68,2.09,0.0,0.0,0.0,0.0,0.0,95150.0,0.0
2023-12-16 23:00:00+05:30,19.4,67,2.0,0.0,0.0,0.0,0.0,0.0,95120.0,0.0
2023-12-17 00:00:00+05:30,16.9,79,1.63,0.0,0.0,0.0,0.0,0.0,95040.0,0.0
2023-12-17 01:00:00+05:30,16.0,82,1.84,0.0,0.0,0.0,0.0,0.0,94990.0,0.0
2023-12-17 02:00:00+05:30,15.6,84,2.21,0.0,0.0,0.0,0.0,0.0,94950.0,0.0
2023-12-17 03:00:00+05:30,16.8,78,1.12,0.0,0.0,0.0,0.0,0.0,94980.0,0.0
2023-12-17 04:00:00+05:30,14.5,90,1.5,0.0,0.0,0.0,0.0,0.0,94940.0,0.0
2023-12-17 05:00:00+05:30,14.2,92,1.75,0.01,0.0,0.0,0.0,0.0,94970.0,0.0
2023-12-17 06:00:00+05:30,14.5,95,2.39,0.04,0.0,0.0,0.0,0.0,95060.0,0.0
2023-12-17 07:00:00+05:30,15.4,94,1.46,0.06,9.0,3.0,6.0,42.5,95130.0,0.0
2023-12-17 08:00:00+05:30,18.5,82,1.14,0.03,136.0,77.0,59.0,379.1,95270.0,0.0
2023-12-17 09:00:00+05:30,20.9,72,1.96,0.04,333.0,238.0,95.0,595.6,95340.0,0.0
2023-12-17 10:00:00+05:30,23.0,64,2.94,0.05,512.0,394.0,118.0,703.2,95330.0,0.0
2023-12-17 11:00:00+05:30,25.1,59,3.85,0.56,613.0,449.0,164.0,666.0,95270.0,0.0
2023-12-17 12:00:00+05:30,25.8,55,3.41,0.34,485.0,225.0,260.0,306.7,95170.0,0.0
2023-12-17 13:00:00+05:30,26.9,51,3.21,0.21,625.0,436.0,189.0,593.6,95060.0,0.0
2023-12-17 14:00:00+05:30,27.4,48,2.91,0.36,566.0,397.0,169.0,586.7,94990.0,0.0
2023-12-17 15:00:00+05:30,27.1,48,3.2,0.46,379.0,224.0,155.0,397.0,94950.0,0.0
2023-12-17 16:00:00+05:30,26.6,50,3.1,0.2,257.0,143.0,114.0,353.3,94940.0,0.0
2023-12-17 17:00:00+05:30,25.5,54,2.44,0.02,126.0,69.0,57.0,330.0,94930.0,0.0
2023-12-17 18:00:00+05:30,22.5,63,2.02,0.02,11.0,3.0,8.0,40.7,94980.0,0.0
2023-12-17 19:00:00+05:30,21.3,69,1.79,0.01,0.0,0.0,0.0,0.0,95040.0,0.0
2023-12-17 20:00:00+05:30,20.1,75,2.15,0.01,0.0,0.0,0.0,0.0,95080.0,0.0
2023-12-17 21:00:00+05:30,19.7,76,2.0,0.01,0.0,0.0,0.0,0.0,95150.0,0.0
2023-12-17 22:00:00+05:30,20.4,71,3.01,0.08,0.0,0.0,0.0,0.0,95200.0,0.0
2023-12-17 23:00:00+05:30,20.0,72,2.83,0.0,0.0,0.0,0.0,0.0,95180.0,0.0
2023-12-18 00:00:00+05:30,19.2,76,2.1,0.0,0.0,0.0,0.0,0.0,95130.0,0.0
2023-12-18 01:00:00+05:30,18.6,78,2.12,0.73,0.0,0.0,0.0,0.0,95090.0,0.0
2023-12-18 02:00:00+05:30,18.0,80,2.01,0.84,0.0,0.0,0.0,0.0,95060.0,0.0
2023-12-18 03:00:00+05:30,17.5,82,2.0,0.89,0.0,0.0,0.0,0.0,95020.0,0.0
2023-12-18 04:00:00+05:30,17.2,83,1.98,0.89,0.0,0.0,0.0,0.0,95010.0,0.0
2023-12-18 05:00:00+05:30,16.9,83,1.97,0.88,0.0,0.0,0.0,0.0,95050.0,0.0
2023-12-18 06:00:00+05:30,16.6,87,2.06,0.59,0.0,0.0,0.0,0.0,95180.0,0.0
2023-12-18 07:00:00+05:30,16.9,86,2.26,0.12,9.0,2.0,7.0,28.8,95260.0,0.0
2023-12-18 08:00:00+05:30,19.1,77,2.28,0.37,132.0,73.0,59.0,363.1,95390.0,0.0
2023-12-18 09:00:00+05:30,21.2,66,3.47,0.1,320.0,212.0,108.0,533.0,95460.0,0.0
2023-12-18 10:00:00+05:30,23.0,57,4.36,0.26,511.0,398.0,113.0,712.3,95460.0,0.0
2023-12-18 11:00:00+05:30,24.3,52,5.11,0.79,643.0,515.0,128.0,765.1,95390.0,0.0
2023-12-18 12:00:00+05:30,25.3,49,5.1,1.0,696.0,528.0,168.0,720.4,95280.0,0.0
2023-12-18 13:00:00+05:30,26.0,47,4.92,0.89,687.0,491.0,196.0,668.7,95170.0,0.0
2023-12-18 14:00:00+05:30,26.5,46,4.63,0.29,626.0,461.0,165.0,680.9,95090.0,0.0
2023-12-18 15:00:00+05:30,26.6,46,4.31,0.46,520.0,409.0,111.0,723.9,95030.0,0.0
2023-12-18 16:00:00+05:30,26.2,47,4.0,0.22,339.0,246.0,93.0,606.0,95030.0,0.0
2023-12-18 17:00:00+05:30,24.9,51,2.94,0.09,144.0,86.0,58.0,408.4,95080.0,0.0
2023-12-18 18:00:00+05:30,23.5,55,3.06,0.91,11.0,3.0,8.0,40.2,95130.0,0.0
2023-12-18 19:00:00+05:30,23.0,56,2.53,1.0,0.0,0.0,0.0,0.0,95200.0,0.0
2023-12-18 20:00:00+05:30,22.1,61,2.57,1.0,0.0,0.0,0.0,0.0,95310.0,0.0
2023-12-18 21:00:00+05:30,21.5,64,3.22,1.0,0.0,0.0,0.0,0.0,95380.0,0.0
2023-12-18 22:00:00+05:30,20.5,68,3.11,1.0,0.0,0.0,0.0,0.0,95370.0,0.0
2023-12-18 23:00:00+05:30,19.8,71,2.52,1.0,0.0,0.0,0.0,0.0,95340.0,0.0
2023-12-19 00:00:00+05:30,19.5,72,2.35,1.0,0.0,0.0,0.0,0.0,95290.0,0.0
2023-12-19 01:00:00+05:30,19.1,74,2.22,1.0,0.0,0.0,0.0,0.0,95230.0,0.0
2023-12-19 02:00:00+05:30,18.7,75,2.26,1.0,0.0,0.0,0.0,0.0,95180.0,0.0
2023-12-19 03:00:00+05:30,18.2,77,2.28,1.0,0.0,0.0,0.0,0.0,95130.0,0.0
2023-12-19 04:00:00+05:30,18.0,77,2.12,1.0,0.0,0.0,0.0,0.0,95150.0,0.0
2023-12-19 05:00:00+05:30,17.9,77,1.93,1.0,0.0,0.0,0.0,0.0,95160.0,0.0
2023-12-19 06:00:00+05:30,17.6,78,2.21,1.0,0.0,0.0,0.0,0.0,95260.0,0.0
2023-12-19 07:00:00+05:30,17.6,79,1.91,1.0,6.0,0.0,6.0,0.0,95350.0,0.0
2023-12-19 08:00:00+05:30,19.0,74,2.14,0.94,105.0,24.0,81.0,120.5,95480.0,0.0
2023-12-19 09:00:00+05:30,20.6,65,2.94,1.0,275.0,121.0,154.0,305.5,95560.0,0.0
2023-12-19 10:00:00+05:30,22.5,57,3.71,0.74,448.0,249.0,199.0,446.8,95550.0,0.0
2023-12-19 11:00:00+05:30,24.1,51,4.1,0.68,627.0,474.0,153.0,705.3,95470.0,0.0
2023-12-19 12:00:00+05:30,25.1,48,4.5,1.0,716.0,578.0,138.0,789.2,95340.0,0.0
2023-12-19 13:00:00+05:30,25.7,47,4.1,0.94,680.0,481.0,199.0,655.1,95250.0,0.0
2023-12-19 14:00:00+05:30,26.1,46,3.9,0.47,608.0,409.0,199.0,603.8,95170.0,0.0
2023-12-19 15:00:00+05:30,26.1,46,3.7,0.34,512.0,383.0,129.0,676.9,95140.0,0.0
2023-12-19 16:00:00+05:30,25.5,47,3.31,0.39,336.0,234.0,102.0,574.7,95140.0,0.0
2023-12-19 17:00:00+05:30,24.1,52,2.47,0.47,145.0,87.0,58.0,410.2,95160.0,0.0
2023-12-19 18:00:00+05:30,22.3,57,2.66,0.35,11.0,3.0,8.0,39.8,95170.0,0.0
2023-12-19 19:00:00+05:30,21.6,59,3.14,0.6,0.0,0.0,0.0,0.0,95260.0,0.0
2023-12-19 20:00:00+05:30,20.6,59,2.61,0.29,0.0,0.0,0.0,0.0,95350.0,0.0
2023-12-19 21:00:00+05:30,19.5,62,2.7,0.85,0.0,0.0,0.0,0.0,95390.0,0.0
2023-12-19 22:00:00+05:30,18.5,65,2.41,0.72,0.0,0.0,0.0,0.0,95390.0,0.0
2023-12-19 23:00:00+05:30,17.5,69,1.84,0.69,0.0,0.0,0.0,0.0,95380.0,0.0
2023-12-20 00:00:00+05:30,16.8,71,1.62,0.98,0.0,0.0,0.0,0.0,95350.0,0.0
2023-12-20 01:00:00+05:30,16.2,73,1.82,0.59,0.0,0.0,0.0,0.0,95280.0,0.0
2023-12-20 02:00:00+05:30,15.4,77,1.58,0.1,0.0,0.0,0.0,0.0,95210.0,0.0
2023-12-20 03:00:00+05:30,14.7,80,1.53,0.52,0.0,0.0,0.0,0.0,95150.0,0.0
2023-12-20 04:00:00+05:30,14.4,81,1.42,0.39,0.0,0.0,0.0,0.0,95140.0,0.0
2023-12-20 05:00:00+05:30,13.4,85,1.61,0.31,0.0,0.0,0.0,0.0,95160.0,0.0
2023-12-20 06:00:00+05:30,14.2,79,1.53,1.0,0.0,0.0,0.0,0.0,95230.0,0.0
2023-12-20 07:00:00+05:30,14.8,76,1.65,0.92,8.0,1.0,7.0,14.8,95320.0,0.0
2023-12-20 08:00:00+05:30,17.0,70,1.79,0.24,131.0,67.0,64.0,339.7,95450.0,0.0
2023-12-20 09:00:00+05:30,19.6,58,2.47,0.82,339.0,250.0,89.0,634.0,95540.0,0.0
2023-12-20 10:00:00+05:30,21.8,51,2.86,0.87,519.0,407.0,112.0,732.1,95530.0,0.0
2023-12-20 11:00:00+05:30,23.5,48,3.51,0.74,640.0,486.0,154.0,724.2,95470.0,0.0
2023-12-20 12:00:00+05:30,25.0,45,3.81,0.89,719.0,565.0,154.0,772.0,95340.0,0.0
2023-12-20 13:00:00+05:30,26.0,44,3.61,0.34,724.0,579.0,145.0,788.6,95230.0,0.0
2023-12-20 14:00:00+05:30,26.7,43,3.11,0.55,664.0,542.0,122.0,799.6,95170.0,0.0
2023-12-20 15:00:00+05:30,26.8,43,3.03,0.97,535.0,431.0,104.0,760.5,95110.0,0.0
2023-12-20 16:00:00+05:30,26.2,45,2.63,1.0,320.0,190.0,130.0,465.2,95110.0,0.0
2023-12-20 17:00:00+05:30,24.5,53,1.66,1.0,128.0,43.0,85.0,201.3,95100.0,0.0
2023-12-20 18:00:00+05:30,21.8,55,2.2,0.97,12.0,3.0,9.0,39.4,95100.0,0.0
2023-12-20 19:00:00+05:30,20.5,59,2.11,1.0,0.0,0.0,0.0,0.0,95160.0,0.0
2023-12-20 20:00:00+05:30,18.7,70,2.92,0.8,0.0,0.0,0.0,0.0,95190.0,0.0
2023-12-20 21:00:00+05:30,17.9,73,2.86,0.15,0.0,0.0,0.0,0.0,95220.0,0.0
2023-12-20 22:00:00+05:30,18.9,67,2.6,0.1,0.0,0.0,0.0,0.0,95300.0,0.0
2023-12-20 23:00:00+05:30,18.0,70,2.69,0.42,0.0,0.0,0.0,0.0,95290.0,0.0
2023-12-21 00:00:00+05:30,17.2,73,2.4,0.82,0.0,0.0,0.0,0.0,95240.0,0.0
2023-12-21 01:00:00+05:30,16.6,74,1.9,1.0,0.0,0.0,0.0,0.0,95180.0,0.0
2023-12-21 02:00:00+05:30,16.3,75,1.3,1.0,0.0,0.0,0.0,0.0,95130.0,0.0
2023-12-21 03:00:00+05:30,15.6,77,1.12,1.0,0.0,0.0,0.0,0.0,95090.0,0.0
2023-12-21 04:00:00+05:30,14.6,82,1.79,0.67,0.0,0.0,0.0,0.0,95060.0,0.0
2023-12-21 05:00:00+05:30,16.0,71,1.2,0.9,0.0,0.0,0.0,0.0,95080.0,0.0
2023-12-21 06:00:00+05:30,16.1,83,1.14,0.86,0.0,0.0,0.0,0.0,95170.0,0.0
2023-12-21 07:00:00+05:30,14.8,91,1.49,0.61,8.0,2.0,6.0,30.0,95200.0,0.0
2023-12-21 08:00:00+05:30,18.2,76,1.61,0.67,135.0,80.0,55.0,409.4,95350.0,0.0
2023-12-21 09:00:00+05:30,20.8,64,1.43,0.25,335.0,245.0,90.0,623.8,95450.0,0.0
2023-12-21 10:00:00+05:30,23.0,56,2.02,0.38,520.0,414.0,106.0,746.4,95430.0,0.0
2023-12-21 11:00:00+05:30,25.2,50,2.33,0.4,658.0,539.0,119.0,804.2,95370.0,0.0
2023-12-21 12:00:00+05:30,27.1,45,2.47,0.42,726.0,592.0,134.0,809.3,95250.0,0.0
2023-12-21 13:00:00+05:30,28.3,41,2.52,0.67,716.0,561.0,155.0,764.0,95120.0,0.0
2023-12-21 14:00:00+05:30,29.0,38,2.51,0.71,654.0,511.0,143.0,753.2,95030.0,0.0
2023-12-21 15:00:00+05:30,29.0,37,2.18,0.71,530.0,412.0,118.0,725.7,95000.0,0.0
2023-12-21 16:00:00+05:30,28.2,40,2.15,0.87,338.0,228.0,110.0,556.4,94990.0,0.0
2023-12-21 17:00:00+05:30,25.8,51,1.7,0.46,143.0,73.0,70.0,339.1,95020.0,0.0
2023-12-21 18:00:00+05:30,22.5,51,2.06,0.96,13.0,4.0,9.0,51.9,95060.0,0.0
2023-12-21 19:00:00+05:30,20.2,62,2.48,1.0,0.0,0.0,0.0,0.0,95100.0,0.0
2023-12-21 20:00:00+05:30,19.6,66,2.32,1.0,0.0,0.0,0.0,0.0,95150.0,0.0
2023-12-21 21:00:00+05:30,19.4,67,2.13,0.7,0.0,0.0,0.0,0.0,95210.0,0.0
2023-12-21 22:00:00+05:30,20.8,57,1.2,0.74,0.0,0.0,0.0,0.0,95260.0,0.0
2023-12-21 23:00:00+05:30,18.2,69,1.7,0.96,0.0,0.0,0.0,0.0,95200.0,0.0
2023-12-22 00:00:00+05:30,17.2,72,1.64,0.61,0.0,0.0,0.0,0.0,95160.0,0.0
2023-12-22 01:00:00+05:30,16.1,78,2.35,0.17,0.0,0.0,0.0,0.0,95100.0,0.0
2023-12-22 02:00:00+05:30,17.0,73,1.64,0.02,0.0,0.0,0.0,0.0,95080.0,0.0
2023-12-22 03:00:00+05:30,15.3,83,1.3,0.37,0.0,0.0,0.0,0.0,94990.0,0.0
2023-12-22 04:00:00+05:30,14.1,90,1.34,1.0,0.0,0.0,0.0,0.0,94990.0,0.0
2023-12-22 05:00:00+05:30,15.4,82,0.67,1.0,0.0,0.0,0.0,0.0,95050.0,0.0
2023-12-22 06:00:00+05:30,15.7,95,1.08,1.0,0.0,0.0,0.0,0.0,95110.0,0.0
2023-12-22 07:00:00+05:30,15.3,98,1.12,1.0,7.0,1.0,6.0,15.2,95180.0,0.0
2023-12-22 08:00:00+05:30,17.9,90,0.42,0.91,132.0,78.0,54.0,402.7,95340.0,0.0
2023-12-22 09:00:00+05:30,20.7,80,0.92,0.94,331.0,242.0,89.0,618.6,95430.0,0.0
2023-12-22 10:00:00+05:30,23.5,68,1.08,0.93,516.0,410.0,106.0,740.7,95410.0,0.0
2023-12-22 11:00:00+05:30,25.8,59,1.12,0.45,654.0,540.0,114.0,806.6,95350.0,0.0
2023-12-22 12:00:00+05:30,27.6,52,1.1,0.9,718.0,582.0,136.0,796.0,95260.0,0.0
2023-12-22 13:00:00+05:30,28.8,46,0.71,1.0,682.0,485.0,197.0,660.4,95150.0,0.0
2023-12-22 14:00:00+05:30,29.1,43,0.95,0.99,580.0,335.0,245.0,493.3,95090.0,0.0
2023-12-22 15:00:00+05:30,29.2,40,1.34,1.0,474.0,278.0,196.0,488.7,95050.0,0.0
2023-12-22 16:00:00+05:30,28.6,41,1.41,1.0,293.0,132.0,161.0,321.0,95040.0,0.0
2023-12-22 17:00:00+05:30,25.9,61,1.77,1.0,128.0,42.0,86.0,193.6,95040.0,0.0
2023-12-22 18:00:00+05:30,21.4,58,2.47,0.94,13.0,5.0,8.0,64.2,95050.0,0.0
2023-12-22 19:00:00+05:30,21.5,55,1.79,0.9,0.0,0.0,0.0,0.0,95140.0,0.0
2023-12-22 20:00:00+05:30,20.4,59,1.94,0.93,0.0,0.0,0.0,0.0,95170.0,0.0
2023-12-22 21:00:00+05:30,20.8,56,1.06,0.78,0.0,0.0,0.0,0.0,95210.0,0.0
2023-12-22 22:00:00+05:30,19.8,60,0.22,0.0,0.0,0.0,0.0,0.0,95210.0,0.0
2023-12-22 23:00:00+05:30,18.5,65,0.28,0.01,0.0,0.0,0.0,0.0,95180.0,0.0
2023-12-23 00:00:00+05:30,15.4,81,0.92,0.04,0.0,0.0,0.0,0.0,95090.0,0.0
2023-12-23 01:00:00+05:30,14.9,84,1.0,0.0,0.0,0.0,0.0,0.0,95070.0,0.0
2023-12-23 02:00:00+05:30,15.7,80,0.63,0.02,0.0,0.0,0.0,0.0,95080.0,0.0
2023-12-23 03:00:00+05:30,14.5,86,0.58,0.12,0.0,0.0,0.0,0.0,95040.0,0.0
2023-12-23 04:00:00+05:30,13.9,87,0.45,0.55,0.0,0.0,0.0,0.0,95060.0,0.0
2023-12-23 05:00:00+05:30,12.9,90,0.7,0.31,0.0,0.0,0.0,0.0,95070.0,0.0
2023-12-23 06:00:00+05:30,13.2,98,1.12,0.99,0.0,0.0,0.0,0.0,95120.0,0.0
2023-12-23 07:00:00+05:30,13.2,99,0.92,0.76,7.0,1.0,6.0,15.4,95180.0,0.0
2023-12-23 08:00:00+05:30,17.0,86,0.22,0.25,132.0,77.0,55.0,401.0,95340.0,0.0
2023-12-23 09:00:00+05:30,20.5,71,0.63,0.84,336.0,250.0,86.0,641.3,95460.0,0.0
2023-12-23 10:00:00+05:30,23.4,60,0.82,0.18,523.0,417.0,106.0,754.8,95470.0,0.0
2023-12-23 11:00:00+05:30,26.0,49,1.51,0.48,666.0,552.0,114.0,825.4,95430.0,0.0
2023-12-23 12:00:00+05:30,27.7,41,2.2,0.76,742.0,625.0,117.0,855.1,95340.0,0.0
2023-12-23 13:00:00+05:30,28.8,36,2.51,0.41,743.0,616.0,127.0,838.4,95220.0,0.0
2023-12-23 14:00:00+05:30,29.5,32,2.62,0.19,683.0,574.0,109.0,844.4,95140.0,0.0
2023-12-23 15:00:00+05:30,29.5,30,2.72,0.24,551.0,450.0,101.0,789.6,95090.0,0.0
2023-12-23 16:00:00+05:30,28.8,33,2.51,0.14,368.0,284.0,84.0,688.3,95090.0,0.0
2023-12-23 17:00:00+05:30,25.8,44,1.8,0.01,161.0,105.0,56.0,480.4,95100.0,0.0
2023-12-23 18:00:00+05:30,23.5,31,2.34,0.04,15.0,6.0,9.0,76.1,95110.0,0.0
2023-12-23 19:00:00+05:30,20.2,41,2.86,0.0,0.0,0.0,0.0,0.0,95140.0,0.0
2023-12-23 20:00:00+05:30,18.9,48,3.06,0.0,0.0,0.0,0.0,0.0,95190.0,0.0
2023-12-23 21:00:00+05:30,20.8,39,2.36,0.0,0.0,0.0,0.0,0.0,95280.0,0.0
2023-12-23 22:00:00+05:30,18.0,46,1.84,0.08,0.0,0.0,0.0,0.0,95310.0,0.0
2023-12-23 23:00:00+05:30,16.0,55,2.61,0.0,0.0,0.0,0.0,0.0,95290.0,0.0
2023-12-24 00:00:00+05:30,18.2,42,1.56,0.13,0.0,0.0,0.0,0.0,95350.0,0.0
2023-12-24 01:00:00+05:30,17.6,44,1.0,0.96,0.0,0.0,0.0,0.0,95310.0,0.0
2023-12-24 02:00:00+05:30,17.0,46,1.04,1.0,0.0,0.0,0.0,0.0,95280.0,0.0
2023-12-24 03:00:00+05:30,16.6,48,1.3,0.96,0.0,0.0,0.0,0.0,95260.0,0.0
2023-12-24 04:00:00+05:30,16.2,50,1.63,1.0,0.0,0.0,0.0,0.0,95260.0,0.0
2023-12-24 05:00:00+05:30,15.9,52,1.5,0.96,0.0,0.0,0.0,0.0,95290.0,0.0
2023-12-24 06:00:00+05:30,15.6,59,1.36,1.0,0.0,0.0,0.0,0.0,95340.0,0.0
2023-12-24 07:00:00+05:30,15.2,62,1.39,1.0,7.0,2.0,5.0,31.2,95410.0,0.0
2023-12-24 08:00:00+05:30,16.8,63,0.98,1.0,130.0,72.0,58.0,378.0,95530.0,0.0
2023-12-24 09:00:00+05:30,19.9,57,0.94,1.0,321.0,206.0,115.0,530.2,95650.0,0.0
2023-12-24 10:00:00+05:30,22.9,51,1.53,1.0,507.0,369.0,138.0,669.1,95680.0,0.0
2023-12-24 11:00:00+05:30,25.1,47,2.12,0.99,628.0,446.0,182.0,667.4,95620.0,0.0
2023-12-24 12:00:00+05:30,27.0,41,2.55,1.0,734.0,588.0,146.0,804.6,95520.0,0.0
2023-12-24 13:00:00+05:30,28.1,37,2.79,0.97,743.0,601.0,142.0,817.6,95380.0,0.0
2023-12-24 14:00:00+05:30,28.8,35,2.89,0.43,687.0,571.0,116.0,839.0,95280.0,0.0
2023-12-24 15:00:00+05:30,28.8,35,2.91,0.73,555.0,451.0,104.0,789.7,95220.0,0.0
2023-12-24 16:00:00+05:30,28.0,37,2.88,0.87,371.0,286.0,85.0,690.6,95220.0,0.0
2023-12-24 17:00:00+05:30,25.5,47,1.84,0.31,163.0,105.0,58.0,476.6,95210.0,0.0
2023-12-24 18:00:00+05:30,22.9,52,2.34,1.0,15.0,4.0,11.0,50.2,95230.0,0.0
2023-12-24 19:00:00+05:30,20.4,62,2.64,0.95,0.0,0.0,0.0,0.0,95250.0,0.0
2023-12-24 20:00:00+05:30,20.0,64,2.43,0.07,0.0,0.0,0.0,0.0,95310.0,0.0
2023-12-24 21:00:00+05:30,18.7,71,2.5,0.0,0.0,0.0,0.0,0.0,95350.0,0.0
2023-12-24 22:00:00+05:30,18.5,72,2.06,0.0,0.0,0.0,0.0,0.0,95390.0,0.0
2023-12-24 23:00:00+05:30,18.0,72,2.18,0.01,0.0,0.0,0.0,0.0,95360.0,0.0
2023-12-25 00:00:00+05:30,17.0,74,1.9,0.05,0.0,0.0,0.0,0.0,95320.0,0.0
2023-12-25 01:00:00+05:30,16.0,78,1.96,0.0,0.0,0.0,0.0,0.0,95290.0,0.0
2023-12-25 02:00:00+05:30,15.8,78,1.84,0.0,0.0,0.0,0.0,0.0,95250.0,0.0
2023-12-25 03:00:00+05:30,14.9,82,2.06,0.01,0.0,0.0,0.0,0.0,95210.0,0.0
2023-12-25 04:00:00+05:30,14.2,86,2.56,0.69,0.0,0.0,0.0,0.0,95200.0,0.0
2023-12-25 05:00:00+05:30,14.0,87,2.14,1.0,0.0,0.0,0.0,0.0,95220.0,0.0
2023-12-25 06:00:00+05:30,14.2,84,1.43,0.73,0.0,0.0,0.0,0.0,95320.0,0.0
2023-12-25 07:00:00+05:30,14.0,88,1.3,1.0,7.0,1.0,6.0,15.8,95390.0,0.0
2023-12-25 08:00:00+05:30,17.3,75,0.9,0.99,125.0,62.0,63.0,328.1,95540.0,0.0
2023-12-25 09:00:00+05:30,20.5,65,0.72,0.95,325.0,225.0,100.0,581.0,95660.0,0.0
2023-12-25 10:00:00+05:30,23.2,56,1.39,0.82,512.0,387.0,125.0,702.9,95660.0,0.0
2023-12-25 11:00:00+05:30,25.4,50,1.94,0.77,650.0,504.0,146.0,754.8,95600.0,0.0
2023-12-25 12:00:00+05:30,27.0,45,2.12,0.33,736.0,604.0,132.0,826.5,95470.0,0.0
2023-12-25 13:00:00+05:30,28.3,41,2.18,0.0,746.0,621.0,125.0,844.3,95350.0,0.0
2023-12-25 14:00:00+05:30,29.0,38,2.34,0.0,685.0,576.0,109.0,845.3,95250.0,0.0
2023-12-25 15:00:00+05:30,29.1,37,2.42,0.0,553.0,453.0,100.0,791.4,95200.0,0.0
2023-12-25 16:00:00+05:30,28.5,38,2.3,0.0,369.0,285.0,84.0,685.6,95180.0,0.0
2023-12-25 17:00:00+05:30,25.6,53,1.56,0.0,163.0,106.0,57.0,477.3,95150.0,0.0
2023-12-25 18:00:00+05:30,22.5,55,2.14,0.0,15.0,6.0,9.0,74.4,95140.0,0.0
2023-12-25 19:00:00+05:30,21.4,59,1.94,0.0,0.0,0.0,0.0,0.0,95210.0,0.0
2023-12-25 20:00:00+05:30,19.5,67,2.8,0.0,0.0,0.0,0.0,0.0,95230.0,0.0
2023-12-25 21:00:00+05:30,19.5,66,2.19,0.0,0.0,0.0,0.0,0.0,95300.0,0.0
2023-12-25 22:00:00+05:30,21.2,58,1.66,0.0,0.0,0.0,0.0,0.0,95350.0,0.0
2023-12-25 23:00:00+05:30,18.9,68,1.77,0.0,0.0,0.0,0.0,0.0,95280.0,0.0
2023-12-26 00:00:00+05:30,16.4,80,2.33,0.0,0.0,0.0,0.0,0.0,95190.0,0.0
2023-12-26 01:00:00+05:30,15.8,84,2.37,0.0,0.0,0.0,0.0,0.0,95170.0,0.0
2023-12-26 02:00:00+05:30,15.8,85,2.24,0.0,0.0,0.0,0.0,0.0,95140.0,0.0
2023-12-26 03:00:00+05:30,14.8,89,2.08,0.0,0.0,0.0,0.0,0.0,95090.0,0.0
2023-12-26 04:00:00+05:30,14.4,90,1.7,0.0,0.0,0.0,0.0,0.0,95110.0,0.0
2023-12-26 05:00:00+05:30,14.0,91,1.4,0.0,0.0,0.0,0.0,0.0,95130.0,0.0
2023-12-26 06:00:00+05:30,14.6,90,1.43,0.0,0.0,0.0,0.0,0.0,95230.0,0.0
2023-12-26 07:00:00+05:30,14.0,94,1.12,0.0,7.0,2.0,5.0,32.0,95310.0,0.0
2023-12-26 08:00:00+05:30,17.2,80,0.94,0.0,131.0,81.0,50.0,431.9,95480.0,0.0
2023-12-26 09:00:00+05:30,20.5,68,0.61,0.0,336.0,252.0,84.0,652.7,95610.0,0.0
2023-12-26 10:00:00+05:30,23.8,56,0.85,0.0,525.0,425.0,100.0,773.1,95610.0,0.0
2023-12-26 11:00:00+05:30,26.4,47,1.12,0.0,668.0,559.0,109.0,837.7,95570.0,0.0
2023-12-26 12:00:00+05:30,28.0,43,1.39,0.0,746.0,632.0,114.0,864.7,95460.0,0.0
2023-12-26 13:00:00+05:30,29.2,39,1.48,0.0,751.0,637.0,114.0,865.5,95370.0,0.0
2023-12-26 14:00:00+05:30,30.0,36,1.49,0.0,684.0,575.0,109.0,842.6,95290.0,0.0
2023-12-26 15:00:00+05:30,30.2,32,1.57,0.0,552.0,452.0,100.0,787.8,95250.0,0.0
2023-12-26 16:00:00+05:30,29.6,32,1.41,0.0,370.0,285.0,85.0,682.8,95220.0,0.0
2023-12-26 17:00:00+05:30,27.0,53,1.81,0.0,166.0,109.0,57.0,486.6,95210.0,0.0
2023-12-26 18:00:00+05:30,24.5,44,2.05,0.0,16.0,7.0,9.0,85.7,95220.0,0.0
2023-12-26 19:00:00+05:30,21.1,54,2.69,0.0,0.0,0.0,0.0,0.0,95210.0,0.0
2023-12-26 20:00:00+05:30,20.9,55,2.06,0.0,0.0,0.0,0.0,0.0,95290.0,0.0
2023-12-26 21:00:00+05:30,22.2,49,0.58,0.0,0.0,0.0,0.0,0.0,95380.0,0.0
2023-12-26 22:00:00+05:30,18.4,64,0.78,0.0,0.0,0.0,0.0,0.0,95330.0,0.0
2023-12-26 23:00:00+05:30,17.7,67,1.08,0.0,0.0,0.0,0.0,0.0,95280.0,0.0
2023-12-27 00:00:00+05:30,15.9,78,1.75,0.02,0.0,0.0,0.0,0.0,95230.0,0.0
2023-12-27 01:00:00+05:30,17.4,71,0.73,0.02,0.0,0.0,0.0,0.0,95250.0,0.0
2023-12-27 02:00:00+05:30,15.4,79,0.72,0.0,0.0,0.0,0.0,0.0,95180.0,0.0
2023-12-27 03:00:00+05:30,15.6,75,0.73,0.0,0.0,0.0,0.0,0.0,95160.0,0.0
2023-12-27 04:00:00+05:30,15.9,72,0.22,0.0,0.0,0.0,0.0,0.0,95180.0,0.0
2023-12-27 05:00:00+05:30,15.3,76,0.64,0.0,0.0,0.0,0.0,0.0,95230.0,0.0
2023-12-27 06:00:00+05:30,15.6,80,1.02,0.07,0.0,0.0,0.0,0.0,95360.0,0.0
2023-12-27 07:00:00+05:30,14.8,85,1.12,0.0,6.0,2.0,4.0,32.4,95450.0,0.0
2023-12-27 08:00:00+05:30,17.6,74,0.73,0.03,129.0,79.0,50.0,424.5,95580.0,0.0
2023-12-27 09:00:00+05:30,21.0,61,0.94,0.05,333.0,249.0,84.0,646.8,95700.0,0.0
2023-12-27 10:00:00+05:30,24.0,52,1.7,0.08,523.0,419.0,104.0,763.2,95710.0,0.0
2023-12-27 11:00:00+05:30,26.6,44,1.99,0.24,667.0,555.0,112.0,832.1,95660.0,0.0
2023-12-27 12:00:00+05:30,28.5,38,2.53,0.54,737.0,607.0,130.0,830.3,95530.0,0.0
2023-12-27 13:00:00+05:30,29.5,33,2.94,0.32,736.0,585.0,151.0,794.1,95390.0,0.0
2023-12-27 14:00:00+05:30,29.8,31,3.18,0.28,680.0,551.0,129.0,806.1,95290.0,0.0
2023-12-27 15:00:00+05:30,29.6,31,3.16,0.05,549.0,432.0,117.0,751.0,95210.0,0.0
2023-12-27 16:00:00+05:30,29.0,32,2.85,0.01,377.0,290.0,87.0,691.8,95200.0,0.0
2023-12-27 17:00:00+05:30,26.3,43,1.8,0.32,170.0,113.0,57.0,500.1,95190.0,0.0
2023-12-27 18:00:00+05:30,23.2,47,2.2,0.04,17.0,7.0,10.0,84.7,95150.0,0.0
2023-12-27 19:00:00+05:30,21.4,53,2.3,0.91,0.0,0.0,0.0,0.0,95180.0,0.0
2023-12-27 20:00:00+05:30,20.5,59,2.91,0.13,0.0,0.0,0.0,0.0,95210.0,0.0
2023-12-27 21:00:00+05:30,22.6,50,1.35,0.18,0.0,0.0,0.0,0.0,95280.0,0.0
2023-12-27 22:00:00+05:30,21.9,53,0.58,0.96,0.0,0.0,0.0,0.0,95290.0,0.0
2023-12-27 23:00:00+05:30,18.0,71,1.66,1.0,0.0,0.0,0.0,0.0,95220.0,0.0
2023-12-28 00:00:00+05:30,16.4,80,2.27,0.59,0.0,0.0,0.0,0.0,95150.0,0.0
2023-12-28 01:00:00+05:30,16.0,82,2.5,0.45,0.0,0.0,0.0,0.0,95120.0,0.0
2023-12-28 02:00:00+05:30,15.4,85,2.79,0.85,0.0,0.0,0.0,0.0,95070.0,0.0
2023-12-28 03:00:00+05:30,15.3,86,2.69,0.8,0.0,0.0,0.0,0.0,95070.0,0.0
2023-12-28 04:00:00+05:30,14.9,87,2.69,0.36,0.0,0.0,0.0,0.0,95070.0,0.0
2023-12-28 05:00:00+05:30,14.9,86,1.7,0.92,0.0,0.0,0.0,0.0,95090.0,0.0
2023-12-28 06:00:00+05:30,14.8,97,1.78,0.01,0.0,0.0,0.0,0.0,95170.0,0.0
2023-12-28 07:00:00+05:30,15.2,96,1.39,0.16,6.0,1.0,5.0,16.4,95250.0,0.0
2023-12-28 08:00:00+05:30,18.3,86,1.72,0.27,126.0,75.0,51.0,406.0,95380.0,0.0
2023-12-28 09:00:00+05:30,21.4,73,1.53,0.02,329.0,242.0,87.0,630.4,95480.0,0.0
2023-12-28 10:00:00+05:30,24.0,62,1.39,0.16,520.0,416.0,104.0,758.7,95470.0,0.0
2023-12-28 11:00:00+05:30,26.0,55,1.7,0.73,664.0,551.0,113.0,826.4,95390.0,0.0
2023-12-28 12:00:00+05:30,27.8,49,2.0,0.48,743.0,623.0,120.0,851.9,95270.0,0.0
2023-12-28 13:00:00+05:30,29.0,44,2.41,0.0,752.0,636.0,116.0,862.5,95160.0,0.0
2023-12-28 14:00:00+05:30,29.8,41,2.42,0.0,688.0,577.0,111.0,842.7,95070.0,0.0
2023-12-28 15:00:00+05:30,29.8,40,2.35,0.0,556.0,454.0,102.0,787.1,95010.0,0.0
2023-12-28 16:00:00+05:30,29.1,42,2.42,0.03,373.0,286.0,87.0,679.3,95010.0,0.0
2023-12-28 17:00:00+05:30,27.3,49,2.12,0.02,167.0,109.0,58.0,478.1,95040.0,0.0
2023-12-28 18:00:00+05:30,24.2,49,2.28,0.05,17.0,7.0,10.0,83.6,95040.0,0.0
2023-12-28 19:00:00+05:30,22.1,57,1.9,0.83,0.0,0.0,0.0,0.0,95120.0,0.0
2023-12-28 20:00:00+05:30,21.1,61,1.9,0.98,0.0,0.0,0.0,0.0,95170.0,0.0
2023-12-28 21:00:00+05:30,19.2,72,2.62,1.0,0.0,0.0,0.0,0.0,95180.0,0.0
2023-12-28 22:00:00+05:30,21.3,61,1.3,0.97,0.0,0.0,0.0,0.0,95260.0,0.0
2023-12-28 23:00:00+05:30,19.1,70,0.72,1.0,0.0,0.0,0.0,0.0,95200.0,0.0
2023-12-29 00:00:00+05:30,17.9,75,1.1,1.0,0.0,0.0,0.0,0.0,95160.0,0.0
2023-12-29 01:00:00+05:30,17.5,76,1.32,1.0,0.0,0.0,0.0,0.0,95140.0,0.0
2023-12-29 02:00:00+05:30,18.2,73,0.58,0.97,0.0,0.0,0.0,0.0,95120.0,0.0
2023-12-29 03:00:00+05:30,17.6,76,0.89,0.99,0.0,0.0,0.0,0.0,95080.0,0.0
2023-12-29 04:00:00+05:30,17.2,78,1.0,0.99,0.0,0.0,0.0,0.0,95080.0,0.0
2023-12-29 05:00:00+05:30,16.9,80,0.58,1.0,0.0,0.0,0.0,0.0,95110.0,0.0
2023-12-29 06:00:00+05:30,15.9,87,0.6,0.88,0.0,0.0,0.0,0.0,95160.0,0.0
2023-12-29 07:00:00+05:30,15.4,90,0.54,0.94,6.0,1.0,5.0,16.6,95240.0,0.0
2023-12-29 08:00:00+05:30,17.0,85,0.64,0.86,123.0,66.0,57.0,359.9,95360.0,0.0
2023-12-29 09:00:00+05:30,20.2,72,1.22,0.78,326.0,231.0,95.0,603.4,95450.0,0.0
2023-12-29 10:00:00+05:30,23.4,58,1.82,0.58,522.0,416.0,106.0,759.6,95470.0,0.0
2023-12-29 11:00:00+05:30,25.8,49,2.1,0.03,656.0,525.0,131.0,787.6,95390.0,0.0
2023-12-29 12:00:00+05:30,27.7,42,2.4,0.0,751.0,636.0,115.0,869.3,95280.0,0.0
2023-12-29 13:00:00+05:30,28.9,37,2.4,0.0,760.0,645.0,115.0,873.7,95170.0,0.0
2023-12-29 14:00:00+05:30,29.5,35,2.3,0.0,696.0,586.0,110.0,854.3,95080.0,0.0
2023-12-29 15:00:00+05:30,29.7,34,2.2,0.0,564.0,464.0,100.0,802.1,95060.0,0.0
2023-12-29 16:00:00+05:30,29.2,36,2.06,0.18,380.0,294.0,86.0,695.1,95060.0,0.0
2023-12-29 17:00:00+05:30,26.7,45,1.78,0.0,171.0,112.0,59.0,486.7,95060.0,0.0
2023-12-29 18:00:00+05:30,21.8,47,3.26,0.0,18.0,8.0,10.0,94.3,94980.0,0.0
2023-12-29 19:00:00+05:30,20.6,49,2.97,0.0,0.0,0.0,0.0,0.0,95060.0,0.0
2023-12-29 20:00:00+05:30,19.0,55,2.98,0.0,0.0,0.0,0.0,0.0,95120.0,0.0
2023-12-29 21:00:00+05:30,18.5,60,3.1,0.0,0.0,0.0,0.0,0.0,95170.0,0.0
2023-12-29 22:00:00+05:30,20.8,52,2.1,0.0,0.0,0.0,0.0,0.0,95230.0,0.0
2023-12-29 23:00:00+05:30,20.3,54,0.64,0.0,0.0,0.0,0.0,0.0,95220.0,0.0
2023-12-30 00:00:00+05:30,16.4,69,1.57,0.0,0.0,0.0,0.0,0.0,95090.0,0.0
2023-12-30 01:00:00+05:30,15.4,73,1.77,0.0,0.0,0.0,0.0,0.0,95050.0,0.0
2023-12-30 02:00:00+05:30,16.5,67,1.35,0.0,0.0,0.0,0.0,0.0,95030.0,0.0
2023-12-30 03:00:00+05:30,15.4,72,1.34,0.0,0.0,0.0,0.0,0.0,94970.0,0.0
2023-12-30 04:00:00+05:30,16.3,68,0.98,0.0,0.0,0.0,0.0,0.0,94980.0,0.0
2023-12-30 05:00:00+05:30,15.9,69,0.76,0.0,0.0,0.0,0.0,0.0,95010.0,0.0
2023-12-30 06:00:00+05:30,14.4,91,1.3,0.0,0.0,0.0,0.0,0.0,95090.0,0.0
2023-12-30 07:00:00+05:30,14.1,95,1.24,0.0,5.0,1.0,4.0,16.8,95140.0,0.0
2023-12-30 08:00:00+05:30,17.0,86,0.5,0.0,123.0,73.0,50.0,400.8,95270.0,0.0
2023-12-30 09:00:00+05:30,20.0,78,0.58,0.0,326.0,240.0,86.0,628.5,95420.0,0.0
2023-12-30 10:00:00+05:30,23.2,66,1.3,0.0,517.0,413.0,104.0,754.9,95430.0,0.0
2023-12-30 11:00:00+05:30,25.8,56,1.49,0.0,662.0,548.0,114.0,822.2,95380.0,0.0
2023-12-30 12:00:00+05:30,27.6,50,1.24,0.0,743.0,625.0,118.0,853.8,95290.0,0.0
2023-12-30 13:00:00+05:30,28.8,44,0.86,0.0,751.0,634.0,117.0,857.8,95170.0,0.0
2023-12-30 14:00:00+05:30,29.2,42,0.95,0.0,686.0,572.0,114.0,832.2,95090.0,0.0
2023-12-30 15:00:00+05:30,29.2,40,1.22,0.01,555.0,450.0,105.0,775.6,95030.0,0.0
2023-12-30 16:00:00+05:30,28.8,40,1.33,0.0,374.0,285.0,89.0,670.6,95010.0,0.0
2023-12-30 17:00:00+05:30,26.5,63,1.62,0.0,171.0,111.0,60.0,477.8,95010.0,0.0
2023-12-30 18:00:00+05:30,22.8,45,2.14,0.0,19.0,8.0,11.0,93.0,94940.0,0.0
2023-12-30 19:00:00+05:30,24.1,41,1.0,0.0,0.0,0.0,0.0,0.0,95070.0,0.0
2023-12-30 20:00:00+05:30,20.5,54,1.97,0.0,0.0,0.0,0.0,0.0,95100.0,0.0
2023-12-30 21:00:00+05:30,22.1,46,0.9,0.0,0.0,0.0,0.0,0.0,95170.0,0.0
2023-12-30 22:00:00+05:30,21.5,49,0.22,0.0,0.0,0.0,0.0,0.0,95170.0,0.0
2023-12-30 23:00:00+05:30,17.1,69,1.82,0.33,0.0,0.0,0.0,0.0,95060.0,0.0
2023-12-31 00:00:00+05:30,16.2,76,1.72,0.85,0.0,0.0,0.0,0.0,95010.0,0.0
2023-12-31 01:00:00+05:30,17.0,71,0.82,0.94,0.0,0.0,0.0,0.0,95030.0,0.0
2023-12-31 02:00:00+05:30,16.6,74,0.5,0.95,0.0,0.0,0.0,0.0,94980.0,0.0
2023-12-31 03:00:00+05:30,15.4,81,0.92,0.83,0.0,0.0,0.0,0.0,94940.0,0.0
2023-12-31 04:00:00+05:30,15.4,81,0.61,0.9,0.0,0.0,0.0,0.0,94940.0,0.0
2023-12-31 05:00:00+05:30,15.7,79,1.21,0.44,0.0,0.0,0.0,0.0,94970.0,0.0
2023-12-31 06:00:00+05:30,15.8,73,1.08,0.03,0.0,0.0,0.0,0.0,95100.0,0.0
2023-12-31 07:00:00+05:30,13.9,85,1.4,0.0,5.0,1.0,4.0,17.0,95100.0,0.0
2023-12-31 08:00:00+05:30,17.5,69,1.2,0.03,123.0,73.0,50.0,403.6,95240.0,0.0
2023-12-31 09:00:00+05:30,21.0,62,1.34,0.0,324.0,240.0,84.0,629.9,95360.0,0.0
2023-12-31 10:00:00+05:30,24.1,58,1.55,0.0,514.0,412.0,102.0,753.7,95360.0,0.0
2023-12-31 11:00:00+05:30,26.8,52,2.04,0.01,658.0,545.0,113.0,817.7,95290.0,0.0
2023-12-31 12:00:00+05:30,28.5,42,2.38,0.0,737.0,620.0,117.0,846.4,95190.0,0.0
2023-12-31 13:00:00+05:30,29.5,37,2.19,0.0,748.0,631.0,117.0,852.6,95070.0,0.0
2023-12-31 14:00:00+05:30,30.0,35,1.55,0.0,686.0,574.0,112.0,833.4,94970.0,0.0
2023-12-31 15:00:00+05:30,30.0,34,0.58,0.0,557.0,454.0,103.0,780.1,94910.0,0.0
2023-12-31 16:00:00+05:30,29.5,35,0.73,0.05,377.0,289.0,88.0,676.7,94880.0,0.0
2023-12-31 17:00:00+05:30,26.8,57,1.6,0.01,172.0,112.0,60.0,477.5,94880.0,0.0
2023-12-31 18:00:00+05:30,23.2,57,2.12,0.0,19.0,8.0,11.0,91.8,94900.0,0.0
2023-12-31 19:00:00+05:30,22.1,59,1.75,0.0,0.0,0.0,0.0,0.0,94960.0,0.0
2023-12-31 20:00:00+05:30,23.0,55,0.45,0.01,0.0,0.0,0.0,0.0,95090.0,0.0
2023-12-31 21:00:00+05:30,21.0,63,1.14,0.0,0.0,0.0,0.0,0.0,95120.0,0.0
2023-12-31 22:00:00+05:30,18.3,76,1.39,0.0,0.0,0.0,0.0,0.0,95080.0,0.0
2023-12-31 23:00:00+05:30,17.1,84,1.66,0.0,0.0,0.0,0.0,0.0,95040.0,0.0
