timestamp,power_kw,ghi,dni,dhi,poa_global,temp_air,humidity,wind_speed,cloud_cover,zenith_deg,azimuth_solar_deg,is_anomaly,anomaly_type
2023-10-30 18:00:00+05:30,4.588364717933147,12.0,48.2,8.0,12.951851904646343,26.5,46,3.08,0.03,90.11524772642754,255.47215466121628,True,string_fault
2023-10-30 19:00:00+05:30,0.0,0.0,0.0,0.0,0.0,24.2,54,1.94,0.0,104.00830730580006,259.8907759982501,True,string_fault
2023-10-30 20:00:00+05:30,0.0,0.0,0.0,0.0,0.0,22.0,64,1.84,0.0,118.08454324787452,263.91144204911524,True,string_fault
2023-10-30 21:00:00+05:30,0.0,0.0,0.0,0.0,0.0,20.9,69,1.49,0.0,132.2654415877785,267.99375167307926,False,normal
2023-10-30 22:00:00+05:30,0.0,0.0,0.0,0.0,0.0,20.0,76,1.49,0.0,146.48046429729007,272.9144185348985,False,normal
2023-10-30 23:00:00+05:30,0.0,0.0,0.0,0.0,0.0,19.8,77,1.66,0.0,160.5958326271031,281.22738090744144,False,normal
2023-10-31 00:00:00+05:30,0.0,0.0,0.0,0.0,0.0,18.5,84,1.22,0.0,173.5240253313536,316.2051303047672,False,normal
2023-10-31 01:00:00+05:30,0.0,0.0,0.0,0.0,0.0,19.8,74,1.02,0.07,168.9727853672665,66.22814827554441,False,normal
2023-10-31 02:00:00+05:30,0.0,0.0,0.0,0.0,0.0,18.2,83,0.61,0.09,155.20113254133284,82.87303852495126,False,normal
2023-10-31 03:00:00+05:30,0.0,0.0,0.0,0.0,0.0,16.9,91,0.78,0.09,141.02354364151492,89.27890833055403,False,normal
2023-10-31 04:00:00+05:30,0.0,0.0,0.0,0.0,0.0,17.4,87,0.72,0.16,126.81892162877762,93.74384125594868,False,normal
2023-10-31 05:00:00+05:30,0.0,0.0,0.0,0.0,0.0,18.0,83,0.61,0.01,112.67997495608488,97.75079718484083,False,normal
2023-10-31 06:00:00+05:30,0.0,0.0,0.0,0.0,0.0,18.5,74,1.42,0.01,98.67692549760687,101.8898901499283,False,normal
2023-10-31 07:00:00+05:30,29.23761345656841,51.0,204.9,25.0,63.99762987708781,19.1,73,1.3,0.02,84.90128952481442,106.60241124422367,False,normal
2023-10-31 08:00:00+05:30,132.75232996094738,246.0,535.6,77.0,308.1983068591164,22.2,65,1.17,0.0,71.50168645888628,112.42143614812149,False,normal
2023-10-31 09:00:00+05:30,232.6015172708052,465.0,702.7,102.0,554.562458624934,25.2,54,2.21,0.0,58.749442290415786,120.17927313781983,False,normal
2023-10-31 10:00:00+05:30,309.342765803165,651.0,790.1,116.0,759.1151417752441,27.4,46,3.32,0.0,47.1836582618559,131.3015649401459,False,normal
2023-10-31 11:00:00+05:30,358.567746612534,782.0,836.8,124.0,901.8771264132894,28.8,38,3.52,0.0,37.915432479928576,148.00744842793847,False,normal
2023-10-31 12:00:00+05:30,390.71574960729583,843.0,855.9,127.0,968.1473125421558,29.6,36,3.22,0.02,32.950700486960464,171.76532892420528,False,normal
2023-10-31 13:00:00+05:30,375.4568982161611,827.0,846.5,129.0,950.2446655832404,30.1,35,2.83,0.08,34.2193965315672,198.13489878147675,False,normal
2023-10-31 14:00:00+05:30,347.6012033377822,742.0,821.5,125.0,857.9810364797266,30.7,35,1.91,0.64,41.14820422478636,219.21576848435384,False,normal
2023-10-31 15:00:00+05:30,205.6395723819106,456.0,428.2,190.0,515.5663388024293,30.4,36,1.4,1.0,51.49838848851575,233.44223236266384,False,normal
2023-10-31 16:00:00+05:30,111.9883247624582,238.0,250.2,127.0,268.5243642169536,29.7,41,1.02,0.58,63.61727610492137,243.0208679231129,False,normal
2023-10-31 17:00:00+05:30,78.71048081140225,147.0,329.6,71.0,184.0026863101981,27.8,58,1.5,0.02,76.66524131196752,249.87913311110265,False,normal
2023-10-31 18:00:00+05:30,5.328945953277185,13.0,61.1,8.0,14.307627439955176,24.4,51,2.33,0.0,90.23333927275556,255.16844891542664,True,string_fault
2023-10-31 19:00:00+05:30,0.0,0.0,0.0,0.0,0.0,25.6,44,1.6,0.0,104.1096952696171,259.5717072548973,True,string_fault
2023-10-31 20:00:00+05:30,0.0,0.0,0.0,0.0,0.0,21.6,62,2.2,0.0,118.17386142820078,263.5564757479023,True,string_fault
2023-10-31 21:00:00+05:30,0.0,0.0,0.0,0.0,0.0,21.0,62,1.88,0.07,132.34750764175442,267.56801893407663,True,string_fault
2023-10-31 22:00:00+05:30,0.0,0.0,0.0,0.0,0.0,20.2,64,2.31,0.17,146.56270853585468,272.34402703997046,True,string_fault
2023-10-31 23:00:00+05:30,0.0,0.0,0.0,0.0,0.0,19.7,66,2.6,0.49,160.69798002081734,280.2961842247215,True,string_fault
2023-11-01 00:00:00+05:30,0.0,0.0,0.0,0.0,0.0,21.6,53,1.7,0.63,173.76738147845236,314.2598222743675,False,normal
2023-11-01 01:00:00+05:30,0.0,0.0,0.0,0.0,0.0,21.1,55,0.85,0.95,169.1047551059151,67.78865504749501,False,normal
2023-11-01 02:00:00+05:30,0.0,0.0,0.0,0.0,0.0,19.0,66,0.64,0.87,155.26906121002628,83.63071991285653,False,normal
2023-11-01 03:00:00+05:30,0.0,0.0,0.0,0.0,0.0,17.4,74,1.12,0.86,141.082062776697,89.78653675185922,False,normal
2023-11-01 04:00:00+05:30,0.0,0.0,0.0,0.0,0.0,16.5,79,1.8,0.77,126.88078998004217,94.14161783740894,False,normal
2023-11-01 05:00:00+05:30,0.0,0.0,0.0,0.0,0.0,18.0,70,0.89,0.85,112.75124493428754,98.09355594890197,False,normal
2023-11-01 06:00:00+05:30,0.0,0.0,0.0,0.0,0.0,18.2,70,0.92,0.59,98.76227649979953,102.20604718887732,False,normal
2023-11-01 07:00:00+05:30,28.10222353085498,50.0,206.6,24.0,63.31328774088684,18.5,72,0.58,0.35,85.00578172299757,106.91007250150084,False,normal
2023-11-01 08:00:00+05:30,137.58883531074798,246.0,542.5,76.0,310.0280463907889,21.7,64,0.41,0.31,71.6319121795728,112.7337391147272,False,normal
2023-11-01 09:00:00+05:30,234.73036638231,464.0,708.0,100.0,555.4082307620207,24.5,57,1.53,0.29,58.91468181155207,120.5042773844317,False,normal
2023-11-01 10:00:00+05:30,308.04624663666414,651.0,796.3,114.0,761.3013677838253,26.9,49,2.62,0.0,47.39648016711448,131.63281338197447,False,normal
2023-11-01 11:00:00+05:30,359.32727778031017,783.0,843.8,122.0,905.2974627183372,28.4,43,2.65,0.0,38.18715786400078,148.29125310882876,False,normal
2023-11-01 12:00:00+05:30,385.0301089253219,845.0,863.8,125.0,972.6955513269974,29.4,39,2.12,0.0,33.26909144585365,171.86489730489143,False,normal
2023-11-01 13:00:00+05:30,371.3090242045612,831.0,863.1,122.0,957.6810348462474,30.0,36,1.75,0.0,34.5297797486341,197.977578506352,False,normal
2023-11-01 14:00:00+05:30,344.03730672534454,743.0,836.8,117.0,861.9551645889189,30.5,34,1.79,0.0,41.407942554888,218.92554300793324,False,normal
2023-11-01 15:00:00+05:30,282.2900299286447,588.0,779.5,106.0,692.5449652482439,30.5,33,2.3,0.0,51.70575159452834,233.12704200680383,False,normal
2023-11-01 16:00:00+05:30,193.75389404478776,384.0,668.9,89.0,466.7857202121411,29.5,35,2.47,0.0,63.783847278820375,242.71301951533576,False,normal
2023-11-01 17:00:00+05:30,90.74152158126866,163.0,455.6,59.0,214.1633621168599,26.9,51,1.52,0.0,76.80158534595624,249.5792090744728,False,normal
2023-11-01 18:00:00+05:30,6.188809769198853,13.0,61.9,8.0,14.38780755725232,24.6,41,2.02,0.0,90.34712519647944,254.86719142758972,False,normal
2023-11-01 19:00:00+05:30,0.0,0.0,0.0,0.0,0.0,22.8,47,2.51,0.0,104.20650473909578,259.2551336588225,False,normal
2023-11-01 20:00:00+05:30,0.0,0.0,0.0,0.0,0.0,23.4,45,2.0,0.0,118.25821485265698,263.2041707619278,False,normal
2023-11-01 21:00:00+05:30,0.0,0.0,0.0,0.0,0.0,22.0,52,2.0,0.0,132.42401917936473,267.1452089071758,False,normal
2023-11-01 22:00:00+05:30,0.0,0.0,0.0,0.0,0.0,21.3,55,2.15,0.0,146.63836402844942,271.7766283412419,False,normal
2023-11-01 23:00:00+05:30,0.0,0.0,0.0,0.0,0.0,20.8,58,2.5,0.0,160.79123435231412,279.3641243533755,False,normal
2023-11-02 00:00:00+05:30,0.0,0.0,0.0,0.0,0.0,22.5,50,1.58,0.0,173.99808493126795,312.1642655522924,False,normal
2023-11-02 01:00:00+05:30,0.0,0.0,0.0,0.0,0.0,21.9,53,0.72,0.0,169.23013825256567,69.36035326131821,False,normal
2023-11-02 02:00:00+05:30,0.0,0.0,0.0,0.0,0.0,21.1,56,0.51,0.0,155.3355043674327,84.38165463533801,False,normal
2023-11-02 03:00:00+05:30,0.0,0.0,0.0,0.0,0.0,20.4,59,1.46,0.13,141.1408169091655,90.28848865213064,False,normal
2023-11-02 04:00:00+05:30,0.0,0.0,0.0,0.0,0.0,18.8,68,1.75,0.89,126.94370732813172,94.5345368407598,False,normal
2023-11-02 05:00:00+05:30,0.0,0.0,0.0,0.0,0.0,18.9,68,1.49,0.78,112.82401781425966,98.43181959460397,False,normal
2023-11-02 06:00:00+05:30,0.0,0.0,0.0,0.0,0.0,17.4,75,1.02,0.11,98.84938855981368,102.51771851310356,False,normal
2023-11-02 07:00:00+05:30,29.24208478426824,50.0,208.4,24.0,63.76383642664391,17.9,78,0.78,0.01,85.11214618978401,107.21291877881129,False,normal
2023-11-02 08:00:00+05:30,136.39295028188363,246.0,549.6,75.0,311.9040424731319,21.2,69,0.51,0.0,71.76395977905405,113.04047738613713,False,normal
2023-11-02 09:00:00+05:30,233.43542407552133,464.0,713.5,99.0,557.4326573893899,24.2,58,1.17,0.0,59.08144053020443,120.822361418781,False,normal
2023-11-02 10:00:00+05:30,312.1907715958147,649.0,795.1,115.0,760.6967809871003,26.5,54,2.02,0.46,47.61003699444922,131.95500923457746,False,normal
2023-11-02 11:00:00+05:30,360.2573826904113,778.0,840.6,122.0,901.3705568517812,28.3,49,2.3,0.71,38.45796468308141,148.5639885059441,False,normal
2023-11-02 12:00:00+05:30,384.01985296238433,838.0,856.2,127.0,966.3359385503256,29.5,45,2.0,0.86,33.58423704324243,171.95596792169454,False,normal
2023-11-02 13:00:00+05:30,371.9759236321589,823.0,852.9,125.0,949.985372395479,30.1,42,1.6,0.57,34.835737680836715,197.8192317299358,False,normal
2023-11-02 14:00:00+05:30,336.48114785065366,737.0,832.1,117.0,856.7985507861017,30.4,40,1.33,0.57,41.66337096464264,218.6378933934781,False,normal
2023-11-02 15:00:00+05:30,280.8599772635504,588.0,786.4,104.0,694.8027581239786,30.4,39,1.17,0.57,51.90899661669392,232.8148327272998,False,normal
2023-11-02 16:00:00+05:30,190.73287979624996,383.0,670.5,89.0,467.27107605401,29.8,40,1.08,0.83,63.94631748273899,242.40793843685572,False,normal
2023-11-02 17:00:00+05:30,91.15850679310628,160.0,442.4,60.0,210.69118912470043,27.6,61,1.5,0.95,76.93372936130423,249.2818760512233,False,normal
2023-11-02 18:00:00+05:30,6.339153613388276,13.0,50.2,9.0,14.271581156658335,28.1,37,0.36,0.93,90.45653327334344,254.56847269913916,False,normal
2023-11-02 19:00:00+05:30,0.0,0.0,0.0,0.0,0.0,24.7,52,1.52,0.94,104.29867965522172,258.9411746637289,False,normal
2023-11-02 20:00:00+05:30,0.0,0.0,0.0,0.0,0.0,23.0,61,1.84,0.86,118.33756451367437,262.8546906614,False,normal
2023-11-02 21:00:00+05:30,0.0,0.0,0.0,0.0,0.0,21.9,68,1.84,0.81,132.49495612005498,266.7255692338936,False,normal
2023-11-02 22:00:00+05:30,0.0,0.0,0.0,0.0,0.0,20.5,74,2.14,0.31,146.70743140420916,271.21268088576943,False,normal
2023-11-02 23:00:00+05:30,0.0,0.0,0.0,0.0,0.0,22.2,63,1.17,0.14,160.87559361540826,278.4325115310222,False,normal
2023-11-03 00:00:00+05:30,0.0,0.0,0.0,0.0,0.0,21.7,64,0.2,0.21,174.2151617057052,309.912338169476,False,normal
2023-11-03 01:00:00+05:30,0.0,0.0,0.0,0.0,0.0,19.0,78,0.92,0.3,169.3490335354743,70.94132888215307,False,normal
2023-11-03 02:00:00+05:30,0.0,0.0,0.0,0.0,0.0,18.3,79,1.39,0.81,155.40059821306295,85.12550136388307,False,normal
2023-11-03 03:00:00+05:30,0.0,0.0,0.0,0.0,0.0,18.2,79,1.71,0.1,141.19989573633598,90.7845919519284,False,normal
2023-11-03 04:00:00+05:30,0.0,0.0,0.0,0.0,0.0,19.5,71,1.68,0.12,127.00773114044112,94.92246600836631,False,normal
2023-11-03 05:00:00+05:30,0.0,0.0,0.0,0.0,0.0,19.4,71,1.35,0.37,112.89832503323818,98.76546960004192,False,normal
2023-11-03 06:00:00+05:30,0.0,0.0,0.0,0.0,0.0,19.0,74,0.92,1.0,98.93826862171927,102.8247899975405,False,normal
2023-11-03 07:00:00+05:30,27.312241170212356,48.0,186.0,25.0,60.65279577821563,19.4,75,0.54,0.99,85.22036394958018,107.51083629757504,False,normal
2023-11-03 08:00:00+05:30,130.93503300092004,238.0,514.7,79.0,301.1039156865573,22.5,67,0.67,0.86,71.89778041622247,113.34153830945117,False,normal
2023-11-03 09:00:00+05:30,233.74391551684977,457.0,699.4,101.0,550.093772246759,25.2,58,1.6,0.43,59.24963380421259,121.13342589382523,False,normal
2023-11-03 10:00:00+05:30,307.17483224281455,641.0,784.9,116.0,752.7378258826993,27.4,52,2.51,0.34,47.824204556282254,132.2681095191606,False,normal
2023-11-03 11:00:00+05:30,353.57393018173934,770.0,829.7,125.0,893.5546257560908,29.1,45,3.01,0.97,38.727705376403854,148.82575136361362,False,normal
2023-11-03 12:00:00+05:30,383.344530742652,840.0,864.1,125.0,970.827411630741,30.1,41,2.72,0.9,33.89601391156887,172.03869794862976,False,normal
2023-11-03 13:00:00+05:30,374.4227240828747,819.0,846.2,129.0,946.7995854285524,30.7,38,2.41,0.95,35.13716273053608,197.65982732122177,False,normal
2023-11-03 14:00:00+05:30,338.9450401327403,730.0,811.2,128.0,849.2751260149284,31.0,36,2.26,0.97,41.914371716264576,218.35275899504063,False,normal
2023-11-03 15:00:00+05:30,277.2492327582176,582.0,773.6,108.0,688.849752992309,31.0,35,2.11,0.97,52.10801004579144,232.5056020697483,False,normal
2023-11-03 16:00:00+05:30,193.73805295365517,380.0,660.6,92.0,464.6065168170183,30.4,37,1.7,0.53,64.10458704730016,242.10566598170652,False,normal
2023-11-03 17:00:00+05:30,93.27442430393278,162.0,464.7,58.0,216.02980809700148,27.6,56,1.72,0.85,77.0615899398412,248.9872042321495,False,normal
2023-11-03 18:00:00+05:30,5.887557088482011,12.0,50.9,8.0,13.230281555278436,26.9,41,1.17,0.84,90.5614966551362,254.2723874672008,False,normal
2023-11-03 19:00:00+05:30,0.0,0.0,0.0,0.0,0.0,23.4,54,1.91,0.87,104.38617003351108,258.6299539148432,False,normal
2023-11-03 20:00:00+05:30,0.0,0.0,0.0,0.0,0.0,25.5,42,0.86,0.96,118.41187835119815,262.50820341820184,False,normal
2023-11-03 21:00:00+05:30,0.0,0.0,0.0,0.0,0.0,24.3,46,0.71,0.92,132.5603066741643,266.3093525939639,False,normal
2023-11-03 22:00:00+05:30,0.0,0.0,0.0,0.0,0.0,21.1,60,1.53,1.0,146.7699223994553,270.6526505179699,False,normal
2023-11-03 23:00:00+05:30,0.0,0.0,0.0,0.0,0.0,22.6,52,0.32,0.65,160.9510768607964,277.5026928333655,False,normal
2023-11-04 00:00:00+05:30,0.0,0.0,0.0,0.0,0.0,21.0,61,2.0,0.96,174.4175965746615,307.4998865994945,False,normal
2023-11-04 01:00:00+05:30,0.0,0.0,0.0,0.0,0.0,20.0,66,2.15,0.96,169.46155603710656,72.52960143717803,False,normal
2023-11-04 02:00:00+05:30,0.0,0.0,0.0,0.0,0.0,18.9,71,2.6,0.89,155.4644768146605,85.86192501052199,False,normal
2023-11-04 03:00:00+05:30,0.0,0.0,0.0,0.0,0.0,19.7,64,1.88,0.17,141.25938460853456,91.2746747874616,False,normal
2023-11-04 04:00:00+05:30,0.0,0.0,0.0,0.0,0.0,20.1,61,1.34,0.0,127.07291374874194,95.30527240997958,False,normal
2023-11-04 05:00:00+05:30,0.0,0.0,0.0,0.0,0.0,20.0,61,0.91,0.36,112.97419241155686,99.0943869201418,False,normal
2023-11-04 06:00:00+05:30,0.0,0.0,0.0,0.0,0.0,20.0,66,1.13,0.95,99.02891766876095,103.1271475059712,False,normal
2023-11-04 07:00:00+05:30,26.907074890896038,47.0,187.6,24.0,59.92341372421598,20.1,68,0.91,0.95,85.33040984779001,107.803712106952,False,normal
2023-11-04 08:00:00+05:30,128.34497958716574,237.0,525.0,76.0,302.0959283516713,22.8,62,0.73,0.9,72.03331905892709,113.63681140014478,False,normal
2023-11-04 09:00:00+05:30,228.3832724355946,453.0,693.0,102.0,546.5934633825138,25.5,53,2.11,0.96,59.41917123668911,121.43737569368096,False,normal
2023-11-04 10:00:00+05:30,302.44367647529,636.0,779.2,117.0,748.424685578033,27.5,48,3.21,0.78,48.038854273519455,132.57207768130274,False,normal
2023-11-04 11:00:00+05:30,354.0691368937227,765.0,826.4,125.0,889.5107784305933,29.1,46,3.81,0.91,38.99623038808237,149.07664296555993,False,normal
2023-11-04 12:00:00+05:30,368.6248084926279,826.0,850.3,125.0,956.1974049240248,30.1,43,3.41,0.63,34.20429793113423,172.11324505120342,False,normal
2023-11-04 13:00:00+05:30,369.3172644275763,812.0,838.3,131.0,940.2852272717308,30.6,41,3.01,0.51,35.43394774486508,197.4993436148139,False,normal
2023-11-04 14:00:00+05:30,323.1136929833803,692.0,771.1,122.0,806.1106857169555,30.7,41,2.6,0.19,42.16082958796198,218.07008858512643,False,normal
2023-11-04 15:00:00+05:30,255.18482959392708,545.0,696.7,120.0,643.401279144503,30.7,39,2.01,0.19,52.302681983417,232.19935389152445,False,normal
2023-11-04 16:00:00+05:30,173.77339931201334,346.0,581.3,94.0,421.55821812111685,30.2,40,1.3,0.41,64.25856059484582,241.8062481730309,False,normal
2023-11-04 17:00:00+05:30,83.59920671362455,147.0,410.5,56.0,195.21020480090036,28.9,56,0.92,0.13,77.18508854982463,248.6952678081961,False,normal
2023-11-04 18:00:00+05:30,5.28865595905331,11.0,51.6,7.0,12.18850110294295,26.3,49,1.94,0.26,90.66195397353826,253.9790341213763,False,normal
2023-11-04 19:00:00+05:30,0.0,0.0,0.0,0.0,0.0,26.7,44,0.32,0.03,104.4689320277819,258.32159857751054,False,normal
2023-11-04 20:00:00+05:30,0.0,0.0,0.0,0.0,0.0,23.5,59,1.1,0.61,118.48113128893372,262.16488055953005,False,normal
2023-11-04 21:00:00+05:30,0.0,0.0,0.0,0.0,0.0,23.1,60,1.22,1.0,132.62006735261664,265.8968154654912,False,normal
2023-11-04 22:00:00+05:30,0.0,0.0,0.0,0.0,0.0,21.1,71,1.8,1.0,146.82585985052043,270.09700804720194,False,normal
2023-11-04 23:00:00+05:30,0.0,0.0,0.0,0.0,0.0,20.5,74,1.7,1.0,161.01772442992,276.5760423278962,False,normal
2023-11-05 00:00:00+05:30,0.0,0.0,0.0,0.0,0.0,20.5,74,1.27,0.99,174.60435113056968,304.9254476067422,False,normal
2023-11-05 01:00:00+05:30,0.0,0.0,0.0,0.0,0.0,19.8,76,0.72,0.98,169.56783748381204,74.12313765575084,False,normal
2023-11-05 02:00:00+05:30,0.0,0.0,0.0,0.0,0.0,18.9,79,1.25,1.0,155.52727216013108,86.59059725490926,False,normal
2023-11-05 03:00:00+05:30,0.0,0.0,0.0,0.0,0.0,18.0,82,1.02,1.0,141.31936470434704,91.75856590163198,False,normal
2023-11-05 04:00:00+05:30,0.0,0.0,0.0,0.0,0.0,17.6,84,1.82,0.99,127.13930257226896,95.68282283693264,False,normal
2023-11-05 05:00:00+05:30,0.0,0.0,0.0,0.0,0.0,19.4,71,1.43,1.0,113.05164041938286,99.41845237998392,False,normal
2023-11-05 06:00:00+05:30,0.0,0.0,0.0,0.0,0.0,18.6,84,1.99,1.0,99.1213310375744,103.42467728754532,False,normal
2023-11-05 07:00:00+05:30,21.17118799123711,41.0,90.6,30.0,47.49434497489755,20.7,76,1.58,1.0,85.44225292034639,108.09143448678724,False,normal
2023-11-05 08:00:00+05:30,101.46746541131898,198.0,266.1,117.0,232.92920807388796,23.2,68,1.08,1.0,72.17051492905202,113.92618873646067,False,normal
2023-11-05 09:00:00+05:30,201.6925660948004,407.0,482.2,164.0,476.7136106266001,25.8,59,1.94,1.0,59.58995721053839,121.73412025769682,False,normal
2023-11-05 10:00:00+05:30,287.43297637360365,599.0,648.3,169.0,697.4824662851407,27.9,53,2.8,1.0,48.25385378557297,132.8668836793259,False,normal
2023-11-05 11:00:00+05:30,329.5935325091058,723.0,690.9,190.0,832.974922435571,29.5,45,3.21,1.0,39.26338874822498,149.31676889807937,False,normal
2023-11-05 12:00:00+05:30,362.65831742366953,794.0,742.7,184.0,913.5425831342802,30.5,41,3.03,0.99,34.50896470363016,172.17976707448588,False,normal
2023-11-05 13:00:00+05:30,353.2005778014672,790.0,774.7,163.0,912.5006397302922,31.0,39,3.01,0.66,35.72598632644582,197.3377674437472,False,normal
2023-11-05 14:00:00+05:30,328.2693366038735,694.0,755.1,138.0,808.4691347043295,31.3,37,2.69,1.0,42.40263199572798,217.7898395168466,False,normal
2023-11-05 15:00:00+05:30,274.9237065994434,564.0,736.0,117.0,669.1398135893094,31.2,36,2.19,0.83,52.49290617154519,231.89609776435455,False,normal
2023-11-05 16:00:00+05:30,182.48990023176103,360.0,617.0,94.0,441.4790317693031,30.8,38,1.43,0.7,64.40814701773105,241.50973526154104,False,normal
2023-11-05 17:00:00+05:30,79.79789443454592,140.0,391.6,54.0,186.51140292737,30.5,35,0.9,0.08,77.30415148126576,248.40614448983456,False,normal
2023-11-05 18:00:00+05:30,4.796314644597772,10.0,39.2,7.0,10.91858717236212,29.2,40,0.22,0.97,90.75784924391692,253.688514201482,False,normal
2023-11-05 19:00:00+05:30,0.0,0.0,0.0,0.0,0.0,25.4,59,1.68,1.0,104.54692780702334,258.0162387639325,False,normal
2023-11-05 20:00:00+05:30,0.0,0.0,0.0,0.0,0.0,25.4,52,2.01,0.97,118.54530507890084,261.82489643691395,False,normal
2023-11-05 21:00:00+05:30,0.0,0.0,0.0,0.0,0.0,24.9,45,1.66,0.37,132.67424277692862,265.48821702909123,False,normal
2023-11-05 22:00:00+05:30,0.0,0.0,0.0,0.0,0.0,22.5,55,2.43,0.06,146.87527745626898,269.54622700213554,False,normal
2023-11-05 23:00:00+05:30,0.0,0.0,0.0,0.0,0.0,24.2,42,1.8,0.01,161.0755978245972,275.65395116309,False,normal
2023-11-06 00:00:00+05:30,0.0,0.0,0.0,0.0,0.0,23.6,44,1.39,0.1,174.77438879543098,302.1910262110822,False,normal
2023-11-06 01:00:00+05:30,0.0,0.0,0.0,0.0,0.0,22.1,50,1.78,0.94,169.66802641179345,75.71986536646273,False,normal
2023-11-06 02:00:00+05:30,0.0,0.0,0.0,0.0,0.0,19.9,62,2.3,0.99,155.589114290421,87.31119669663883,False,normal
2023-11-06 03:00:00+05:30,0.0,0.0,0.0,0.0,0.0,19.0,66,2.56,0.98,141.37991329022512,92.2360948009174,False,normal
2023-11-06 04:00:00+05:30,0.0,0.0,0.0,0.0,0.0,18.7,67,2.39,1.0,127.20694042783332,96.0549840081552,False,normal
2023-11-06 05:00:00+05:30,0.0,0.0,0.0,0.0,0.0,18.8,66,1.98,0.97,113.1306845208682,99.7375469015775,False,normal
2023-11-06 06:00:00+05:30,0.0,0.0,0.0,0.0,0.0,19.1,66,1.63,1.0,99.21549880020868,103.71726621326184,False,normal
2023-11-06 07:00:00+05:30,22.12574108158366,42.0,116.3,28.0,50.52152681200396,19.7,69,1.2,1.0,85.555856823982,108.37389318401812,False,normal
2023-11-06 08:00:00+05:30,113.48395821107808,215.0,384.0,99.0,265.6685863257748,22.5,63,0.64,1.0,72.3093019881693,114.20956517304865,False,normal
2023-11-06 09:00:00+05:30,212.04609056197503,424.0,570.5,138.0,505.9258210216431,25.2,57,1.61,1.0,59.76189143809158,122.0235736981772,False,normal
2023-11-06 10:00:00+05:30,290.2214052968496,608.0,679.9,159.0,711.878777266081,27.6,51,3.01,1.0,48.46906753815646,133.15250384059323,False,normal
2023-11-06 11:00:00+05:30,345.8656693868392,750.0,791.1,142.0,873.3930171793161,29.4,43,3.71,0.96,39.529028587812206,149.54623858196527,False,normal
2023-11-06 12:00:00+05:30,369.8566550282114,806.0,791.9,158.0,932.830004041195,30.4,38,3.6,0.65,34.80988991442666,172.2384215590215,False,normal
2023-11-06 13:00:00+05:30,362.8717738105629,807.0,847.0,124.0,938.9279347491928,31.0,36,3.2,0.42,36.01317301080026,197.1750931419059,False,normal
2023-11-06 14:00:00+05:30,331.4532194907068,720.0,820.7,118.0,844.0670810669433,31.3,35,2.73,0.96,42.63966899103104,217.5119769293837,False,normal
2023-11-06 15:00:00+05:30,256.70586415412185,542.0,649.9,149.0,638.5831299113302,31.1,35,2.15,1.0,52.67857991057718,231.5958484392388,False,normal
2023-11-06 16:00:00+05:30,155.84955974697124,321.0,394.2,152.0,376.86984197460856,30.4,38,1.41,1.0,64.55325934910826,241.2161812882885,False,normal
2023-11-06 17:00:00+05:30,61.42921812551206,123.0,160.8,88.0,143.12653477527363,28.2,62,1.77,1.0,77.4187096862506,248.11991509627904,False,normal
2023-11-06 18:00:00+05:30,4.4705832155215575,10.0,13.2,9.0,10.099736665412149,24.5,51,2.45,1.0,90.84913167639588,253.40093196668792,False,normal
2023-11-06 19:00:00+05:30,0.0,0.0,0.0,0.0,0.0,24.3,46,2.35,1.0,104.62012534053116,257.714007036,False,normal
2023-11-06 20:00:00+05:30,0.0,0.0,0.0,0.0,0.0,22.6,47,2.16,0.99,118.6043880584576,261.48842758276595,False,normal
2023-11-06 21:00:00+05:30,0.0,0.0,0.0,0.0,0.0,21.4,54,2.92,1.0,132.72284539945122,265.08381818020746,False,normal
2023-11-06 22:00:00+05:30,0.0,0.0,0.0,0.0,0.0,21.2,53,2.47,0.99,146.91821944037736,269.00078153814667,False,normal
2023-11-06 23:00:00+05:30,0.0,0.0,0.0,0.0,0.0,23.5,42,1.93,1.0,161.124779347154,274.7378176928407,False,normal
2023-11-07 00:00:00+05:30,0.0,0.0,0.0,0.0,0.0,22.9,44,1.84,1.0,174.92670738071484,299.3028633996629,False,normal
2023-11-07 01:00:00+05:30,0.0,0.0,0.0,0.0,0.0,22.4,47,1.92,0.92,169.76228815795565,77.31768792801336,False,normal
2023-11-07 02:00:00+05:30,0.0,0.0,0.0,0.0,0.0,19.6,61,2.19,1.0,155.65013142877498,88.02340885324259,False,normal
2023-11-07 03:00:00+05:30,0.0,0.0,0.0,0.0,0.0,19.5,63,1.88,1.0,141.4411039735565,92.70709182391084,False,normal
2023-11-07 04:00:00+05:30,0.0,0.0,0.0,0.0,0.0,18.2,71,1.97,0.98,127.27586582610591,96.42162270862764,False,normal
2023-11-07 05:00:00+05:30,0.0,0.0,0.0,0.0,0.0,18.1,72,1.92,1.0,113.21133550790285,100.05155167065816,False,normal
2023-11-07 06:00:00+05:30,0.0,0.0,0.0,0.0,0.0,18.4,75,1.75,1.0,99.3114061323322,104.00480195659634,False,normal
2023-11-07 07:00:00+05:30,24.59665990815865,43.0,167.8,23.0,55.15880444324019,19.7,71,0.81,1.0,85.67118024520563,108.6509795947523,False,normal
2023-11-07 08:00:00+05:30,122.48880960782203,227.0,500.5,77.0,292.035357401801,22.5,66,0.41,1.0,72.44960939576637,114.48683849791706,False,normal
2023-11-07 09:00:00+05:30,221.445516854392,439.0,669.8,105.0,533.3851974081458,24.9,63,1.3,1.0,59.93486947173324,122.3056548605673,False,normal
2023-11-07 10:00:00+05:30,293.6125478655031,622.0,763.4,120.0,736.4322022696804,26.9,60,1.96,0.96,48.68435732065586,133.42892066966658,False,normal
2023-11-07 11:00:00+05:30,343.6398023477433,743.0,788.9,139.0,867.0965835772377,28.8,54,2.4,0.97,39.792997593234446,149.76516480906662,False,normal
2023-11-07 12:00:00+05:30,379.1959834377217,808.0,832.8,129.0,940.1721479329486,30.1,47,2.12,0.97,35.10694964465068,172.28936532987495,False,normal
2023-11-07 13:00:00+05:30,358.1047613790396,798.0,832.7,129.0,929.5778801346815,30.9,43,1.93,0.96,36.29540342520462,197.01132169291012,False,normal
2023-11-07 14:00:00+05:30,325.088057713366,701.0,780.0,131.0,821.3643671856756,31.0,42,2.11,0.99,42.87183326254234,217.236473052156,False,normal
2023-11-07 15:00:00+05:30,259.68292461951137,547.0,714.1,117.0,651.5217711898991,31.0,41,1.86,0.98,52.8596039945184,231.2986253777903,False,normal
2023-11-07 16:00:00+05:30,139.19910763244448,279.0,408.0,105.0,334.5862278846356,30.2,44,1.63,0.8,64.693814667562,240.92564370303276,False,normal
2023-11-07 17:00:00+05:30,75.35030414626098,134.0,333.8,62.0,175.64318702226325,28.7,52,1.28,0.11,77.52869865843672,247.83666318958075,False,normal
2023-11-07 18:00:00+05:30,4.106096447296737,9.0,26.8,7.0,9.314109941170468,27.5,47,2.02,0.22,90.9357555351687,253.1163940057141,False,normal
2023-11-07 19:00:00+05:30,0.0,0.0,0.0,0.0,0.0,25.6,56,2.2,0.99,104.68849823074048,257.4150379462,False,normal
2023-11-07 20:00:00+05:30,0.0,0.0,0.0,0.0,0.0,27.2,50,1.58,0.71,118.65837495738032,261.15565210754846,False,normal
2023-11-07 21:00:00+05:30,0.0,0.0,0.0,0.0,0.0,26.1,57,1.2,0.98,132.76589526769894,264.6838805910183,False,normal
2023-11-07 22:00:00+05:30,0.0,0.0,0.0,0.0,0.0,26.0,52,1.75,0.86,146.95474023266468,268.4611444223579,False,normal
2023-11-07 23:00:00+05:30,0.0,0.0,0.0,0.0,0.0,23.4,66,2.72,0.88,161.16537164038584,273.8290376616913,False,normal
2023-11-08 00:00:00+05:30,0.0,0.0,0.0,0.0,0.0,23.2,72,2.33,1.0,175.06037898675325,296.2720966162491,False,normal
2023-11-08 01:00:00+05:30,0.0,0.0,0.0,0.0,0.0,22.8,73,1.49,0.93,169.8508045832187,78.91449943870714,False,normal
2023-11-08 02:00:00+05:30,0.0,0.0,0.0,0.0,0.0,22.5,74,1.52,0.56,155.7104500063553,88.72692619794122,False,normal
2023-11-08 03:00:00+05:30,0.0,0.0,0.0,0.0,0.0,22.1,77,1.9,0.2,141.5030068567175,93.17138824472988,False,normal
2023-11-08 04:00:00+05:30,0.0,0.0,0.0,0.0,0.0,21.9,80,1.84,0.54,127.3461131694882,96.7826059559236,False,normal
2023-11-08 05:00:00+05:30,0.0,0.0,0.0,0.0,0.0,21.4,84,1.3,0.82,113.29359972384576,100.36034833282169,False,normal
2023-11-08 06:00:00+05:30,0.0,0.0,0.0,0.0,0.0,22.6,77,1.43,0.21,99.40903357276808,104.28717320446646,False,normal
2023-11-08 07:00:00+05:30,20.43037301709333,37.0,135.5,21.0,46.720118187041365,23.4,78,1.77,0.76,85.78817719913219,108.92258698157042,False,normal
2023-11-08 08:00:00+05:30,96.39674479611683,187.0,289.2,101.0,226.0075484692925,25.2,73,1.12,1.0,72.59136186231234,114.7579096310248,False,normal
2023-11-08 09:00:00+05:30,197.88537066335596,394.0,499.9,146.0,467.93977085396136,27.0,67,2.9,1.0,60.10878311523528,122.58028743906324,False,normal
2023-11-08 10:00:00+05:30,274.01180085633433,568.0,572.7,193.0,659.5114071140414,28.3,60,4.46,1.0,48.89958270657018,133.69612275505256,False,normal
2023-11-08 11:00:00+05:30,277.3639063682709,622.0,515.3,229.0,708.0690525897397,28.9,58,3.79,1.0,40.05514338472932,149.97366346306796,False,normal
2023-11-08 12:00:00+05:30,325.48250637316664,711.0,650.0,183.0,818.6198547185322,30.0,54,3.99,1.0,35.400020660114514,172.332754328462,False,normal
2023-11-08 13:00:00+05:30,325.9904498299712,717.0,668.3,182.0,827.2138365976841,28.4,63,2.88,1.0,36.57257448806778,196.84646013848703,False,normal
2023-11-08 14:00:00+05:30,233.20616736868837,512.0,376.4,238.0,573.5224701348336,29.7,55,2.22,0.92,43.09902023121676,216.96330670018824,False,normal
2023-11-08 15:00:00+05:30,232.1337102342841,498.0,578.6,151.0,585.9405640626646,30.2,52,2.52,0.79,53.03588276538025,231.0044524060134,False,normal
2023-11-08 16:00:00+05:30,148.0226863873541,294.0,398.3,125.0,350.2888204449248,28.4,57,2.0,0.94,64.82973412746168,240.638183062027,False,normal
2023-11-08 17:00:00+05:30,62.55446081118767,115.0,219.7,68.0,142.82049464986974,27.4,64,1.02,1.0,77.63405844314885,247.5564747666987,False,normal
2023-11-08 18:00:00+05:30,3.116441291995387,7.0,0.0,7.0,6.871523355274778,22.5,92,1.03,1.0,91.01768012709354,252.8350088919873,False,normal
2023-11-08 19:00:00+05:30,0.0,0.0,0.0,0.0,0.0,22.5,94,1.82,1.0,104.75202568688344,257.1194676211271,False,normal
2023-11-08 20:00:00+05:30,0.0,0.0,0.0,0.0,0.0,22.0,95,1.99,1.0,118.70726684011576,260.82674913806903,False,normal
2023-11-08 21:00:00+05:30,0.0,0.0,0.0,0.0,0.0,20.9,97,1.68,0.62,132.80341992242344,264.28866582316994,False,normal
2023-11-08 22:00:00+05:30,0.0,0.0,0.0,0.0,0.0,20.8,96,0.36,0.19,146.9849042669495,267.9277851069656,False,normal
2023-11-08 23:00:00+05:30,0.0,0.0,0.0,0.0,0.0,20.4,98,0.4,0.17,161.19749721778248,272.92899459192046,False,normal
2023-11-09 00:00:00+05:30,0.0,0.0,0.0,0.0,0.0,20.6,99,0.32,1.0,175.1745957288823,293.115191543576,False,normal
2023-11-09 01:00:00+05:30,0.0,0.0,0.0,0.0,0.0,19.6,100,0.57,1.0,169.93377346095397,80.50820045767892,False,normal
2023-11-09 02:00:00+05:30,0.0,0.0,0.0,0.0,0.0,20.1,100,1.13,1.0,155.77019451574222,89.42144825036729,False,normal
2023-11-09 03:00:00+05:30,0.0,0.0,0.0,0.0,0.0,19.8,100,1.32,1.0,141.56568851082625,93.62881642598325,False,normal
2023-11-09 04:00:00+05:30,0.0,0.0,0.0,0.0,0.0,19.0,99,1.33,1.0,127.41771277272174,97.13780120825244,False,normal
2023-11-09 05:00:00+05:30,0.0,0.0,0.0,0.0,0.0,19.2,99,1.4,1.0,113.3774791253082,100.66381922603932,False,normal
2023-11-09 06:00:00+05:30,0.0,0.0,0.0,0.0,0.0,19.5,99,1.84,0.96,99.50835711884984,104.56426990803844,False,normal
2023-11-09 07:00:00+05:30,22.686326158591037,39.0,145.4,22.0,49.78534400133812,21.2,96,2.15,0.82,85.90679717110889,109.18861073520104,False,normal
2023-11-09 08:00:00+05:30,121.94285403962138,212.0,437.3,83.0,270.90135289613346,23.0,88,2.38,0.23,72.73447983887093,115.02268288371596,False,normal
2023-11-09 09:00:00+05:30,220.39703157291004,420.0,640.4,104.0,512.2426020956889,24.9,77,2.91,0.22,60.28352067445604,122.847400180382,False,normal
2023-11-09 10:00:00+05:30,300.23488066561254,599.0,722.5,128.0,710.3960956137937,26.9,66,3.13,0.24,49.114601349665385,133.95410481430082,False,normal
2023-11-09 11:00:00+05:30,352.0888290866165,727.0,776.6,137.0,851.5339335443286,28.5,59,3.42,0.99,40.31531378534329,150.17185347009087,False,normal
2023-11-09 12:00:00+05:30,357.3544858651277,746.0,736.3,150.0,866.7433230832665,29.7,54,3.77,0.92,35.688980654431745,172.36874375401976,False,normal
2023-11-09 13:00:00+05:30,347.73317802083136,734.0,715.8,163.0,851.9201564131118,30.2,52,3.77,1.0,36.84458464246494,196.6805213220105,False,normal
2023-11-09 14:00:00+05:30,291.939563354438,609.0,573.5,193.0,702.9932689313143,29.9,52,3.28,1.0,43.32112824105091,216.69246301936315,False,normal
2023-11-09 15:00:00+05:30,218.79042458209776,446.0,468.8,166.0,518.5037062088584,29.9,53,2.73,1.0,53.20732429444562,230.7133575377474,False,normal
2023-11-09 16:00:00+05:30,134.0969696694482,273.0,296.0,148.0,315.82874683687794,28.0,59,3.18,1.0,64.96094313495489,240.35386285048787,False,normal
2023-11-09 17:00:00+05:30,55.39242377797932,97.0,188.6,57.0,120.52922745735918,26.1,81,0.61,0.99,77.73473380578473,247.27943805089532,False,normal
2023-11-09 18:00:00+05:30,2.849706837767364,6.0,13.7,5.0,6.09598000981809,23.0,89,1.36,1.0,91.09486995709064,252.5568869242016,False,normal
2023-11-09 19:00:00+05:30,0.0,0.0,0.0,0.0,0.0,22.0,90,4.12,1.0,104.81069265374096,256.8274334196179,False,normal
2023-11-09 20:00:00+05:30,0.0,0.0,0.0,0.0,0.0,21.4,93,1.3,0.92,118.75107120543504,260.50189833284685,False,normal
2023-11-09 21:00:00+05:30,0.0,0.0,0.0,0.0,0.0,21.4,94,0.5,0.75,132.8354544417894,263.8984345302093,False,normal
2023-11-09 22:00:00+05:30,0.0,0.0,0.0,0.0,0.0,20.6,96,0.76,0.19,147.00878591024286,267.40116794580786,False,normal
2023-11-09 23:00:00+05:30,0.0,0.0,0.0,0.0,0.0,20.9,94,0.14,0.73,161.22129800917423,272.0390505738713,False,normal
2023-11-10 00:00:00+05:30,0.0,0.0,0.0,0.0,0.0,19.5,98,0.71,0.13,175.26871827355137,289.8540170022088,False,normal
2023-11-10 01:00:00+05:30,0.0,0.0,0.0,0.0,0.0,19.4,99,0.71,0.87,170.0114075079954,82.09671361447329,False,normal
2023-11-10 02:00:00+05:30,0.0,0.0,0.0,0.0,0.0,19.0,100,0.5,0.42,155.82948717526526,90.10668161929084,False,normal
2023-11-10 03:00:00+05:30,0.0,0.0,0.0,0.0,0.0,19.7,99,0.58,0.7,141.62921176955658,94.07920995795234,False,normal
2023-11-10 04:00:00+05:30,0.0,0.0,0.0,0.0,0.0,19.4,99,0.71,0.98,127.49069070212596,97.48707656895,False,normal
2023-11-10 05:00:00+05:30,0.0,0.0,0.0,0.0,0.0,19.6,98,1.71,0.99,113.46297115457868,100.9618476188154,False,normal
2023-11-10 06:00:00+05:30,0.0,0.0,0.0,0.0,0.0,21.0,98,1.22,0.85,99.60934813994282,104.83598354452316,False,normal
2023-11-10 07:00:00+05:30,19.569287329895666,35.0,103.7,23.0,42.8155224006854,21.2,95,0.92,0.86,86.02698507557494,109.44894865707045,False,normal
2023-11-10 08:00:00+05:30,102.81996459344556,183.0,324.6,88.0,227.28501470799077,22.6,92,0.5,0.96,72.87887954059988,115.28106624576913,False,normal
2023-11-10 09:00:00+05:30,203.7932247386055,403.0,568.5,124.0,487.50294067697376,24.9,81,1.6,0.96,60.45896704816337,123.10692713574844,False,normal
2023-11-10 10:00:00+05:30,260.85271721879315,550.0,590.0,167.0,644.4730315813081,26.7,73,2.33,0.99,49.32926912827087,134.2028678357484,False,normal
2023-11-10 11:00:00+05:30,327.15404701905294,689.0,655.4,193.0,799.1492180760176,28.4,64,3.0,0.96,40.57335696035656,150.359856943323,False,normal
2023-11-10 12:00:00+05:30,362.67076363681775,776.0,774.9,151.0,904.5493366108584,29.4,58,3.54,0.92,35.97370841913686,172.39748847836313,False,normal
2023-11-10 13:00:00+05:30,356.90577109408576,763.0,776.2,146.0,890.8272495589902,30.0,56,3.49,0.31,37.11133408812629,196.5135239380831,False,normal
2023-11-10 14:00:00+05:30,314.5160361011839,644.0,694.6,142.0,755.38354545231,29.0,57,3.73,0.74,43.53805880501321,216.42393347414236,False,normal
2023-11-10 15:00:00+05:30,181.40243276051788,376.0,321.0,185.0,425.9314222654956,26.5,70,0.3,0.79,53.37384065573921,230.42537298006613,False,normal
2023-11-10 16:00:00+05:30,85.81282914545294,170.0,171.3,98.0,192.99671270444784,25.0,78,0.82,0.85,65.08737163647328,240.0727494449324,False,normal
2023-11-10 17:00:00+05:30,39.41941694529287,74.0,99.8,53.0,86.0696737293555,22.1,92,3.13,0.89,77.8306745186929,247.0056433948469,False,normal
2023-11-10 18:00:00+05:30,2.788568656469634,6.0,13.8,5.0,6.107986366613675,22.8,89,0.58,0.86,91.16729500426378,252.28213996312772,False,normal
2023-11-10 19:00:00+05:30,0.0,0.0,0.0,0.0,0.0,22.8,89,1.1,0.95,104.86449007035252,256.5390736834261,False,normal
2023-11-10 20:00:00+05:30,0.0,0.0,0.0,0.0,0.0,22.8,89,0.85,0.98,118.78980221246924,260.18127949169207,False,normal
2023-11-10 21:00:00+05:30,0.0,0.0,0.0,0.0,0.0,22.8,89,0.95,0.86,132.8620416098999,263.5134457713462,False,normal
2023-11-10 22:00:00+05:30,0.0,0.0,0.0,0.0,0.0,20.9,96,1.24,0.32,147.0264694875044,266.88175057967067,False,normal
2023-11-10 23:00:00+05:30,0.0,0.0,0.0,0.0,0.0,20.1,98,1.06,0.54,161.23693489467803,271.16053759582974,False,normal
2023-11-11 00:00:00+05:30,0.0,0.0,0.0,0.0,0.0,19.9,99,0.82,0.31,175.34232272522664,286.5154566883343,False,normal
2023-11-11 01:00:00+05:30,0.0,0.0,0.0,0.0,0.0,19.8,100,0.5,0.31,170.08393311088247,83.67799844731837,False,normal
2023-11-11 02:00:00+05:30,0.0,0.0,0.0,0.0,0.0,19.5,100,0.4,0.99,155.88844744235575,90.78233991175593,False,normal
2023-11-11 03:00:00+05:30,0.0,0.0,0.0,0.0,0.0,19.4,100,0.32,1.0,141.69363537268305,94.52240373952507,False,normal
2023-11-11 04:00:00+05:30,0.0,0.0,0.0,0.0,0.0,18.6,100,0.57,1.0,127.56506847247168,97.83030095389444,False,normal
2023-11-11 05:00:00+05:30,0.0,0.0,0.0,0.0,0.0,18.3,100,0.58,1.0,113.55006847754598,101.25431792195548,False,normal
2023-11-11 06:00:00+05:30,0.0,0.0,0.0,0.0,0.0,20.2,100,1.22,1.0,99.71197315768114,105.10220736109729,False,normal
2023-11-11 07:00:00+05:30,13.7905938209273,27.0,43.6,22.0,30.07372102527551,20.6,99,0.98,1.0,86.14868108639799,109.70350123029168,False,normal
2023-11-11 08:00:00+05:30,75.94370589791136,155.0,127.5,118.0,172.2329092525673,21.9,96,0.82,0.28,73.02447283418545,115.53297167411756,False,normal
2023-11-11 09:00:00+05:30,220.48518954965465,413.0,604.3,118.0,503.3499592490393,24.5,83,1.5,0.1,60.63500368768142,123.3588079294144,False,normal
2023-11-11 10:00:00+05:30,299.0961908660315,601.0,747.3,118.0,717.6177603743372,27.0,68,2.5,0.29,49.54344016269719,134.4424192737855,False,normal
2023-11-11 11:00:00+05:30,347.6282193422159,724.0,795.8,124.0,852.855243773902,28.9,56,3.24,0.49,40.82912145338279,150.53779943131093,False,normal
2023-11-11 12:00:00+05:30,352.93195958502554,760.0,759.0,150.0,886.9536094331745,29.8,49,3.31,0.35,36.254083944399646,172.41914360472435,False,normal
2023-11-11 13:00:00+05:30,355.9942631417857,732.0,736.0,149.0,854.5122702844999,30.5,46,3.21,0.42,37.37272498907487,196.34549279046655,False,normal
2023-11-11 14:00:00+05:30,306.22357098055926,643.0,687.3,148.0,754.7902516907935,30.6,46,3.16,0.78,43.749716871276256,216.1577160203505,False,normal
2023-11-11 15:00:00+05:30,264.4372510089389,541.0,732.3,107.0,652.1018191060829,30.5,46,3.37,0.87,53.535348242402186,230.1405352759532,False,normal
2023-11-11 16:00:00+05:30,183.94989892204512,343.0,595.3,94.0,428.0000872883462,29.8,48,2.45,0.99,65.20895446037483,239.7949121808967,False,normal
2023-11-11 17:00:00+05:30,72.71165518974276,122.0,320.7,55.0,163.71675341841802,27.3,62,1.77,0.99,77.92183570938974,246.73518327146547,False,normal
2023-11-11 18:00:00+05:30,3.78804243568154,8.0,42.0,5.0,8.572694252189006,28.0,46,1.81,0.96,91.2349310629801,252.010881345882,False,normal
2023-11-11 19:00:00+05:30,0.0,0.0,0.0,0.0,0.0,24.2,64,1.52,0.99,104.91341519295406,256.254527560809,False,normal
2023-11-11 20:00:00+05:30,0.0,0.0,0.0,0.0,0.0,22.5,75,2.06,0.95,118.8234809662429,259.86507224016464,False,normal
2023-11-11 21:00:00+05:30,0.0,0.0,0.0,0.0,0.0,23.6,66,1.2,0.88,132.88323213338018,263.13395641375973,False,normal
2023-11-11 22:00:00+05:30,0.0,0.0,0.0,0.0,0.0,23.0,69,0.64,0.89,147.03804934814303,266.36998247146926,False,normal
2023-11-11 23:00:00+05:30,0.0,0.0,0.0,0.0,0.0,22.2,72,1.12,0.28,161.24458717771842,270.2947494724229,False,normal
2023-11-12 00:00:00+05:30,0.0,0.0,0.0,0.0,0.0,20.2,80,2.19,0.09,175.39524043555764,283.13050824062225,False,normal
2023-11-12 01:00:00+05:30,0.0,0.0,0.0,0.0,0.0,20.0,75,2.58,0.01,170.1515888414365,85.25006496916262,False,normal
2023-11-12 02:00:00+05:30,0.0,0.0,0.0,0.0,0.0,19.8,74,2.56,0.0,155.94719145972755,91.44814347121876,False,normal
2023-11-12 03:00:00+05:30,0.0,0.0,0.0,0.0,0.0,20.1,70,2.25,0.17,141.75901354034607,94.9582339807219,False,normal
2023-11-12 04:00:00+05:30,0.0,0.0,0.0,0.0,0.0,19.4,74,2.24,0.25,127.64086267639172,98.16734420676865,False,normal
2023-11-12 05:00:00+05:30,0.0,0.0,0.0,0.0,0.0,19.0,76,2.38,0.0,113.6387586587454,101.54111585932291,False,normal
2023-11-12 06:00:00+05:30,0.0,0.0,0.0,0.0,0.0,20.1,87,1.61,0.84,99.8161935647698,105.362836583891,False,normal
2023-11-12 07:00:00+05:30,21.315764829750844,36.0,141.1,20.0,46.801447990739625,21.1,84,1.66,0.56,86.2718204096595,109.9521718574727,False,normal
2023-11-12 08:00:00+05:30,121.95556587262404,209.0,472.5,73.0,274.081328436083,23.5,76,1.2,1.0,73.17116707530944,115.7783153453742,False,normal
2023-11-12 09:00:00+05:30,201.2005771696452,390.0,556.1,120.0,474.0646867943209,25.6,69,1.8,1.0,60.81150850144872,123.6029879935171,False,normal
2023-11-12 10:00:00+05:30,290.15293119704563,576.0,654.2,155.0,682.158296613534,27.5,63,2.31,1.0,49.75696677746182,134.6727732153587,False,normal
2023-11-12 11:00:00+05:30,336.7320041008615,715.0,740.3,159.0,839.114892371686,29.0,54,2.8,0.99,41.0824561601458,150.70581017283956,False,normal
2023-11-12 12:00:00+05:30,360.4292274604305,781.0,785.4,152.0,913.84935021012,30.0,46,3.31,0.96,36.52998846312457,172.43386505363287,False,normal
2023-11-12 13:00:00+05:30,362.7889329992509,774.0,805.6,138.0,908.4589091849268,30.6,43,2.91,0.91,37.62866163256342,196.1764591008268,False,normal
2023-11-12 14:00:00+05:30,320.95994195087366,668.0,749.6,130.0,789.5983610170312,30.8,41,2.51,0.37,43.956011050341466,215.89381533731444,False,normal
2023-11-12 15:00:00+05:30,262.5256479443804,523.0,704.5,107.0,630.901881100014,30.7,41,2.2,0.79,53.69176805241848,229.85888550343716,False,normal
2023-11-12 16:00:00+05:30,179.02074856299487,339.0,605.1,87.0,425.5892162555485,30.0,47,1.26,0.43,65.32563163802439,239.52042347548556,False,normal
2023-11-12 17:00:00+05:30,82.95695669251832,135.0,385.7,55.0,186.08189293177955,27.5,61,1.79,0.87,78.00817819113159,246.4681523151124,False,normal
2023-11-12 18:00:00+05:30,4.183700264272194,9.0,42.4,6.0,9.706914352496218,28.3,44,0.82,0.02,91.29776006308374,251.74322584726747,False,normal
2023-11-12 19:00:00+05:30,0.0,0.0,0.0,0.0,0.0,25.2,56,1.06,0.0,104.95747188758727,255.97393487643097,False,normal
2023-11-12 20:00:00+05:30,0.0,0.0,0.0,0.0,0.0,25.6,51,0.78,0.0,118.8521357723177,259.55345576791206,False,normal
2023-11-12 21:00:00+05:30,0.0,0.0,0.0,0.0,0.0,24.0,58,1.02,0.03,132.89908482397337,262.7602206078756,False,normal
2023-11-12 22:00:00+05:30,0.0,0.0,0.0,0.0,0.0,20.5,75,1.9,0.92,147.04362987492811,265.866303577252,False,normal
2023-11-12 23:00:00+05:30,0.0,0.0,0.0,0.0,0.0,22.5,63,1.08,0.78,161.24445191759412,269.4429344506302,False,normal
2023-11-13 00:00:00+05:30,0.0,0.0,0.0,0.0,0.0,19.6,78,1.94,0.02,175.42758524627104,279.73290664335474,False,normal
2023-11-13 01:00:00+05:30,0.0,0.0,0.0,0.0,0.0,21.5,64,1.91,0.03,170.21462389088072,86.81098550612796,False,normal
2023-11-13 02:00:00+05:30,0.0,0.0,0.0,0.0,0.0,21.4,63,0.71,0.86,156.0058315328767,92.1038188950276,False,normal
2023-11-13 03:00:00+05:30,0.0,0.0,0.0,0.0,0.0,18.4,78,1.44,0.55,141.82539558709283,95.3865380870426,False,normal
2023-11-13 04:00:00+05:30,0.0,0.0,0.0,0.0,0.0,20.1,65,0.86,0.95,127.71808465460948,98.49807712491211,False,normal
2023-11-13 05:00:00+05:30,0.0,0.0,0.0,0.0,0.0,20.2,64,1.21,1.0,113.7290238755273,101.82212856005884,False,normal
2023-11-13 06:00:00+05:30,0.0,0.0,0.0,0.0,0.0,19.9,66,1.73,0.99,99.92196538854569,105.61776854800678,False,normal
2023-11-13 07:00:00+05:30,21.670785960685343,37.0,133.7,22.0,47.67018220409156,19.9,71,1.14,1.0,86.3963330962542,110.19486701491286,False,normal
2023-11-13 08:00:00+05:30,127.60856398901656,217.0,504.5,73.0,287.4178386072813,22.5,65,0.89,0.98,73.31886497987402,116.01701781290808,False,normal
2023-11-13 09:00:00+05:30,229.0222339908941,428.0,671.0,104.0,529.0694474166911,24.5,58,1.6,0.71,60.98835578725364,123.83941868509754,False,normal
2023-11-13 10:00:00+05:30,307.3491586727061,613.0,775.7,116.0,736.2592796032437,26.3,55,1.7,0.83,49.969699469426594,134.89395040899365,False,normal
2023-11-13 11:00:00+05:30,346.399620451274,733.0,793.9,139.0,865.4606782875683,28.0,52,1.8,0.62,41.33321028435053,150.8640221834956,False,normal
2023-11-13 12:00:00+05:30,360.4355003114777,795.0,820.7,140.0,933.924016863048,29.2,48,1.8,0.27,36.80130443679941,172.44180995482566,False,normal
2023-11-13 13:00:00+05:30,368.8147647831449,792.0,847.7,125.0,933.4773559991338,30.0,43,1.51,0.14,37.879050489332,196.0064607013816,False,normal
2023-11-13 14:00:00+05:30,338.7623860815079,695.0,816.4,111.0,826.7651503982734,30.2,40,1.36,0.25,44.15685372182414,215.632243006796,False,normal
2023-11-13 15:00:00+05:30,256.8152023473594,515.0,690.0,109.0,621.8924027138813,30.2,40,0.63,0.24,53.84302584440611,229.58046946092432,False,normal
2023-11-13 16:00:00+05:30,177.07843241063873,335.0,583.6,93.0,420.1081149510959,29.8,44,0.63,0.73,65.43734857957179,239.24935895156815,False,normal
2023-11-13 17:00:00+05:30,79.05200128987546,133.0,373.7,56.0,183.2449962323413,27.9,61,0.92,0.31,78.0896686390268,246.20464737736543,False,normal
2023-11-13 18:00:00+05:30,3.9399638346396713,8.0,28.5,6.0,8.468973996247351,25.5,54,2.3,0.19,91.3557702348,251.47928966865172,False,normal
2023-11-13 19:00:00+05:30,0.0,0.0,0.0,0.0,0.0,23.8,60,2.02,0.05,104.99667077302276,255.6974360434539,False,normal
2023-11-13 20:00:00+05:30,0.0,0.0,0.0,0.0,0.0,23.8,62,1.84,0.03,118.87580223138676,259.2466086239037,False,normal
2023-11-13 21:00:00+05:30,0.0,0.0,0.0,0.0,0.0,21.8,71,1.43,0.09,132.90966660806646,262.392489348749,False,normal
2023-11-13 22:00:00+05:30,0.0,0.0,0.0,0.0,0.0,20.8,75,1.75,0.16,147.04332530682427,265.3711431924882,False,normal
2023-11-13 23:00:00+05:30,0.0,0.0,0.0,0.0,0.0,20.2,79,1.75,0.03,161.236742999815,268.6062886612385,False,normal
2023-11-14 00:00:00+05:30,0.0,0.0,0.0,0.0,0.0,19.5,83,1.36,0.1,175.43976374896295,276.3574054207927,False,normal
2023-11-14 01:00:00+05:30,0.0,0.0,0.0,0.0,0.0,20.4,77,0.81,0.3,170.27329659543793,88.35890434941274,False,normal
2023-11-14 02:00:00+05:30,0.0,0.0,0.0,0.0,0.0,19.8,81,0.61,0.25,156.0644757819249,92.74909822765484,False,normal
2023-11-14 03:00:00+05:30,0.0,0.0,0.0,0.0,0.0,17.5,92,0.95,0.02,141.89282570350906,95.8071543492623,False,normal
2023-11-14 04:00:00+05:30,0.0,0.0,0.0,0.0,0.0,16.6,95,1.2,0.3,127.79674033863486,98.8223713259207,False,normal
2023-11-14 05:00:00+05:30,0.0,0.0,0.0,0.0,0.0,17.6,90,0.58,0.08,113.82084080856626,102.0972445010699,False,normal
2023-11-14 06:00:00+05:30,0.0,0.0,0.0,0.0,0.0,18.3,86,0.63,0.09,100.02923922373556,105.8669026755232,False,normal
2023-11-14 07:00:00+05:30,22.78151483837653,37.0,162.2,19.0,49.75687433899144,18.4,85,1.2,0.07,86.52214402149502,110.43149623778083,False,normal
2023-11-14 08:00:00+05:30,128.39723766076636,219.0,530.0,69.0,293.32184911141013,21.2,76,0.6,0.96,73.46746464516096,116.2490039673965,False,normal
2023-11-14 09:00:00+05:30,229.82293597932576,433.0,701.7,96.0,538.7913691641448,24.0,70,0.67,0.64,61.16541628933861,124.06805716184448,False,normal
2023-11-14 10:00:00+05:30,311.4932998687675,615.0,788.4,112.0,740.9303572136758,26.3,60,0.98,0.98,50.1814869607014,135.1059779894414,False,normal
2023-11-14 11:00:00+05:30,356.580047748427,745.0,838.4,120.0,884.0639069507766,28.2,48,1.2,0.9,41.58123331217751,151.01257196883614,False,normal
2023-11-14 12:00:00+05:30,377.6555143165495,796.0,848.7,121.0,938.9376196376368,29.1,40,0.82,0.94,37.067915467790485,172.4431366135675,False,normal
2023-11-14 13:00:00+05:30,380.08330421288485,798.0,869.6,116.0,943.4033289230548,29.6,38,0.72,0.95,38.12380010286399,195.8355418922436,False,normal
2023-11-14 14:00:00+05:30,341.62399513144635,711.0,835.9,115.0,847.6095619110093,29.9,36,1.0,0.43,44.352160905180575,215.37301748211684,False,normal
2023-11-14 15:00:00+05:30,266.4378956905685,545.0,740.1,111.0,661.1167672794737,29.7,36,1.9,0.12,53.98905201988568,229.30533773473812,False,normal
2023-11-14 16:00:00+05:30,186.3879980585777,344.0,607.7,93.0,433.6349254294088,28.7,39,1.79,0.24,65.54405596804551,238.98179751109947,False,normal
2023-11-14 17:00:00+05:30,84.14934218975358,137.0,400.4,55.0,191.43668096586995,26.4,65,1.73,0.12,78.16627947876147,245.9447675693393,False,normal
2023-11-14 18:00:00+05:30,3.8978127238126334,8.0,43.1,5.0,8.727514807098052,25.9,46,1.84,0.19,91.40895597543388,251.2191904366094,False,normal
2023-11-14 19:00:00+05:30,0.0,0.0,0.0,0.0,0.0,22.7,57,2.4,0.03,105.0310290488062,255.42517200431556,False,normal
2023-11-14 20:00:00+05:30,0.0,0.0,0.0,0.0,0.0,24.5,45,0.63,0.08,118.89452301501896,258.9447085673333,False,normal
2023-11-14 21:00:00+05:30,0.0,0.0,0.0,0.0,0.0,20.9,64,2.24,0.0,132.91505221813873,262.0310101383192,False,normal
2023-11-14 22:00:00+05:30,0.0,0.0,0.0,0.0,0.0,19.0,79,3.04,0.34,147.03725923357837,264.88491901359214,False,normal
2023-11-14 23:00:00+05:30,0.0,0.0,0.0,0.0,0.0,19.2,78,2.33,0.43,161.2216898186102,267.78595058573654,False,normal
2023-11-15 00:00:00+05:30,0.0,0.0,0.0,0.0,0.0,18.8,76,1.66,0.28,175.43246635947946,273.0379263824745,False,normal
2023-11-15 01:00:00+05:30,0.0,0.0,0.0,0.0,0.0,20.0,65,1.48,0.06,170.3278732435673,89.89204505565863,False,normal
2023-11-15 02:00:00+05:30,0.0,0.0,0.0,0.0,0.0,19.6,68,0.2,0.01,156.1232281278172,93.38371778670796,False,normal
2023-11-15 03:00:00+05:30,0.0,0.0,0.0,0.0,0.0,16.4,88,0.89,0.39,141.9613430628021,96.219921394011,False,normal
2023-11-15 04:00:00+05:30,0.0,0.0,0.0,0.0,0.0,15.9,92,0.95,0.0,127.87683041091408,99.1400989126555,False,normal
2023-11-15 05:00:00+05:30,0.0,0.0,0.0,0.0,0.0,16.5,87,0.64,0.18,113.91418084364024,102.36635325732529,False,normal
2023-11-15 06:00:00+05:30,0.0,0.0,0.0,0.0,0.0,16.8,77,1.8,0.01,100.1379604719796,106.11014025292228,False,normal
2023-11-15 07:00:00+05:30,22.52666549580613,37.0,173.1,18.0,50.68136259193594,17.8,72,0.98,0.0,86.64917315787208,110.66197188207376,False,normal
2023-11-15 08:00:00+05:30,134.9486353818878,222.0,552.4,67.0,300.07309959153525,20.4,67,0.54,0.0,73.61685985117185,116.47420272867168,False,normal
2023-11-15 09:00:00+05:30,235.2527565404986,438.0,726.5,91.0,547.9626114323978,23.1,58,1.17,0.0,61.34255749906724,124.28886592289764,False,normal
2023-11-15 10:00:00+05:30,306.7004460494979,623.0,815.5,105.0,753.6441875698383,25.4,51,2.0,0.0,50.39217643762012,135.30888877045015,False,normal
2023-11-15 11:00:00+05:30,369.3578012534901,751.0,859.1,113.0,893.954690848818,27.1,46,2.63,0.1,41.82637507757498,151.15159868964992,False,normal
2023-11-15 12:00:00+05:30,384.65461996873256,812.0,876.8,117.0,960.4603182639278,28.3,39,2.1,0.09,37.329706165416646,172.43800384654674,False,normal
2023-11-15 13:00:00+05:30,386.662308259354,800.0,876.2,115.0,947.565266300786,28.8,36,2.11,0.46,38.36282078485021,195.66375274564973,False,normal
2023-11-15 14:00:00+05:30,349.7093238430828,713.0,842.8,114.0,851.8241597206602,29.0,34,2.1,0.31,44.54185183387305,215.11616367604609,False,normal
2023-11-15 15:00:00+05:30,286.9995552683712,564.0,795.6,99.0,688.6106382719565,29.0,34,1.61,0.29,54.12978115379408,229.03354552617915,False,normal
2023-11-15 16:00:00+05:30,194.8094949289823,364.0,685.3,82.0,464.7483564687009,28.1,39,1.2,0.22,65.64570926537571,238.7178212526051,False,normal
2023-11-15 17:00:00+05:30,92.13820188924603,147.0,466.6,52.0,210.8530403603595,25.1,60,2.25,0.01,78.23798836798798,245.68861420330583,False,normal
2023-11-15 18:00:00+05:30,4.5910803537728615,9.0,43.4,6.0,9.867639072861223,25.9,40,1.0,0.14,91.4573172996909,250.9630471385653,False,normal
2023-11-15 19:00:00+05:30,0.0,0.0,0.0,0.0,0.0,21.0,58,2.19,0.0,105.06056990717822,255.1572841388549,False,normal
2023-11-15 20:00:00+05:30,0.0,0.0,0.0,0.0,0.0,19.8,63,2.55,0.04,118.90834722135712,258.64793241357256,False,normal
2023-11-15 21:00:00+05:30,0.0,0.0,0.0,0.0,0.0,19.1,68,2.42,0.03,132.915323447737,261.67602668077814,False,normal
2023-11-15 22:00:00+05:30,0.0,0.0,0.0,0.0,0.0,20.6,60,1.36,0.0,147.02556364160324,264.4080363409846,False,normal
2023-11-15 23:00:00+05:30,0.0,0.0,0.0,0.0,0.0,18.4,71,0.99,0.5,161.1995354755386,266.98299650869296,False,normal
2023-11-16 00:00:00+05:30,0.0,0.0,0.0,0.0,0.0,17.0,76,1.36,0.13,175.406639855005,269.8058195922158,False,normal
2023-11-16 01:00:00+05:30,0.0,0.0,0.0,0.0,0.0,18.8,64,0.92,0.07,170.37862731810304,91.40871594789496,False,normal
2023-11-16 02:00:00+05:30,0.0,0.0,0.0,0.0,0.0,16.2,79,1.62,0.0,156.18218872158354,94.00741681372642,False,normal
2023-11-16 03:00:00+05:30,0.0,0.0,0.0,0.0,0.0,16.3,79,0.76,0.0,142.0309823659416,96.62467750240472,False,normal
2023-11-16 04:00:00+05:30,0.0,0.0,0.0,0.0,0.0,15.6,84,0.51,0.0,127.95835090076535,99.45113201169306,False,normal
2023-11-16 05:00:00+05:30,0.0,0.0,0.0,0.0,0.0,15.4,86,0.89,0.13,114.00901070465908,102.62934511895496,False,normal
2023-11-16 06:00:00+05:30,0.0,0.0,0.0,0.0,0.0,14.6,88,1.33,0.74,100.2480700043278,106.34738405872162,False,normal
2023-11-16 07:00:00+05:30,22.91793288130515,36.0,165.8,18.0,49.31291162455712,16.1,79,1.28,0.42,86.7773362576666,110.8862087079974,False,normal
2023-11-16 08:00:00+05:30,132.71536630665335,219.0,546.6,67.0,297.1181752213608,19.5,68,0.45,0.63,73.7669407487155,116.69254651382016,False,normal
2023-11-16 09:00:00+05:30,232.65117637208357,434.0,722.2,91.0,544.3477393793123,22.5,58,0.67,0.02,61.51964431358981,124.5018120504385,False,normal
2023-11-16 10:00:00+05:30,313.5897973857354,618.0,811.1,105.0,748.9895486333585,24.9,54,1.58,0.0,50.60161408835501,135.50272013471613,False,normal
2023-11-16 11:00:00+05:30,356.71855899197493,747.0,858.2,112.0,890.7806613466244,26.9,47,2.4,0.0,42.06848603707097,151.2812427733801,False,normal
2023-11-16 12:00:00+05:30,380.9745749807177,808.0,877.2,115.0,957.4346607437848,28.1,40,2.31,0.0,37.58656208036376,172.42656961061186,False,normal
2023-11-16 13:00:00+05:30,374.1336722961647,797.0,876.4,114.0,945.635071999316,28.8,36,1.7,0.0,38.596024212976005,195.49114774061695,False,normal
2023-11-16 14:00:00+05:30,340.02809992392906,712.0,853.9,107.0,853.0110736063258,29.0,34,1.2,0.0,44.72584829770607,214.86171200640277,False,normal
2023-11-16 15:00:00+05:30,287.77124539133746,562.0,796.5,98.0,687.777170863327,29.0,33,1.24,0.0,54.26515120775235,228.76515207482583,False,normal
2023-11-16 16:00:00+05:30,195.92577935622467,364.0,687.8,82.0,466.13390461221854,28.4,40,1.06,0.0,65.74226785224042,238.45751508645728,False,normal
2023-11-16 17:00:00+05:30,95.26238308792112,147.0,474.1,51.0,212.47628049378008,25.0,60,2.12,0.0,78.30477728355227,245.4362904973005,False,normal
2023-11-16 18:00:00+05:30,3.741597302477147,8.0,29.2,6.0,8.586199644682823,26.2,50,0.9,0.06,91.50085887958078,250.71097986201372,False,normal
2023-11-16 19:00:00+05:30,0.0,0.0,0.0,0.0,0.0,24.8,55,1.02,0.03,105.08532151822922,254.89391399900032,False,normal
2023-11-16 20:00:00+05:30,0.0,0.0,0.0,0.0,0.0,20.8,74,2.12,0.03,118.91732929119928,258.35645572111275,False,normal
2023-11-16 21:00:00+05:30,0.0,0.0,0.0,0.0,0.0,21.0,70,2.01,0.0,132.91056797105128,261.32777843716764,False,normal
2023-11-16 22:00:00+05:30,0.0,0.0,0.0,0.0,0.0,22.0,62,1.3,0.0,147.0083775213942,263.9408872031703,False,normal
2023-11-16 23:00:00+05:30,0.0,0.0,0.0,0.0,0.0,21.5,64,0.82,0.02,161.17053451009494,266.1984366511293,False,normal
2023-11-17 00:00:00+05:30,0.0,0.0,0.0,0.0,0.0,18.6,79,0.76,0.05,175.36344479336944,266.6884486155867,False,normal
2023-11-17 01:00:00+05:30,0.0,0.0,0.0,0.0,0.0,20.1,69,0.32,0.07,170.42583921597554,92.90731515219544,False,normal
2023-11-17 02:00:00+05:30,0.0,0.0,0.0,0.0,0.0,18.5,75,1.51,0.0,156.24145484749496,94.61993640439977,False,normal
2023-11-17 03:00:00+05:30,0.0,0.0,0.0,0.0,0.0,17.4,78,2.19,0.0,142.10177484310523,97.02126007885454,False,normal
2023-11-17 04:00:00+05:30,0.0,0.0,0.0,0.0,0.0,18.0,72,1.77,0.0,128.04129423359157,99.7553424007491,False,normal
2023-11-17 05:00:00+05:30,0.0,0.0,0.0,0.0,0.0,17.8,73,1.71,0.0,114.10529353917757,102.88611075919226,False,normal
2023-11-17 06:00:00+05:30,0.0,0.0,0.0,0.0,0.0,15.8,82,1.43,0.0,100.3595052768972,106.57853801027476,False,normal
2023-11-17 07:00:00+05:30,22.1335187550282,35.0,158.4,18.0,47.927960734589966,16.6,81,1.0,0.0,86.90654598931094,111.10412344801068,False,normal
2023-11-17 08:00:00+05:30,133.71186400609594,215.0,537.0,67.0,292.5466270592313,19.8,74,0.72,0.0,73.91759499162855,116.90397064793176,False,normal
2023-11-17 09:00:00+05:30,232.86766351921247,429.0,715.7,91.0,539.3354605859763,22.6,65,1.02,0.0,61.696540119458064,124.70686633448577,False,normal
2023-11-17 10:00:00+05:30,307.8520719898109,614.0,806.8,106.0,745.5318439527966,25.0,59,2.1,0.0,50.80964603874009,135.68751270949303,False,normal
2023-11-17 11:00:00+05:30,366.3999863804296,744.0,856.0,113.0,888.6537507521018,26.8,50,2.82,0.0,42.30741788407177,151.40164416807772,False,normal
2023-11-17 12:00:00+05:30,384.1920395647811,806.0,876.4,116.0,956.5999918610088,28.0,43,2.41,0.0,37.83836987700258,172.40898907965072,False,normal
2023-11-17 13:00:00+05:30,370.92716398289394,792.0,872.8,114.0,941.2246832264864,28.6,39,1.6,0.0,38.82332312049107,195.3177837320832,False,normal
2023-11-17 14:00:00+05:30,343.0517560771908,707.0,848.0,108.0,848.2684482957742,29.0,36,1.14,0.0,44.90407393782481,214.6096968187857,False,normal
2023-11-17 15:00:00+05:30,283.5166968765573,558.0,792.0,98.0,684.0956745451172,28.9,34,1.04,0.0,54.39510259544925,228.50021955781693,False,normal
2023-11-17 16:00:00+05:30,195.74937013157276,362.0,685.3,82.0,464.7487223475509,28.3,40,0.81,0.09,65.83369396209885,238.20096591828167,False,normal
2023-11-17 17:00:00+05:30,91.77315620231508,144.0,461.6,51.0,208.4436611654468,25.5,58,1.58,0.0,78.36663135957406,245.1879009049255,False,normal
2023-11-17 18:00:00+05:30,3.99912681407743,8.0,44.0,5.0,8.895071481317167,23.3,51,2.38,0.0,91.53958880335584,250.463109191218,False,normal
2023-11-17 19:00:00+05:30,0.0,0.0,0.0,0.0,0.0,21.5,57,2.64,0.0,105.10531571669615,254.63520271546597,False,normal
2023-11-17 20:00:00+05:30,0.0,0.0,0.0,0.0,0.0,21.8,57,2.51,0.0,118.9215276155581,258.0704521477951,False,normal
2023-11-17 21:00:00+05:30,0.0,0.0,0.0,0.0,0.0,22.5,52,0.82,0.0,132.90087783558255,260.986499829027,False,normal
2023-11-17 22:00:00+05:30,0.0,0.0,0.0,0.0,0.0,19.5,65,1.57,0.0,146.98584513472366,263.4838491248173,False,normal
2023-11-17 23:00:00+05:30,0.0,0.0,0.0,0.0,0.0,17.5,75,1.84,0.0,161.1349502728048,265.4332115627125,False,normal
2023-11-18 00:00:00+05:30,0.0,0.0,0.0,0.0,0.0,17.6,73,0.89,0.0,175.30420317228737,263.7082421839251,False,normal
2023-11-18 01:00:00+05:30,0.0,0.0,0.0,0.0,0.0,18.6,68,0.58,0.0,170.46979630879417,94.38633672267888,False,normal
2023-11-18 02:00:00+05:30,0.0,0.0,0.0,0.0,0.0,18.4,69,0.42,0.0,156.30112217081265,95.2210192483721,False,normal
2023-11-18 03:00:00+05:30,0.0,0.0,0.0,0.0,0.0,15.9,83,0.92,0.0,142.17374960704709,97.40950559863694,False,normal
2023-11-18 04:00:00+05:30,0.0,0.0,0.0,0.0,0.0,15.4,86,1.13,0.0,128.12565063905,100.05260147684676,False,normal
2023-11-18 05:00:00+05:30,0.0,0.0,0.0,0.0,0.0,15.1,88,1.28,0.0,114.2029903670417,103.136541170445,False,normal
2023-11-18 06:00:00+05:30,0.0,0.0,0.0,0.0,0.0,14.6,88,1.21,0.0,100.47220181236555,106.8035070344594,False,normal
2023-11-18 07:00:00+05:30,21.58183282126809,34.0,160.3,17.0,47.11427041693487,16.4,81,0.32,0.0,87.03671344365372,111.3156345673484,False,normal
2023-11-18 08:00:00+05:30,130.9382777386163,214.0,542.0,66.0,292.9604520224158,19.8,74,0.1,0.0,74.0687092538652,117.10841293468656,False,normal
2023-11-18 09:00:00+05:30,227.73328118152207,425.0,711.4,91.0,535.6963151604962,22.7,63,0.63,0.02,61.873108271497365,124.90400251975608,False,normal
2023-11-18 10:00:00+05:30,302.2956591959823,604.0,789.6,109.0,734.0762188321673,25.0,58,1.24,0.04,51.01611968799193,135.86330910967234,False,normal
2023-11-18 11:00:00+05:30,361.49762974860914,730.0,832.0,119.0,872.3271957982784,26.9,54,1.3,0.03,42.54302456225174,151.51294055173486,False,normal
2023-11-18 12:00:00+05:30,377.9972278527684,790.0,855.1,119.0,938.3153135430908,28.2,50,1.1,0.11,38.0850178729683,172.38541246826526,False,normal
2023-11-18 13:00:00+05:30,330.41214237262494,693.0,668.9,175.0,812.961950514509,29.0,47,0.51,0.16,39.044631271473264,195.143717486674,False,normal
2023-11-18 14:00:00+05:30,281.79378760692504,587.0,577.9,180.0,688.9516946893322,29.4,45,0.14,0.6,45.07645372251639,214.36015429496305,False,normal
2023-11-18 15:00:00+05:30,231.59274516944305,450.0,530.2,143.0,538.236321825598,29.4,44,0.4,0.9,54.51957733465903,228.2388114898088,False,normal
2023-11-18 16:00:00+05:30,170.45101502028922,321.0,572.2,88.0,408.1024363880084,28.8,47,0.76,0.1,65.91995162329549,237.94826137092508,False,normal
2023-11-18 17:00:00+05:30,77.24530664012006,126.0,354.1,55.0,176.311460949837,26.3,54,1.99,0.15,78.4235376901775,244.9435500248088,False,normal
2023-11-18 18:00:00+05:30,3.781583427780367,8.0,29.5,6.0,8.660718426134377,24.0,50,1.88,0.0,91.57351726976188,250.2195552062777,False,normal
2023-11-18 19:00:00+05:30,0.0,0.0,0.0,0.0,0.0,21.4,62,2.33,0.0,105.1205866017128,254.38129001017285,False,normal
2023-11-18 20:00:00+05:30,0.0,0.0,0.0,0.0,0.0,20.6,63,1.87,0.0,118.9210030345626,257.790092395282,False,normal
2023-11-18 21:00:00+05:30,0.0,0.0,0.0,0.0,0.0,19.8,65,1.9,0.0,132.88634782925834,260.65241899240993,False,normal
2023-11-18 22:00:00+05:30,0.0,0.0,0.0,0.0,0.0,21.0,60,1.6,0.0,146.95811414104855,263.03728340679555,False,normal
2023-11-18 23:00:00+05:30,0.0,0.0,0.0,0.0,0.0,18.2,76,1.21,0.0,161.09305214181398,264.68818855406795,False,normal
2023-11-19 00:00:00+05:30,0.0,0.0,0.0,0.0,0.0,18.0,78,1.5,0.0,175.23034238962325,260.8822583467267,False,normal
2023-11-19 01:00:00+05:30,0.0,0.0,0.0,0.0,0.0,16.9,85,0.82,0.08,170.51079309014852,95.84437871755756,False,normal
2023-11-19 02:00:00+05:30,0.0,0.0,0.0,0.0,0.0,18.2,75,1.55,0.66,156.36128611262572,95.81041046242176,False,normal
2023-11-19 03:00:00+05:30,0.0,0.0,0.0,0.0,0.0,16.2,87,0.71,0.54,142.2469351442078,97.78925021333282,False,normal
2023-11-19 04:00:00+05:30,0.0,0.0,0.0,0.0,0.0,16.0,89,1.28,0.26,128.21140970464634,100.34278070633866,False,normal
2023-11-19 05:00:00+05:30,0.0,0.0,0.0,0.0,0.0,15.1,94,1.49,0.48,114.30206169059976,103.38052799190132,False,normal
2023-11-19 06:00:00+05:30,0.0,0.0,0.0,0.0,0.0,16.6,91,0.5,0.97,100.5860948606203,107.0221972792732,False,normal
2023-11-19 07:00:00+05:30,19.159374642788475,31.0,133.6,17.0,42.07203788343165,18.3,83,0.28,0.78,87.16774983686649,111.5206623371024,False,normal
2023-11-19 08:00:00+05:30,121.38641047135069,202.0,491.7,69.0,274.7236351142473,21.5,73,0.32,0.16,74.22017095477199,117.30581352928392,False,normal
2023-11-19 09:00:00+05:30,217.18326992758963,406.0,653.4,101.0,509.68817311937727,24.1,65,1.12,0.15,62.04921380419782,125.09319685144705,False,normal
2023-11-19 10:00:00+05:30,297.6998324308298,591.0,765.9,113.0,718.6095220490574,26.3,60,1.71,0.23,51.22088531019005,136.0301529798992,False,normal
2023-11-19 11:00:00+05:30,355.60614184264546,721.0,824.2,118.0,862.9312278675718,28.4,55,1.88,0.32,42.77516359374058,151.61526580281077,False,normal
2023-11-19 12:00:00+05:30,381.7638737146599,782.0,843.9,122.0,929.7769537313668,30.0,48,2.06,0.69,38.32639693554909,172.355982981946,False,normal
2023-11-19 13:00:00+05:30,348.3248107779307,752.0,794.0,139.0,892.2629688117934,30.8,45,2.27,0.75,39.25986379523806,194.96900313245607,False,normal
2023-11-19 14:00:00+05:30,303.1640252440324,637.0,686.4,155.0,757.2848800333923,30.9,43,1.88,0.26,45.24291373639719,214.11312010696489,False,normal
2023-11-19 15:00:00+05:30,245.033008801506,487.0,613.1,133.0,589.3006326966854,30.5,43,1.52,0.16,54.638518457959954,227.98099081422188,False,normal
2023-11-19 16:00:00+05:30,163.01749500159298,309.0,522.2,97.0,390.0572614309421,29.7,47,1.25,0.14,66.00100582052217,237.6994881990765,False,normal
2023-11-19 17:00:00+05:30,72.6117341515551,119.0,335.6,52.0,166.7507110121513,27.8,50,2.1,0.24,78.47548431124407,244.70334120729524,False,normal
2023-11-19 18:00:00+05:30,3.419225766532477,7.0,29.7,5.0,7.648935307789619,24.5,58,1.79,0.07,91.60265543181757,249.980436183136,False,normal
2023-11-19 19:00:00+05:30,0.0,0.0,0.0,0.0,0.0,23.0,65,2.1,0.22,105.13116925782276,254.132312903628,False,normal
2023-11-19 20:00:00+05:30,0.0,0.0,0.0,0.0,0.0,22.5,69,1.6,0.91,118.91581744111588,257.51554283368387,False,normal
2023-11-19 21:00:00+05:30,0.0,0.0,0.0,0.0,0.0,22.0,64,1.91,0.55,132.86707394456897,260.3257561867751,False,normal
2023-11-19 22:00:00+05:30,0.0,0.0,0.0,0.0,0.0,22.5,63,1.41,0.25,146.9253338025544,262.60153304915974,False,normal
2023-11-19 23:00:00+05:30,0.0,0.0,0.0,0.0,0.0,22.0,64,0.45,0.02,161.04511280171602,263.9641583474484,False,normal
2023-11-20 00:00:00+05:30,0.0,0.0,0.0,0.0,0.0,19.5,80,1.36,0.1,175.14334109461208,258.22221974135346,False,normal
2023-11-20 01:00:00+05:30,0.0,0.0,0.0,0.0,0.0,18.8,85,1.17,0.21,170.54913111967994,97.2801528568928,False,normal
2023-11-20 02:00:00+05:30,0.0,0.0,0.0,0.0,0.0,18.5,87,1.08,0.36,156.42204308570604,96.3878593750909,False,normal
2023-11-20 03:00:00+05:30,0.0,0.0,0.0,0.0,0.0,19.0,85,0.51,0.42,142.32136068634406,98.16033092789098,False,normal
2023-11-20 04:00:00+05:30,0.0,0.0,0.0,0.0,0.0,19.0,85,0.54,0.06,128.2985618281612,100.62575249482404,False,normal
2023-11-20 05:00:00+05:30,0.0,0.0,0.0,0.0,0.0,18.2,88,1.84,0.07,114.40246901132426,103.61796418488429,False,normal
2023-11-20 06:00:00+05:30,0.0,0.0,0.0,0.0,0.0,20.2,80,1.36,0.61,100.70112097596174,107.23451663767548,False,normal
2023-11-20 07:00:00+05:30,14.491981202083636,25.0,87.0,16.0,32.1207006133866,20.9,80,1.62,0.14,87.29956814331138,111.71912920719365,False,normal
2023-11-20 08:00:00+05:30,104.57218230935752,180.0,391.9,75.0,239.00090263242495,22.9,74,1.22,0.29,74.37186993944466,117.49611511494646,False,normal
2023-11-20 09:00:00+05:30,197.4732868894729,368.0,534.4,120.0,455.1256914152708,25.0,66,2.06,0.39,62.22472512673025,125.27442795122688,False,normal
2023-11-20 10:00:00+05:30,272.6293522572451,546.0,642.2,147.0,656.8656587714506,27.0,58,2.84,0.33,51.42379768461244,136.18808841807055,False,normal
2023-11-20 11:00:00+05:30,336.7583614183346,716.0,821.8,117.0,858.4412192332113,28.6,51,2.96,0.9,43.003697501016696,151.70874892929407,False,normal
2023-11-20 12:00:00+05:30,385.910579966768,781.0,849.2,119.0,930.4088793169776,29.8,47,2.75,0.79,38.56240157230934,172.3208352147691,False,normal
2023-11-20 13:00:00+05:30,372.09835197903993,769.0,843.1,120.0,916.9522144207584,30.2,45,2.31,0.61,39.46893780455223,194.793689935016,False,normal
2023-11-20 14:00:00+05:30,326.7829677258723,672.0,784.0,123.0,807.1898774617223,30.5,43,2.22,0.68,45.40338129877418,213.8686272195421,False,normal
2023-11-20 15:00:00+05:30,251.22892050809253,514.0,703.4,109.0,629.8924026472652,30.2,42,2.28,0.41,54.75186975483229,227.7268180180664,False,normal
2023-11-20 16:00:00+05:30,161.41967738489046,305.0,496.6,104.0,383.44551160690446,29.4,44,1.98,0.07,66.07682197550892,237.4547306687768,False,normal
2023-11-20 17:00:00+05:30,76.89493441710464,124.0,341.9,56.0,173.6952423954431,26.7,65,1.98,0.06,78.52245949225298,244.46737510231813,False,normal
2023-11-20 18:00:00+05:30,2.761376539335396,6.0,14.9,5.0,6.297129820351309,28.0,45,1.6,0.17,91.62701454214324,249.74586722364288,False,normal
2023-11-20 19:00:00+05:30,0.0,0.0,0.0,0.0,0.0,27.3,46,1.2,0.3,105.13709877777536,253.88840434882488,False,normal
2023-11-20 20:00:00+05:30,0.0,0.0,0.0,0.0,0.0,23.4,66,1.56,0.96,118.90603267704748,257.2469640499555,False,normal
2023-11-20 21:00:00+05:30,0.0,0.0,0.0,0.0,0.0,23.4,69,1.93,0.96,132.8431521150676,260.0067221332924,False,normal
2023-11-20 22:00:00+05:30,0.0,0.0,0.0,0.0,0.0,22.5,76,1.46,0.55,146.88765345749226,262.1769206682325,False,normal
2023-11-20 23:00:00+05:30,0.0,0.0,0.0,0.0,0.0,21.2,82,1.41,0.54,160.99140579885486,263.2618324469482,False,normal
2023-11-21 00:00:00+05:30,0.0,0.0,0.0,0.0,0.0,21.0,82,0.72,0.75,175.0446812212747,255.7349186209035,False,normal
2023-11-21 01:00:00+05:30,0.0,0.0,0.0,0.0,0.0,21.1,83,1.0,0.98,170.58511851295333,98.69249430062224,False,normal
2023-11-21 02:00:00+05:30,0.0,0.0,0.0,0.0,0.0,21.9,74,1.77,0.58,156.48349135751124,96.95312176097548,False,normal
2023-11-21 03:00:00+05:30,0.0,0.0,0.0,0.0,0.0,21.0,71,1.72,0.24,142.3970572304735,98.52258704450064,False,normal
2023-11-21 04:00:00+05:30,0.0,0.0,0.0,0.0,0.0,19.7,75,2.06,0.6,128.387099325937,100.90139125599784,False,normal
2023-11-21 05:00:00+05:30,0.0,0.0,0.0,0.0,0.0,19.3,75,1.96,0.67,114.50417600894492,103.84874487814044,False,normal
2023-11-21 06:00:00+05:30,0.0,0.0,0.0,0.0,0.0,18.0,88,2.31,0.88,100.81721925969448,107.44037543379534,False,normal
2023-11-21 07:00:00+05:30,18.094572506256533,29.0,127.2,16.0,39.73581366085301,19.6,81,1.3,0.58,87.43208440114952,111.91096034937236,False,normal
2023-11-21 08:00:00+05:30,121.7482390934922,200.0,501.3,67.0,275.37658233281513,22.1,72,1.39,0.04,74.52369983841764,117.67926327834186,False,normal
2023-11-21 09:00:00+05:30,221.71186399205692,410.0,687.1,93.0,519.8890569466987,24.5,63,2.0,0.1,62.39951541078607,125.44767695418123,False,normal
2023-11-21 10:00:00+05:30,304.3338483614666,594.0,785.7,108.0,726.3556398112476,26.5,55,2.8,0.32,51.624717453397935,136.33715977601292,False,normal
2023-11-21 11:00:00+05:30,350.65655505331773,724.0,840.0,114.0,870.3203306780457,27.9,47,3.4,0.1,43.22849504255861,151.7935135294911,False,normal
2023-11-21 12:00:00+05:30,377.5907556152328,788.0,863.6,117.0,940.845621913506,28.8,44,2.94,0.21,38.792930969133614,172.28009423388016,False,normal
2023-11-21 13:00:00+05:30,371.788869544951,778.0,863.8,115.0,930.0894132528554,29.3,42,2.82,0.0,39.671773125669176,194.61782077014175,False,normal
2023-11-21 14:00:00+05:30,330.2081897490519,696.0,840.5,109.0,840.3683051690684,29.5,40,2.77,0.0,45.55778532199077,213.6267042324125,False,normal
2023-11-21 15:00:00+05:30,268.1682834110863,548.0,781.9,99.0,676.7288202595258,29.7,39,2.25,0.01,54.85957582977094,227.47634963557192,False,normal
2023-11-21 16:00:00+05:30,194.10388972936968,351.0,663.9,83.0,454.27979353359774,29.2,44,1.28,0.07,66.14736578372795,237.2140692269089,False,normal
2023-11-21 17:00:00+05:30,88.6920604049421,138.0,433.9,52.0,201.25258765036764,26.2,60,1.96,0.09,78.56445141020903,244.23574844320683,False,normal
2023-11-21 18:00:00+05:30,3.939956420135836,8.0,30.0,6.0,8.794514798582764,23.8,53,2.1,0.0,91.646605494213,249.5159590934124,False,normal
2023-11-21 19:00:00+05:30,0.0,0.0,0.0,0.0,0.0,22.5,54,2.26,0.0,105.13840968623153,253.64969206451624,False,normal
2023-11-21 20:00:00+05:30,0.0,0.0,0.0,0.0,0.0,21.6,57,2.51,0.0,118.8917098428839,256.9845096110935,False,normal
2023-11-21 21:00:00+05:30,0.0,0.0,0.0,0.0,0.0,20.6,62,2.76,0.0,132.81467738273568,259.6955166184685,False,normal
2023-11-21 22:00:00+05:30,0.0,0.0,0.0,0.0,0.0,21.1,60,2.34,0.0,146.84522142597436,261.76374682545367,False,normal
2023-11-21 23:00:00+05:30,0.0,0.0,0.0,0.0,0.0,21.5,58,2.26,0.0,160.9322035562614,262.58184179151306,False,normal
2023-11-22 00:00:00+05:30,0.0,0.0,0.0,0.0,0.0,21.5,57,2.34,0.0,174.93580883852408,253.4228643694434,False,normal
2023-11-22 01:00:00+05:30,0.0,0.0,0.0,0.0,0.0,22.0,54,1.7,0.0,170.61906885445876,100.08036961905862,False,normal
2023-11-22 02:00:00+05:30,0.0,0.0,0.0,0.0,0.0,21.4,56,0.71,0.0,156.5457313701652,97.50596188717113,False,normal
2023-11-22 03:00:00+05:30,0.0,0.0,0.0,0.0,0.0,20.6,60,0.72,0.0,142.4740580241529,98.8758614947173,False,normal
2023-11-22 04:00:00+05:30,0.0,0.0,0.0,0.0,0.0,20.0,62,0.78,0.31,128.47701700443037,101.16957440626452,False,normal
2023-11-22 05:00:00+05:30,0.0,0.0,0.0,0.0,0.0,19.3,65,0.5,0.0,114.60714918403768,104.07276816478723,False,normal
2023-11-22 06:00:00+05:30,0.0,0.0,0.0,0.0,0.0,17.6,75,1.4,0.0,100.93433206452566,107.63968708514768,False,normal
2023-11-22 07:00:00+05:30,18.4352884206849,29.0,138.7,15.0,40.72754074507439,17.5,80,0.76,0.0,87.56521846987039,112.09608420926288,False,normal
2023-11-22 08:00:00+05:30,122.52102765751115,202.0,525.3,64.0,281.30787775189845,20.7,73,0.5,0.0,74.67555887403228,117.85520694357795,False,normal
2023-11-22 09:00:00+05:30,221.81984462869096,413.0,702.1,91.0,525.9586465288133,23.5,61,1.43,0.0,62.57346343320099,125.61292778647169,False,normal
2023-11-22 10:00:00+05:30,292.1285539051147,593.0,790.9,106.0,727.004832486004,25.6,56,2.3,0.0,51.82351196056927,136.47741175225815,False,normal
2023-11-22 11:00:00+05:30,354.1640109944847,722.0,839.0,115.0,869.3088546298017,27.1,54,2.82,0.0,43.44943199997226,151.86967780202897,False,normal
2023-11-22 12:00:00+05:30,366.8878375393009,783.0,857.3,119.0,935.9521293030704,28.3,47,2.43,0.0,39.017889735355325,172.2338754889263,False,normal
2023-11-22 13:00:00+05:30,376.0175911343612,775.0,859.8,117.0,927.6794353426078,29.0,43,1.8,0.0,39.8682929492344,194.44143154146565,False,normal
2023-11-22 14:00:00+05:30,328.0620534285669,693.0,835.6,111.0,837.8081584464954,29.2,41,1.46,0.01,45.70605678589136,213.3873745684212,False,normal
2023-11-22 15:00:00+05:30,269.4451161413548,545.0,778.6,99.0,674.1210399553544,29.2,39,1.21,0.02,54.961582411385294,227.229637437914,False,normal
2023-11-22 16:00:00+05:30,188.7840316731813,346.0,648.2,85.0,447.9293018176453,28.8,43,0.63,0.04,66.21260339136556,236.9775797361434,False,normal
2023-11-22 17:00:00+05:30,86.85759999902194,138.0,440.3,51.0,202.62280039841275,28.2,40,0.41,0.01,78.60144821628086,244.00855331661387,False,normal
2023-11-22 18:00:00+05:30,3.96386574017983,8.0,30.1,6.0,8.837297430701732,24.2,55,1.7,0.0,91.66143880028186,249.29081750822203,False,normal
2023-11-22 19:00:00+05:30,0.0,0.0,0.0,0.0,0.0,23.7,59,1.24,0.0,105.1351358321286,253.4162978098425,False,normal
2023-11-22 20:00:00+05:30,0.0,0.0,0.0,0.0,0.0,22.0,66,2.0,0.0,118.87290909601792,256.728325294203,False,normal
2023-11-22 21:00:00+05:30,0.0,0.0,0.0,0.0,0.0,19.8,73,2.0,0.0,132.78174356990527,259.3923276433122,False,normal
2023-11-22 22:00:00+05:30,0.0,0.0,0.0,0.0,0.0,19.1,73,1.57,0.11,146.79818444414903,261.36228911170616,False,normal
2023-11-22 23:00:00+05:30,0.0,0.0,0.0,0.0,0.0,18.0,81,1.7,0.05,160.8677759757237,261.9247371072073,False,normal
2023-11-23 00:00:00+05:30,0.0,0.0,0.0,0.0,0.0,17.8,82,1.04,0.1,174.8181048697901,251.28504988179537,False,normal
2023-11-23 01:00:00+05:30,0.0,0.0,0.0,0.0,0.0,18.6,76,0.61,0.02,170.6512995048708,101.44288112310682,False,normal
2023-11-23 02:00:00+05:30,0.0,0.0,0.0,0.0,0.0,17.0,85,1.66,0.02,156.6088654414205,98.04615378339092,False,normal
2023-11-23 03:00:00+05:30,0.0,0.0,0.0,0.0,0.0,16.6,88,1.79,0.0,142.5523984268226,99.22000171499816,False,normal
2023-11-23 04:00:00+05:30,0.0,0.0,0.0,0.0,0.0,18.1,79,0.94,0.0,128.56831210123858,101.43018303625206,False,normal
2023-11-23 05:00:00+05:30,0.0,0.0,0.0,0.0,0.0,16.8,86,1.52,0.0,114.71135784619308,104.28993565507984,False,normal
2023-11-23 06:00:00+05:30,0.0,0.0,0.0,0.0,0.0,15.9,89,1.84,0.0,101.05240502569704,107.83236857680566,False,normal
2023-11-23 07:00:00+05:30,18.02950330293339,28.0,130.5,15.0,39.23250861398802,17.4,83,0.22,0.01,87.6988941034336,112.27443291981956,False,normal
2023-11-23 08:00:00+05:30,122.00556767738787,197.0,507.5,65.0,274.468557038692,20.5,74,0.1,0.01,74.82734997215263,118.02389872836848,False,normal
2023-11-23 09:00:00+05:30,219.27194484868204,404.0,682.2,93.0,514.8693464810448,23.5,63,0.6,0.16,62.746453714082,125.7701674652444,False,normal
2023-11-23 10:00:00+05:30,287.8048245788098,580.0,760.2,114.0,710.6530581755424,25.6,57,1.75,0.11,52.02005539869003,136.60888968346973,False,normal
2023-11-23 11:00:00+05:30,350.1263317283621,706.0,808.7,123.0,849.7493895962793,27.2,56,1.8,0.52,43.66639133861965,151.93735503856078,False,normal
2023-11-23 12:00:00+05:30,366.9686522172345,773.0,845.8,120.0,925.0070105827488,28.8,49,1.71,0.12,39.23718817359885,172.1822855557964,False,normal
2023-11-23 13:00:00+05:30,327.36145117636806,677.0,660.4,173.0,799.4956562941813,29.4,46,0.22,0.27,40.058424239862624,194.26455167012244,False,normal
2023-11-23 14:00:00+05:30,282.9660752508491,593.0,621.8,161.0,705.3977729025656,29.6,44,0.71,0.45,45.848129203356905,213.15065668752675,False,normal
2023-11-23 15:00:00+05:30,197.94156849387892,400.0,456.8,139.0,478.4706066599352,29.4,44,1.17,0.48,55.05783682159175,226.9867284953173,False,normal
2023-11-23 16:00:00+05:30,114.19148623363223,226.0,253.9,124.0,267.1211128185681,28.5,47,1.46,0.32,66.27250184403313,236.7453334489274,False,normal
2023-11-23 17:00:00+05:30,58.322021972009,101.0,228.4,56.0,134.82350445924487,26.6,57,1.49,0.08,78.6334384569992,243.7858770878421,False,normal
2023-11-23 18:00:00+05:30,3.4147702690671373,7.0,30.2,5.0,7.819685224241342,24.2,59,2.06,0.09,91.6715249761042,249.07054302927455,False,normal
2023-11-23 19:00:00+05:30,0.0,0.0,0.0,0.0,0.0,22.9,61,2.09,0.05,105.12731073513132,253.18833726228925,False,normal
2023-11-23 20:00:00+05:30,0.0,0.0,0.0,0.0,0.0,22.9,57,1.75,0.0,118.8496899401288,256.4785489555182,False,normal
2023-11-23 21:00:00+05:30,0.0,0.0,0.0,0.0,0.0,23.6,51,0.14,0.0,132.74444347224272,259.09733131033107,False,normal
2023-11-23 22:00:00+05:30,0.0,0.0,0.0,0.0,0.0,19.8,71,1.35,0.0,146.74668765344762,260.9728022136612,False,normal
2023-11-23 23:00:00+05:30,0.0,0.0,0.0,0.0,0.0,18.0,86,1.41,0.0,160.79838968080003,261.29099117721165,False,normal
2023-11-24 00:00:00+05:30,0.0,0.0,0.0,0.0,0.0,19.2,79,0.5,0.0,174.69286543236734,249.31773612175076,False,normal
2023-11-24 01:00:00+05:30,0.0,0.0,0.0,0.0,0.0,17.2,87,1.72,0.02,170.682129417638,102.77926613737544,False,normal
2023-11-24 02:00:00+05:30,0.0,0.0,0.0,0.0,0.0,17.9,78,1.84,0.01,156.67299687099393,98.57348127114716,False,normal
2023-11-24 03:00:00+05:30,0.0,0.0,0.0,0.0,0.0,17.8,77,1.75,0.07,142.63211514715138,99.55485979645022,False,normal
2023-11-24 04:00:00+05:30,0.0,0.0,0.0,0.0,0.0,17.2,83,1.77,0.0,128.66098357734646,101.6831020673256,False,normal
2023-11-24 05:00:00+05:30,0.0,0.0,0.0,0.0,0.0,17.2,91,1.8,0.07,114.8167734455342,104.50015262524788,False,normal
2023-11-24 06:00:00+05:30,0.0,0.0,0.0,0.0,0.0,18.0,88,1.61,0.1,101.1713864160056,108.0183406052173,False,normal
2023-11-24 07:00:00+05:30,14.80747595789773,25.0,91.5,16.0,33.110725636444016,19.3,89,1.28,0.15,87.8330383222187,112.44594244506231,False,normal
2023-11-24 08:00:00+05:30,104.51885980716295,179.0,403.9,75.0,242.28110802256413,21.9,85,1.1,0.15,74.9789801432424,118.1852950988748,False,normal
2023-11-24 09:00:00+05:30,204.6155050433689,379.0,584.8,114.0,477.03172011936863,24.5,75,2.01,0.22,62.91837590578562,125.9193862937796,False,normal
2023-11-24 10:00:00+05:30,253.59350847370948,509.0,594.8,146.0,614.4887184070785,26.6,64,3.01,0.17,52.21422820461119,136.73163989822984,False,normal
2023-11-24 11:00:00+05:30,290.9718364988047,611.0,602.8,178.0,722.8779965582822,27.7,59,2.92,0.14,43.87926265742883,151.99665446259098,False,normal
2023-11-24 12:00:00+05:30,336.0069445195923,689.0,688.6,159.0,816.7541382140612,28.9,53,2.33,0.15,39.45074196319714,172.12542358867233,False,normal
2023-11-24 13:00:00+05:30,328.5529976590677,693.0,712.2,151.0,824.1054850382111,29.8,48,2.12,0.19,40.242097767523134,194.0872055647404,False,normal
2023-11-24 14:00:00+05:30,291.68519214249085,617.0,685.4,142.0,740.1308098420977,30.1,45,2.18,0.15,45.98393893522627,212.91656531792395,False,normal
2023-11-24 15:00:00+05:30,234.5462444736003,485.0,649.0,115.0,595.6816109485715,30.3,45,1.46,0.31,55.14828847629296,226.74766615363103,False,normal
2023-11-24 16:00:00+05:30,148.34390092089757,282.0,459.1,98.0,356.21952048514373,30.1,44,0.36,0.32,66.32702969518579,236.5173977833864,False,normal
2023-11-24 17:00:00+05:30,62.274521189797646,103.0,264.5,51.0,142.14709040937694,27.1,65,1.39,0.34,78.66041174137737,243.56780304635615,False,normal
2023-11-24 18:00:00+05:30,3.472180708818195,7.0,30.3,5.0,7.865408462506471,23.0,64,1.86,0.01,91.67687523766766,248.85523163745887,False,normal
2023-11-24 19:00:00+05:30,0.0,0.0,0.0,0.0,0.0,21.1,73,1.91,0.01,105.11496828590236,252.9659205686868,False,normal
2023-11-24 20:00:00+05:30,0.0,0.0,0.0,0.0,0.0,20.5,76,2.2,0.0,118.82211190834305,256.23531111296063,False,normal
2023-11-24 21:00:00+05:30,0.0,0.0,0.0,0.0,0.0,21.8,68,1.8,0.0,132.70286949014513,258.8106925328382,False,normal
2023-11-24 22:00:00+05:30,0.0,0.0,0.0,0.0,0.0,21.5,69,0.32,0.31,146.69087507477806,260.59551905519936,False,normal
2023-11-24 23:00:00+05:30,0.0,0.0,0.0,0.0,0.0,18.5,85,0.95,0.19,160.72430784936887,260.68100304667945,False,normal
2023-11-25 00:00:00+05:30,0.0,0.0,0.0,0.0,0.0,17.6,89,0.95,0.0,174.56129066208416,247.5151848682717,False,normal
2023-11-25 01:00:00+05:30,0.0,0.0,0.0,0.0,0.0,17.6,89,1.12,0.01,170.71187669173253,104.08889046678443,False,normal
2023-11-25 02:00:00+05:30,0.0,0.0,0.0,0.0,0.0,18.1,86,1.43,0.19,156.73822859351225,99.08773647259852,False,normal
2023-11-25 03:00:00+05:30,0.0,0.0,0.0,0.0,0.0,19.0,82,1.56,0.4,142.71324499014224,99.8802917445202,False,normal
2023-11-25 04:00:00+05:30,0.0,0.0,0.0,0.0,0.0,17.5,90,2.12,0.87,128.75503089318437,101.9282197703485,False,normal
2023-11-25 05:00:00+05:30,0.0,0.0,0.0,0.0,0.0,17.4,91,2.16,0.38,114.92336835490528,104.70332766335702,False,normal
2023-11-25 06:00:00+05:30,0.0,0.0,0.0,0.0,0.0,19.0,95,1.34,0.28,101.29122592512148,108.19752730157144,False,normal
2023-11-25 07:00:00+05:30,13.58643289507861,23.0,82.5,15.0,30.302139791823343,20.2,93,2.2,0.61,87.96758018315415,112.61055236330668,False,normal
2023-11-25 08:00:00+05:30,103.46206790942526,173.0,360.9,81.0,230.5993688771828,22.7,85,2.16,0.86,75.13035923987498,118.3393562177751,False,normal
2023-11-25 09:00:00+05:30,138.03200509356486,273.0,219.8,174.0,310.85711954558496,24.2,77,3.45,0.34,63.089123527119895,126.06057782780312,False,normal
2023-11-25 10:00:00+05:30,229.1968651992478,452.0,462.5,171.0,535.7527537973629,25.9,71,3.28,0.31,52.40591577699662,136.84570997728736,False,normal
2023-11-25 11:00:00+05:30,294.9881969590782,599.0,605.0,166.0,711.0305752060758,27.5,64,3.06,0.12,44.08794097331844,152.0476821921709,False,normal
2023-11-25 12:00:00+05:30,349.2471486532529,713.0,732.4,151.0,849.0995593607271,28.7,58,2.96,0.12,39.65847124794677,172.0633832118699,False,normal
2023-11-25 13:00:00+05:30,344.2437852914498,711.0,745.7,145.0,848.6189861035873,29.3,54,3.1,0.15,40.41924769200089,193.9094148262405,False,normal
2023-11-25 14:00:00+05:30,307.59247855477264,619.0,685.6,145.0,743.2838984330402,29.5,52,2.97,0.29,46.11342523770143,212.68511351210495,False,normal
2023-11-25 15:00:00+05:30,222.68464751376337,443.0,530.9,141.0,536.0963611535848,29.2,52,2.28,0.27,55.23288927135312,226.51249178991043,False,normal
2023-11-25 16:00:00+05:30,151.77840885440614,290.0,467.5,103.0,366.70304856449656,29.1,53,1.61,0.94,66.37615761289989,236.29383780356935,False,normal
2023-11-25 17:00:00+05:30,41.63439909376381,75.0,107.0,54.0,90.50668921448182,25.0,70,2.33,0.65,78.68235948888959,243.35441169774293,False,normal
2023-11-25 18:00:00+05:30,3.077219521639717,6.0,30.3,4.0,6.83808612213571,25.8,58,1.94,0.35,91.67750234054252,248.64497592342175,False,normal
2023-11-25 19:00:00+05:30,0.0,0.0,0.0,0.0,0.0,24.3,68,2.62,0.38,105.09814364015872,252.74915351278412,False,normal
2023-11-25 20:00:00+05:30,0.0,0.0,0.0,0.0,0.0,23.8,69,1.58,0.51,118.79023548198457,255.9987361828231,False,normal
2023-11-25 21:00:00+05:30,0.0,0.0,0.0,0.0,0.0,22.7,76,1.56,0.34,132.65711452257077,258.53256649118566,False,normal
2023-11-25 22:00:00+05:30,0.0,0.0,0.0,0.0,0.0,21.4,86,1.56,0.27,146.63089038755908,260.23065290309955,False,normal
2023-11-25 23:00:00+05:30,0.0,0.0,0.0,0.0,0.0,21.9,82,0.14,0.24,160.64579047213897,260.0951038789498,False,normal
2023-11-26 00:00:00+05:30,0.0,0.0,0.0,0.0,0.0,21.4,85,1.02,0.24,174.42448041134867,245.87029890643657,False,normal
2023-11-26 01:00:00+05:30,0.0,0.0,0.0,0.0,0.0,21.5,84,0.94,0.76,170.74085615861745,105.37123638323528,False,normal
2023-11-26 02:00:00+05:30,0.0,0.0,0.0,0.0,0.0,21.0,86,1.28,0.64,156.80466161743118,99.5887168550459,False,normal
2023-11-26 03:00:00+05:30,0.0,0.0,0.0,0.0,0.0,21.0,85,1.26,0.65,142.79582333750608,100.19615588838622,False,normal
2023-11-26 04:00:00+05:30,0.0,0.0,0.0,0.0,0.0,19.9,90,1.36,0.63,128.85045248778113,102.16542667719632,False,normal
2023-11-26 05:00:00+05:30,0.0,0.0,0.0,0.0,0.0,20.4,86,1.9,0.41,115.0311143316235,104.8993718329574,False,normal
2023-11-26 06:00:00+05:30,0.0,0.0,0.0,0.0,0.0,21.0,88,1.92,0.92,101.41187309773902,108.36985554638414,False,normal
2023-11-26 07:00:00+05:30,10.332913790345712,20.0,31.3,17.0,22.76139039838015,21.4,88,1.65,1.0,88.10244918243937,112.7682052915864,False,normal
2023-11-26 08:00:00+05:30,36.97731283637333,84.0,0.0,84.0,82.45828026329734,22.3,86,2.14,1.0,75.28139831670657,118.48604547583386,False,normal
2023-11-26 09:00:00+05:30,116.12307898659532,252.0,113.9,201.0,270.474749863612,24.6,73,2.64,0.97,63.25859227552459,126.19373856994974,False,normal
2023-11-26 10:00:00+05:30,178.52434527942148,391.0,218.2,259.0,431.1977591002252,26.5,65,4.11,0.88,52.59500674836525,136.95114881167905,False,normal
2023-11-26 11:00:00+05:30,293.7369503112173,607.0,534.2,226.0,710.5759838796247,28.1,58,3.75,0.33,44.29232504316243,152.0905421239346,False,normal
2023-11-26 12:00:00+05:30,327.9697276380692,686.0,654.8,185.0,811.1089115794653,29.0,55,3.91,0.96,39.86029927606104,171.99625450488418,False,normal
2023-11-26 13:00:00+05:30,282.46356687307,604.0,503.3,223.0,701.6791065484445,29.3,51,3.29,0.57,40.58981075979516,193.73120077158325,False,normal
2023-11-26 14:00:00+05:30,279.2276519666783,573.0,597.3,161.0,683.0200322517248,27.6,59,2.5,0.57,46.23653002091381,212.45631514809943,False,normal
2023-11-26 15:00:00+05:30,191.3264957905635,383.0,382.2,166.0,451.19763466638886,24.9,74,1.61,0.88,55.31159377614602,226.28124702872336,False,normal
2023-11-26 16:00:00+05:30,78.40225933823918,163.0,117.7,116.0,181.20007565918024,23.6,80,2.28,0.28,66.41985886959021,236.07471813310696,False,normal
2023-11-26 17:00:00+05:30,74.32538795406033,121.0,347.1,53.0,173.82803837828072,23.0,83,1.26,0.35,78.69927561439563,243.1457824582851,False,normal
2023-11-26 18:00:00+05:30,2.239603344495906,5.0,0.0,5.0,4.908230968053413,24.2,74,1.26,0.84,91.67342139437942,248.4398666604928,False,normal
2023-11-26 19:00:00+05:30,0.0,0.0,0.0,0.0,0.0,22.5,85,3.4,0.33,105.0768741222651,252.5381390636865,False,normal
2023-11-26 20:00:00+05:30,0.0,0.0,0.0,0.0,0.0,19.8,90,4.2,0.9,118.7541230423116,255.76894411417464,False,normal
2023-11-26 21:00:00+05:30,0.0,0.0,0.0,0.0,0.0,20.0,89,1.17,0.88,132.6072729326258,258.26310053812585,False,normal
2023-11-26 22:00:00+05:30,0.0,0.0,0.0,0.0,0.0,19.1,96,0.64,0.62,146.56687782309018,259.87840003753314,False,normal
2023-11-26 23:00:00+05:30,0.0,0.0,0.0,0.0,0.0,19.5,96,0.36,0.64,160.56309482944926,259.53356373524394,False,normal
2023-11-27 00:00:00+05:30,0.0,0.0,0.0,0.0,0.0,19.0,98,0.91,0.67,174.2834350127576,244.3751519608207,False,normal
2023-11-27 01:00:00+05:30,0.0,0.0,0.0,0.0,0.0,18.8,97,2.06,0.89,170.76937727997387,106.62588686569052,False,normal
2023-11-27 02:00:00+05:30,0.0,0.0,0.0,0.0,0.0,19.0,95,0.98,0.94,156.87239349858274,100.07622135114894,False,normal
2023-11-27 03:00:00+05:30,0.0,0.0,0.0,0.0,0.0,18.9,97,0.41,0.97,142.8798826162971,100.50231078085278,False,normal
2023-11-27 04:00:00+05:30,0.0,0.0,0.0,0.0,0.0,18.4,98,0.58,0.34,128.9472442280037,102.39461414137588,False,normal
2023-11-27 05:00:00+05:30,0.0,0.0,0.0,0.0,0.0,18.4,99,0.81,0.3,115.13998094263124,105.088197564601,False,normal
2023-11-27 06:00:00+05:30,0.0,0.0,0.0,0.0,0.0,19.8,98,1.75,0.2,101.5332757207026,108.53525405914183,False,normal
2023-11-27 07:00:00+05:30,12.505835268665765,21.0,74.1,14.0,27.68419401842423,20.0,96,1.6,0.29,88.23757360211272,112.91884611240256,False,normal
2023-11-27 08:00:00+05:30,93.77363221457848,161.0,336.3,77.0,215.0515656297665,21.4,90,1.61,0.21,75.43200792258504,118.62532884559562,False,normal
2023-11-27 09:00:00+05:30,185.8912616387859,349.0,496.5,128.0,435.1504196199333,23.0,81,1.75,0.69,63.42667825741441,126.31886750287664,False,normal
2023-11-27 10:00:00+05:30,220.67364023912452,440.0,378.5,212.0,511.1017618746925,24.8,73,1.58,0.4,52.7813911631871,137.04800651072065,False,normal
2023-11-27 11:00:00+05:30,314.14538209634594,640.0,652.9,176.0,763.5766662501269,26.6,65,1.34,0.16,44.4923155808717,152.12533665553042,False,normal
2023-11-27 12:00:00+05:30,322.16686195890094,682.0,676.4,166.0,810.3385544484588,27.5,59,2.55,0.96,40.05615091229684,171.92412581117424,False,normal
2023-11-27 13:00:00+05:30,105.01659538957838,240.0,30.5,217.0,242.22024429869907,24.0,79,2.86,0.26,40.75372534810549,193.55258682171572,False,normal
2023-11-27 14:00:00+05:30,286.053224699513,583.0,627.7,151.0,698.5725733341085,26.5,66,1.58,0.22,46.3531974505138,212.23018737811336,False,normal
2023-11-27 15:00:00+05:30,220.704350628882,425.0,520.6,130.0,516.4813683390156,27.2,59,2.77,0.28,55.38435927970964,226.05397595148213,False,normal
2023-11-27 16:00:00+05:30,158.98751341805843,291.0,489.1,96.0,371.7035566991513,26.5,62,2.85,0.28,66.45810969974072,235.86010487890488,False,normal
2023-11-27 17:00:00+05:30,70.80878669553397,115.0,296.4,57.0,160.82249292487853,25.1,70,1.71,0.22,78.71115709638755,242.94199536088823,False,normal
2023-11-27 18:00:00+05:30,3.543668326834475,7.0,30.4,5.0,7.995105433422359,24.0,72,2.18,0.07,91.66465057086228,248.23999438151668,False,normal
2023-11-27 19:00:00+05:30,0.0,0.0,0.0,0.0,0.0,23.3,76,2.51,0.06,105.05120002476254,252.3329789149081,False,normal
2023-11-27 20:00:00+05:30,0.0,0.0,0.0,0.0,0.0,21.8,85,1.42,0.08,118.7138397281543,255.54605199800244,False,normal
2023-11-27 21:00:00+05:30,0.0,0.0,0.0,0.0,0.0,20.5,92,1.49,0.11,132.55344141985032,258.0024360519615,False,normal
2023-11-27 22:00:00+05:30,0.0,0.0,0.0,0.0,0.0,20.1,93,1.65,0.04,146.49898297902928,259.53894232637987,False,normal
2023-11-27 23:00:00+05:30,0.0,0.0,0.0,0.0,0.0,20.0,93,1.4,0.08,160.47647596806985,258.9965981693084,False,normal
2023-11-28 00:00:00+05:30,0.0,0.0,0.0,0.0,0.0,19.9,93,1.26,0.15,174.13905939687317,243.0214063851689,False,normal
2023-11-28 01:00:00+05:30,0.0,0.0,0.0,0.0,0.0,19.8,94,0.51,0.15,170.79774248145247,107.85250889220526,False,normal
2023-11-28 02:00:00+05:30,0.0,0.0,0.0,0.0,0.0,18.5,99,0.64,0.31,156.9415170418546,100.5500465044687,False,normal
2023-11-28 03:00:00+05:30,0.0,0.0,0.0,0.0,0.0,18.2,99,0.82,0.89,142.96545097904118,100.79861318087916,False,normal
2023-11-28 04:00:00+05:30,0.0,0.0,0.0,0.0,0.0,18.6,99,0.41,1.0,129.04539806428002,102.61567299178586,False,normal
2023-11-28 05:00:00+05:30,0.0,0.0,0.0,0.0,0.0,18.9,99,0.5,0.98,115.24993419219288,105.26971764546096,False,normal
2023-11-28 06:00:00+05:30,0.0,0.0,0.0,0.0,0.0,19.0,99,0.36,1.0,101.65537842788304,108.69365258666863,False,normal
2023-11-28 07:00:00+05:30,6.369682963167624,14.0,0.0,14.0,13.743046710549557,19.4,96,0.36,1.0,88.372879084895,113.06242130146376,False,normal
2023-11-28 08:00:00+05:30,43.61740677772497,91.0,16.2,87.0,92.16457647046056,19.6,98,0.0,1.0,75.58209664531365,118.75717433078783,False,normal
2023-11-28 09:00:00+05:30,113.19214977340276,241.0,108.5,193.0,258.6635666839073,22.0,87,0.51,0.93,63.59327649473667,126.43596570215044,False,normal
2023-11-28 10:00:00+05:30,264.6832695524627,517.0,570.2,175.0,623.3036824069623,24.5,76,0.6,0.24,52.96495895512558,137.1363343399746,False,normal
2023-11-28 11:00:00+05:30,293.9624082875696,594.0,605.7,165.0,708.0829413925962,26.1,66,1.44,0.24,44.68781378371065,152.15216730577208,False,normal
2023-11-28 12:00:00+05:30,326.8082929650968,680.0,690.2,155.0,810.7102804144758,27.4,60,2.0,0.15,40.24595142583451,171.8470852218352,False,normal
2023-11-28 13:00:00+05:30,336.3275365766827,700.0,734.0,147.0,837.945736103871,27.8,57,2.64,0.24,40.91093069886667,193.37360041201853,False,normal
2023-11-28 14:00:00+05:30,304.8477152730156,606.0,655.2,156.0,727.951545528759,27.4,57,2.77,0.54,46.46337364183266,212.00675257409216,False,normal
2023-11-28 15:00:00+05:30,216.08781095674,423.0,489.7,146.0,510.7693620503625,27.0,58,2.51,0.17,55.451145857518725,225.8307268471477,False,normal
2023-11-28 16:00:00+05:30,157.71680746550658,289.0,477.2,99.0,368.5558542092171,27.0,57,2.6,0.24,66.49088962151336,235.65006713190985,False,normal
2023-11-28 17:00:00+05:30,72.61751325837184,114.0,311.9,53.0,162.0963911658233,25.0,67,1.34,0.21,78.71800446571342,242.7431323572828,False,normal
2023-11-28 18:00:00+05:30,3.625966857403174,7.0,30.4,5.0,8.03876725858501,22.5,83,1.91,0.12,91.6512117050719,248.04545055460304,False,normal
2023-11-28 19:00:00+05:30,0.0,0.0,0.0,0.0,0.0,22.0,85,1.5,0.1,105.02116527792931,252.1337746015072,False,normal
2023-11-28 20:00:00+05:30,0.0,0.0,0.0,0.0,0.0,21.0,90,1.43,0.03,118.66945413947624,255.33017520312484,False,normal
2023-11-28 21:00:00+05:30,0.0,0.0,0.0,0.0,0.0,19.8,95,1.65,0.01,132.4957197196983,257.75070971811056,False,normal
2023-11-28 22:00:00+05:30,0.0,0.0,0.0,0.0,0.0,20.3,93,1.22,0.03,146.42735345080794,259.2124490315927,False,normal
2023-11-28 23:00:00+05:30,0.0,0.0,0.0,0.0,0.0,19.7,96,0.28,0.02,160.3861870300308,258.48437355295414,False,normal
2023-11-29 00:00:00+05:30,0.0,0.0,0.0,0.0,0.0,18.0,99,1.35,0.04,173.992169094809,241.8006269048312,False,normal
2023-11-29 01:00:00+05:30,0.0,0.0,0.0,0.0,0.0,18.9,99,0.81,0.01,170.82624591064567,109.05083859549296,False,normal
2023-11-29 02:00:00+05:30,0.0,0.0,0.0,0.0,0.0,18.5,100,0.73,1.0,157.01211929476818,101.00998360229976,False,normal
2023-11-29 03:00:00+05:30,0.0,0.0,0.0,0.0,0.0,17.9,100,0.28,1.0,143.05255128453547,101.0849167132227,False,normal
2023-11-29 04:00:00+05:30,0.0,0.0,0.0,0.0,0.0,18.4,100,1.48,1.0,129.14490101414592,102.82849271871612,False,normal
2023-11-29 05:00:00+05:30,0.0,0.0,0.0,0.0,0.0,18.6,100,1.32,1.0,115.36093551472447,105.443844660653,False,normal
2023-11-29 06:00:00+05:30,0.0,0.0,0.0,0.0,0.0,18.8,99,1.1,1.0,101.7781216989198,108.84498149777755,False,normal
2023-11-29 07:00:00+05:30,3.599510548832517,8.0,0.0,8.0,7.853169548885461,18.9,99,0.89,1.0,88.50828764085915,113.19887863176422,False,normal
2023-11-29 08:00:00+05:30,26.511542182869736,60.0,0.0,60.0,58.89877161664096,19.4,96,1.51,1.0,75.73157012277717,118.88155177114254,False,normal
2023-11-29 09:00:00+05:30,76.81418680332715,165.0,50.0,143.0,171.5816004109627,21.5,85,1.87,1.0,63.75827994607874,126.54503626864933,False,normal
2023-11-29 10:00:00+05:30,117.07082416987387,266.0,58.6,231.0,273.7261521251518,23.2,77,1.42,0.95,53.145598991199655,137.21618489178132,False,normal
2023-11-29 11:00:00+05:30,233.21489515337208,505.0,298.9,294.0,564.4845967599047,25.4,67,1.2,0.37,44.87872046275548,152.1711353542796,False,normal
2023-11-29 12:00:00+05:30,341.3256030020509,701.0,688.1,179.0,834.2777301567808,26.9,59,1.28,0.15,40.42962585467655,171.7652217136142,False,normal
2023-11-29 13:00:00+05:30,342.814511329491,705.0,743.7,146.0,845.4477652470224,27.9,53,1.49,0.09,41.06136661096536,193.1942742510907,False,normal
2023-11-29 14:00:00+05:30,314.01051934154293,633.0,741.0,125.0,768.440412385491,28.4,50,1.89,0.15,46.56700666096332,211.78603951887712,False,normal
2023-11-29 15:00:00+05:30,250.19546660687743,488.0,664.0,113.0,604.7615351551899,28.2,49,2.44,0.18,55.51191660912063,225.61155322491163,False,normal
2023-11-29 16:00:00+05:30,175.0823811461013,315.0,573.4,87.0,409.9903541145397,27.5,51,2.12,0.33,66.51818183119323,235.444677781396,False,normal
2023-11-29 17:00:00+05:30,81.82122404470478,123.0,373.4,50.0,180.7012066272174,25.5,60,1.8,0.15,78.71982229258661,242.54927796914785,False,normal
2023-11-29 18:00:00+05:30,3.64148829010317,7.0,30.4,5.0,8.08421712193337,23.5,67,2.95,0.04,91.63313082774124,247.8563281143857,False,normal
2023-11-29 19:00:00+05:30,0.0,0.0,0.0,0.0,0.0,22.1,77,2.3,0.09,104.98681800036368,251.940627951678,False,normal
2023-11-29 20:00:00+05:30,0.0,0.0,0.0,0.0,0.0,20.8,84,1.53,0.03,118.62103888105918,255.1214277851197,False,normal
2023-11-29 21:00:00+05:30,0.0,0.0,0.0,0.0,0.0,19.5,91,1.8,0.11,132.43421111415284,257.5080539578783,False,normal
2023-11-29 22:00:00+05:30,0.0,0.0,0.0,0.0,0.0,20.2,86,0.51,0.99,146.35213923958412,258.8990775033335,False,normal
2023-11-29 23:00:00+05:30,0.0,0.0,0.0,0.0,0.0,18.5,95,1.06,0.87,160.29247935268563,257.9970106231064,False,normal
2023-11-30 00:00:00+05:30,0.0,0.0,0.0,0.0,0.0,18.0,97,1.04,0.84,173.84349704751983,240.70450502783552,False,normal
2023-11-30 01:00:00+05:30,0.0,0.0,0.0,0.0,0.0,17.0,100,0.82,0.84,170.85517249693558,110.22066976414236,False,normal
2023-11-30 02:00:00+05:30,0.0,0.0,0.0,0.0,0.0,16.6,100,0.54,1.0,157.0842808212126,101.45581727276124,False,normal
2023-11-30 03:00:00+05:30,0.0,0.0,0.0,0.0,0.0,16.5,100,0.71,1.0,143.1412003998314,101.3610714776521,False,normal
2023-11-30 04:00:00+05:30,0.0,0.0,0.0,0.0,0.0,16.9,99,0.28,1.0,129.24573450080018,103.03296137935148,False,normal
2023-11-30 05:00:00+05:30,0.0,0.0,0.0,0.0,0.0,17.1,99,0.1,1.0,115.47294115196118,105.61049103103636,False,normal
2023-11-30 06:00:00+05:30,0.0,0.0,0.0,0.0,0.0,17.0,99,1.14,1.0,101.9014412810706,108.98917190002372,False,normal
2023-11-30 07:00:00+05:30,7.707240034938292,15.0,22.1,13.0,16.94327209240419,17.6,98,0.57,1.0,88.64371711780213,113.32816735139414,False,normal
2023-11-30 08:00:00+05:30,68.54942591740728,123.0,161.0,84.0,149.0605741337871,19.4,92,0.51,0.75,75.88033057056069,118.99843307807294,False,normal
2023-11-30 09:00:00+05:30,175.72152184382924,336.0,432.1,147.0,413.78398766273256,22.5,80,0.5,0.23,63.92157909753989,126.64608463821304,False,normal
2023-11-30 10:00:00+05:30,256.5942546690019,500.0,598.5,144.0,609.8289474236902,25.4,67,2.52,0.46,53.32319873603382,137.28761253128658,False,normal
2023-11-30 11:00:00+05:30,249.4512902107596,504.0,466.1,176.0,592.6637272693064,26.6,60,3.35,0.5,45.064935824079605,152.18234253837727,False,normal
2023-11-30 12:00:00+05:30,297.29965101541984,604.0,535.3,199.0,708.9127735132765,27.6,57,3.31,0.41,40.60709898859338,171.67862599054035,False,normal
2023-11-30 13:00:00+05:30,328.62875489133364,661.0,648.0,175.0,786.2974910793996,28.9,51,2.75,0.26,41.20497363046366,193.0146469577572,False,normal
2023-11-30 14:00:00+05:30,306.9639567030501,614.0,681.0,148.0,741.370435466369,29.2,49,2.73,0.19,46.6640468623173,211.5680838522256,False,normal
2023-11-30 15:00:00+05:30,251.50181129063495,480.0,654.3,111.0,595.4345119268378,28.7,50,3.0,0.16,55.56663809064149,225.3965140992608,False,normal
2023-11-30 16:00:00+05:30,170.6821778937645,308.0,541.2,93.0,398.88635265786064,27.7,53,2.82,0.21,66.5399736809034,235.24401365167407,False,normal
2023-11-30 17:00:00+05:30,72.849929414273,117.0,332.5,52.0,168.93269067641586,26.0,62,2.21,0.17,78.71661967287676,242.360519303813,False,normal
2023-11-30 18:00:00+05:30,3.687271188657798,7.0,30.3,5.0,8.120860223502271,23.2,71,1.66,0.02,91.61043863877478,247.67272138050112,False,normal
2023-11-30 19:00:00+05:30,0.0,0.0,0.0,0.0,0.0,22.4,75,2.16,0.0,104.94821094096667,251.75364091861584,False,normal
2023-11-30 20:00:00+05:30,0.0,0.0,0.0,0.0,0.0,20.8,84,1.63,0.0,118.5686709517443,254.91992223286675,False,normal
2023-11-30 21:00:00+05:30,0.0,0.0,0.0,0.0,0.0,19.8,91,1.4,0.01,132.36902273636252,257.27459659822443,False,normal
2023-11-30 22:00:00+05:30,0.0,0.0,0.0,0.0,0.0,19.4,92,0.51,0.0,146.27349292414343,258.59897292104165,False,normal
2023-11-30 23:00:00+05:30,0.0,0.0,0.0,0.0,0.0,18.8,94,1.81,0.02,160.19560232823966,257.534586567781,False,normal
2023-12-01 00:00:00+05:30,0.0,0.0,0.0,0.0,0.0,18.2,95,0.8,0.0,173.6937005527579,239.72501186324172,False,normal
2023-12-01 01:00:00+05:30,0.0,0.0,0.0,0.0,0.0,17.8,98,0.78,0.0,170.88479722803896,111.36184537825376,False,normal
2023-12-01 02:00:00+05:30,0.0,0.0,0.0,0.0,0.0,16.9,99,1.26,0.23,157.15807520536734,101.88732532011602,False,normal
2023-12-01 03:00:00+05:30,0.0,0.0,0.0,0.0,0.0,16.4,100,1.08,1.0,143.23140877460554,101.62692443275137,False,normal
2023-12-01 04:00:00+05:30,0.0,0.0,0.0,0.0,0.0,16.5,99,0.58,1.0,129.3478739978791,103.22896606955317,False,normal
2023-12-01 05:00:00+05:30,0.0,0.0,0.0,0.0,0.0,16.4,99,0.3,1.0,115.58590186652856,105.76956950175496,False,normal
2023-12-01 06:00:00+05:30,0.0,0.0,0.0,0.0,0.0,17.3,99,0.3,1.0,102.02526797254885,109.12615613515813,False,normal
2023-12-01 07:00:00+05:30,5.416224117108954,12.0,0.0,12.0,11.779754323328191,17.8,97,0.36,1.0,88.77908106246699,113.45023868699002,False,normal
2023-12-01 08:00:00+05:30,33.9298649348422,76.0,0.0,76.0,74.60511071441188,18.1,99,0.5,1.0,76.0282767259879,119.10779275002108,False,normal
2023-12-01 09:00:00+05:30,95.45250257472324,205.0,57.5,180.0,212.9513182035429,19.8,93,0.4,1.0,64.08306199346644,126.7391191160848,False,normal
2023-12-01 10:00:00+05:30,241.99374741891083,479.0,464.2,204.0,568.4949104442813,23.2,79,0.71,0.28,53.497644380970485,137.35067396819204,False,normal
2023-12-01 11:00:00+05:30,320.9378769524567,623.0,667.2,155.0,749.8291662277434,25.6,67,0.0,0.3,45.24635971626941,152.18589169411666,False,normal
2023-12-01 12:00:00+05:30,319.9115064417228,655.0,652.0,163.0,780.8835646926743,26.9,59,0.81,0.23,40.77829576500428,171.5873910177329,False,normal
2023-12-01 13:00:00+05:30,326.29778207701685,674.0,690.8,157.0,806.6395851826616,28.3,51,1.22,0.22,41.341693542902966,192.83476321912016,False,normal
2023-12-01 14:00:00+05:30,301.7722586792604,599.0,685.1,131.0,725.9997034323193,29.0,46,2.06,0.14,46.75444740140642,211.35292798810028,False,normal
2023-12-01 15:00:00+05:30,252.49065521170303,485.0,656.9,115.0,601.9951198828612,28.9,44,2.72,0.16,55.61528081389345,225.1856737790846,False,normal
2023-12-01 16:00:00+05:30,177.63935349396493,320.0,571.8,93.0,416.6840674816128,28.0,44,2.79,0.12,66.5562571404333,235.04815519456767,False,normal
2023-12-01 17:00:00+05:30,83.59045621823158,126.0,383.4,51.0,186.23868630910903,25.9,52,2.22,0.07,78.70841064055801,242.17694567069253,False,normal
2023-12-01 18:00:00+05:30,3.64769137384103,7.0,30.3,5.0,8.169624630877276,22.8,63,1.81,0.03,91.5831708578294,247.49472560389245,False,normal
2023-12-01 19:00:00+05:30,0.0,0.0,0.0,0.0,0.0,21.3,69,1.75,0.02,104.90540175878536,251.57291505212936,False,normal
2023-12-01 20:00:00+05:30,0.0,0.0,0.0,0.0,0.0,19.7,79,2.02,0.0,118.5124319468904,254.7257688518518,False,normal
2023-12-01 21:00:00+05:30,0.0,0.0,0.0,0.0,0.0,19.7,78,1.26,0.0,132.30026567525104,257.0504601553249,False,normal
2023-12-01 22:00:00+05:30,0.0,0.0,0.0,0.0,0.0,18.1,87,1.39,0.0,146.1915696098957,258.3122675927283,False,normal
2023-12-01 23:00:00+05:30,0.0,0.0,0.0,0.0,0.0,18.4,84,1.96,0.0,160.09580304909207,257.0971365086637,False,normal
2023-12-02 00:00:00+05:30,0.0,0.0,0.0,0.0,0.0,19.9,75,0.42,0.0,173.5433680035512,238.8544970054325,False,normal
2023-12-02 01:00:00+05:30,0.0,0.0,0.0,0.0,0.0,17.7,87,1.12,0.0,170.91538463185128,112.4742507321896,False,normal
2023-12-02 02:00:00+05:30,0.0,0.0,0.0,0.0,0.0,17.2,91,0.94,0.01,157.23356875168943,102.30427912638766,False,normal
2023-12-02 03:00:00+05:30,0.0,0.0,0.0,0.0,0.0,17.6,89,0.76,0.01,143.32318023723326,101.88232010510173,False,normal
2023-12-02 04:00:00+05:30,0.0,0.0,0.0,0.0,0.0,17.0,94,0.92,0.0,129.45128890986416,103.41639360983515,False,normal
2023-12-02 05:00:00+05:30,0.0,0.0,0.0,0.0,0.0,17.7,92,0.1,0.0,115.69976290620164,105.92099377870574,False,normal
2023-12-02 06:00:00+05:30,0.0,0.0,0.0,0.0,0.0,18.1,100,1.6,0.2,102.149527667847,109.25586837488017,False,normal
2023-12-02 07:00:00+05:30,11.286592595636751,18.0,68.1,12.0,24.71756522834909,18.9,99,1.2,0.57,88.91428884280722,113.56504640905598,False,normal
2023-12-02 08:00:00+05:30,101.26569543859554,162.0,387.7,70.0,225.82710833033204,21.3,88,0.89,0.59,76.1753040510159,119.209608408873,False,normal
2023-12-02 09:00:00+05:30,199.91926036234412,366.0,612.8,101.0,472.31396369683296,23.8,76,2.18,0.78,64.24261452242536,126.82415137757756,False,normal
2023-12-02 10:00:00+05:30,285.1245854085796,549.0,732.2,117.0,681.7518848277014,25.9,66,3.32,0.81,53.66882120572441,137.40542872364807,False,normal
2023-12-02 11:00:00+05:30,306.8166410623624,613.0,676.4,140.0,740.6205633050038,27.8,53,3.86,0.85,45.42289206906415,152.1818871904661,False,normal
2023-12-02 12:00:00+05:30,315.84793927969656,666.0,686.8,149.0,797.931900071592,28.9,47,4.17,0.93,40.943141784061865,171.49161225221007,False,normal
2023-12-02 13:00:00+05:30,351.85008371222483,716.0,776.5,136.0,863.6814431742291,29.5,44,3.72,0.99,41.47146989333256,192.65467361542883,False,normal
2023-12-02 14:00:00+05:30,282.2259623915078,571.0,601.1,161.0,685.385234922025,29.5,43,2.89,0.99,46.8381646943112,211.14062074647453,False,normal
2023-12-02 15:00:00+05:30,187.5628077275548,404.0,490.6,128.0,492.4129987389176,29.5,43,2.31,0.97,55.65781963558073,224.97910143528412,True,mppt_underperf
2023-12-02 16:00:00+05:30,147.04435537573133,298.0,496.5,101.0,383.1497737746061,29.1,44,1.9,0.92,66.56702911437152,234.8571860155837,True,mppt_underperf
2023-12-02 17:00:00+05:30,55.85397179050732,105.0,224.7,61.0,141.06073469884348,27.7,60,1.4,0.53,78.69521440657769,241.99864806905788,True,mppt_underperf
2023-12-02 18:00:00+05:30,2.602079411486397,6.0,15.1,5.0,6.55870281895912,24.4,68,1.39,0.49,91.55136838644438,247.3224364160734,True,mppt_underperf
2023-12-02 19:00:00+05:30,0.0,0.0,0.0,0.0,0.0,24.5,69,0.45,0.31,104.85845310685782,251.39855089997025,True,mppt_underperf
2023-12-02 20:00:00+05:30,0.0,0.0,0.0,0.0,0.0,22.4,79,2.28,0.17,118.45240805348836,254.53907510219088,True,mppt_underperf
2023-12-02 21:00:00+05:30,0.0,0.0,0.0,0.0,0.0,21.6,76,2.12,0.12,132.22805486475383,256.8357611070534,True,mppt_underperf
2023-12-02 22:00:00+05:30,0.0,0.0,0.0,0.0,0.0,20.6,81,2.09,0.17,146.1065266674023,258.0390803101657,True,mppt_underperf
2023-12-02 23:00:00+05:30,0.0,0.0,0.0,0.0,0.0,20.3,81,1.56,0.03,159.99332578213887,256.6846551673709,True,mppt_underperf
2023-12-03 00:00:00+05:30,0.0,0.0,0.0,0.0,0.0,19.2,89,2.34,0.05,173.39302527631634,238.08574824487437,True,mppt_underperf
2023-12-03 01:00:00+05:30,0.0,0.0,0.0,0.0,0.0,18.8,92,2.3,0.19,170.94718847414185,113.55780679222153,True,mppt_underperf
2023-12-03 02:00:00+05:30,0.0,0.0,0.0,0.0,0.0,20.0,86,1.81,0.18,157.31082036283038,102.70644401696528,False,normal
2023-12-03 03:00:00+05:30,0.0,0.0,0.0,0.0,0.0,18.2,94,2.24,0.11,143.4165119759748,102.12710123585724,False,normal
2023-12-03 04:00:00+05:30,0.0,0.0,0.0,0.0,0.0,18.5,94,1.61,0.21,129.55594264099645,103.59513115104414,False,normal
2023-12-03 05:00:00+05:30,0.0,0.0,0.0,0.0,0.0,18.5,94,1.65,0.2,115.81446414106104,106.06467907182127,False,normal
2023-12-03 06:00:00+05:30,0.0,0.0,0.0,0.0,0.0,18.5,95,1.52,0.83,102.27414156289689,109.3782451082011,False,normal
2023-12-03 07:00:00+05:30,11.90324412437892,18.0,80.5,11.0,25.9983225678766,19.2,92,1.93,0.96,89.04924592321638,113.67254726593546,False,normal
2023-12-03 08:00:00+05:30,102.17182582181744,161.0,387.4,70.0,225.15516046197564,21.5,83,1.58,0.86,76.32130507031779,119.30386117600602,False,normal
2023-12-03 09:00:00+05:30,206.56934739534827,367.0,630.2,96.0,476.1748458398757,23.9,73,2.04,0.72,64.4001208081009,126.9011967720403,False,normal
2023-12-03 10:00:00+05:30,284.2306002728104,549.0,747.0,110.0,684.1100492815856,26.1,63,3.01,0.79,53.83661400516267,137.45193935229702,False,normal
2023-12-03 11:00:00+05:30,333.47960271596764,673.0,780.3,129.0,819.8831213147074,28.0,54,3.73,0.98,45.59443333865512,152.17043507245216,False,normal
2023-12-03 12:00:00+05:30,337.1109850731221,678.0,717.7,139.0,815.4760432227953,28.8,48,3.58,0.99,41.10156375644288,171.39138758517322,False,normal
2023-12-03 13:00:00+05:30,319.5677084431324,653.0,674.7,150.0,782.916751334703,29.5,44,3.23,0.97,41.594248375182005,192.47443425227743,False,normal
2023-12-03 14:00:00+05:30,305.14961211201233,614.0,701.8,136.0,745.8752632271642,29.7,43,3.4,0.87,46.91515870797032,210.93121688072495,False,normal
2023-12-03 15:00:00+05:30,252.9863006433185,478.0,665.4,104.0,596.3920301271804,29.5,44,3.03,0.95,55.69423395690907,224.77687062429715,False,normal
2023-12-03 16:00:00+05:30,163.86206928449326,299.0,514.3,95.0,387.0097285940444,28.8,47,2.61,0.88,66.57229155963927,234.6711923957412,False,normal
2023-12-03 17:00:00+05:30,80.78206565014719,125.0,382.6,50.0,185.68000324220208,26.8,55,2.01,0.92,78.67705540134568,241.825718703288,False,normal
2023-12-03 18:00:00+05:30,3.734343601460316,7.0,30.1,5.0,8.250014387380071,25.3,57,2.44,0.21,91.51507727855017,247.15594933064324,False,normal
2023-12-03 19:00:00+05:30,0.0,0.0,0.0,0.0,0.0,24.7,61,2.47,0.3,104.80743252745204,251.23064748577883,False,normal
2023-12-03 20:00:00+05:30,0.0,0.0,0.0,0.0,0.0,23.3,70,1.6,0.3,118.3886898650224,254.35994504614388,False,normal
2023-12-03 21:00:00+05:30,0.0,0.0,0.0,0.0,0.0,22.0,79,2.11,0.15,132.15250880004606,256.630609327001,False,normal
2023-12-03 22:00:00+05:30,0.0,0.0,0.0,0.0,0.0,21.3,83,2.24,0.1,146.01852331297093,257.77951596927176,False,normal
2023-12-03 23:00:00+05:30,0.0,0.0,0.0,0.0,0.0,20.6,87,2.38,0.05,159.88841133988058,256.2970989924616,False,normal
2023-12-04 00:00:00+05:30,0.0,0.0,0.0,0.0,0.0,20.0,90,1.64,0.02,173.24314169090104,237.41202290955167,False,normal
2023-12-04 01:00:00+05:30,0.0,0.0,0.0,0.0,0.0,19.5,92,1.92,0.03,170.9804516528497,114.61246335834738,False,normal
2023-12-04 02:00:00+05:30,0.0,0.0,0.0,0.0,0.0,20.1,89,1.64,0.2,157.38988154791653,103.09357939306835,False,normal
2023-12-04 03:00:00+05:30,0.0,0.0,0.0,0.0,0.0,19.2,94,1.3,0.27,143.51139464076437,102.36110925180822,False,normal
2023-12-04 04:00:00+05:30,0.0,0.0,0.0,0.0,0.0,18.8,95,1.39,0.1,129.66179277328388,103.76506662740542,False,normal
2023-12-04 05:00:00+05:30,0.0,0.0,0.0,0.0,0.0,18.1,96,1.91,0.03,115.92994031230046,106.20054249172917,False,normal
2023-12-04 06:00:00+05:30,0.0,0.0,0.0,0.0,0.0,19.3,93,1.92,0.89,102.39902646115978,109.49322548132552,False,normal
2023-12-04 07:00:00+05:30,11.048439471415405,17.0,70.0,11.0,24.23374910820853,19.4,95,0.92,0.91,89.18385421681158,113.77270126612969,False,normal
2023-12-04 08:00:00+05:30,104.75195605316355,164.0,434.3,63.0,235.29556583195355,21.8,86,0.72,1.0,76.4661697656384,119.39053588449724,False,normal
2023-12-04 09:00:00+05:30,204.3280553951633,363.0,612.6,101.0,470.2119632863662,24.0,73,1.6,1.0,64.55546363125708,126.97027444515538,False,normal
2023-12-04 10:00:00+05:30,284.2939866838537,544.0,722.5,121.0,676.5141804750322,26.0,63,2.3,1.0,54.000907514648006,137.49027146256356,False,normal
2023-12-04 11:00:00+05:30,334.3224671462556,671.0,765.3,139.0,816.7473737813765,27.6,56,2.7,1.0,45.76088490828469,152.15164299600335,False,normal
2023-12-04 12:00:00+05:30,355.15960872248,737.0,798.1,139.0,890.7538702459169,28.8,50,2.84,1.0,41.25348986152393,171.2868171061225,False,normal
2023-12-04 13:00:00+05:30,367.9002886555612,739.0,815.6,132.0,894.9877744308059,29.6,45,2.55,1.0,41.70997709582907,192.29410628572367,False,normal
2023-12-04 14:00:00+05:30,330.6221244580883,658.0,774.8,131.0,803.8718444473757,30.1,40,2.1,0.98,46.98539311551656,210.7247765726065,False,normal
2023-12-04 15:00:00+05:30,264.7662820197606,517.0,742.5,100.0,649.3847402958712,30.1,39,1.65,0.97,55.72450779095636,224.57905882277896,False,normal
2023-12-04 16:00:00+05:30,173.24836838050408,310.0,569.8,84.0,406.6621183256643,29.2,43,1.42,0.79,66.57205147798591,234.4902628475568,False,normal
2023-12-04 17:00:00+05:30,86.27030257332291,134.0,402.3,55.0,199.11657552580823,26.5,63,2.1,0.98,78.65396319747309,241.6582505451004,False,normal
2023-12-04 18:00:00+05:30,3.7747672562525096,7.0,30.0,5.0,8.292083062099428,24.9,58,2.72,0.73,91.47434859297974,246.99535930184385,False,normal
2023-12-04 19:00:00+05:30,0.0,0.0,0.0,0.0,0.0,23.4,64,2.8,0.77,104.75241223763229,251.0693018587112,False,normal
2023-12-04 20:00:00+05:30,0.0,0.0,0.0,0.0,0.0,23.0,64,1.94,0.98,118.32137209471912,254.18847888802924,False,normal
2023-12-04 21:00:00+05:30,0.0,0.0,0.0,0.0,0.0,24.1,60,1.41,1.0,132.07374916966802,256.4351076474078,False,normal
2023-12-04 22:00:00+05:30,0.0,0.0,0.0,0.0,0.0,21.9,71,1.88,0.98,145.9277201242081,257.5336653893438,False,normal
2023-12-04 23:00:00+05:30,0.0,0.0,0.0,0.0,0.0,21.2,76,1.7,0.95,159.7812964337471,255.9343885683921,False,normal
2023-12-05 00:00:00+05:30,0.0,0.0,0.0,0.0,0.0,19.5,88,1.5,1.0,173.09413549962613,236.8270582610076,False,normal
2023-12-05 01:00:00+05:30,0.0,0.0,0.0,0.0,0.0,19.0,91,1.17,1.0,171.015406191797,115.63819226483298,False,normal
2023-12-05 02:00:00+05:30,0.0,0.0,0.0,0.0,0.0,19.5,89,1.12,1.0,157.47079647332907,103.46543876092448,False,normal
2023-12-05 03:00:00+05:30,0.0,0.0,0.0,0.0,0.0,17.9,96,1.84,1.0,143.60781248944667,102.58418466146252,False,normal
2023-12-05 04:00:00+05:30,0.0,0.0,0.0,0.0,0.0,17.6,95,2.02,0.82,129.76879128618395,103.9260891437595,False,normal
2023-12-05 05:00:00+05:30,0.0,0.0,0.0,0.0,0.0,18.8,90,1.66,0.94,116.0461213080007,106.3285033867004,False,normal
2023-12-05 06:00:00+05:30,0.0,0.0,0.0,0.0,0.0,18.5,92,1.32,1.0,102.52409509891748,109.60075157998676,False,normal
2023-12-05 07:00:00+05:30,9.697313139960825,16.0,47.3,12.0,21.2806155341184,18.4,92,0.99,1.0,89.31801245686619,113.86547190027272,False,normal
2023-12-05 08:00:00+05:30,96.86052639989998,159.0,377.8,72.0,222.4742092400848,20.8,83,0.54,0.93,76.60978597908183,119.46962123003692,False,normal
2023-12-05 09:00:00+05:30,205.24367418882844,367.0,632.3,98.0,477.6724675091792,23.2,74,0.98,1.0,64.70852484738853,127.03140740136256,False,normal
2023-12-05 10:00:00+05:30,266.08820262058674,521.0,612.0,164.0,637.917279065657,25.3,66,1.52,1.0,54.16158681633348,137.5204936855369,False,normal
2023-12-05 11:00:00+05:30,333.4799169798824,661.0,718.4,163.0,800.8353289014507,27.0,58,2.2,1.0,45.92214946249223,152.12562011919056,False,normal
2023-12-05 12:00:00+05:30,362.83904760257946,743.0,814.5,134.0,899.8573464687613,28.2,51,1.92,0.17,41.39885007264153,171.17800285559906,False,normal
2023-12-05 13:00:00+05:30,357.17030635803565,746.0,845.2,118.0,906.5041454877108,29.2,45,1.88,0.98,41.81860681405843,192.11375547282168,False,normal
2023-12-05 14:00:00+05:30,316.13769625060746,659.0,780.1,129.0,806.1931376151485,29.8,41,1.66,1.0,47.048835431149016,210.52136495604967,False,normal
2023-12-05 15:00:00+05:30,268.57365286721307,508.0,682.4,125.0,633.2212651549521,29.9,38,1.63,0.99,55.74862981599109,224.3857469873031,False,normal
2023-12-05 16:00:00+05:30,162.6816263746304,298.0,456.3,117.0,379.0578078156916,29.0,41,1.43,1.0,66.56632090002654,234.31448769351937,False,normal
2023-12-05 17:00:00+05:30,63.63019585044222,106.0,223.5,62.0,142.55204565567155,26.6,56,1.41,1.0,78.62597242992605,241.49633691817783,False,normal
2023-12-05 18:00:00+05:30,3.447963075930828,7.0,14.9,6.0,7.646688717326661,24.2,61,1.71,0.99,91.42923825395825,246.84076030884785,False,normal
2023-12-05 19:00:00+05:30,0.0,0.0,0.0,0.0,0.0,23.4,63,1.94,1.0,104.69346892882164,250.9146086722343,False,normal
2023-12-05 20:00:00+05:30,0.0,0.0,0.0,0.0,0.0,22.0,68,1.8,0.99,118.25055331093104,254.0247725505942,False,normal
2023-12-05 21:00:00+05:30,0.0,0.0,0.0,0.0,0.0,21.5,71,1.98,0.97,131.99190050647897,256.2493514705519,False,normal
2023-12-05 22:00:00+05:30,0.0,0.0,0.0,0.0,0.0,21.1,75,1.7,1.0,145.83427858319592,257.3016052075138,False,normal
2023-12-05 23:00:00+05:30,0.0,0.0,0.0,0.0,0.0,19.8,83,2.0,1.0,159.67221310853324,255.59641104541424,False,normal
2023-12-06 00:00:00+05:30,0.0,0.0,0.0,0.0,0.0,19.2,87,1.7,0.97,172.94637892355905,236.3250663978422,False,normal
2023-12-06 01:00:00+05:30,0.0,0.0,0.0,0.0,0.0,18.7,91,1.64,0.98,171.05227321330852,116.63498078384544,False,normal
2023-12-06 02:00:00+05:30,0.0,0.0,0.0,0.0,0.0,18.2,93,1.98,0.9,157.55360195695906,103.8217697963678,False,normal
2023-12-06 03:00:00+05:30,0.0,0.0,0.0,0.0,0.0,18.1,93,1.68,0.81,143.70574347838854,102.79616747999528,False,normal
2023-12-06 04:00:00+05:30,0.0,0.0,0.0,0.0,0.0,17.7,95,1.5,0.31,129.87688472037138,104.07808938470583,False,normal
2023-12-06 05:00:00+05:30,0.0,0.0,0.0,0.0,0.0,17.6,96,1.43,0.62,116.1629323842686,106.448483697918,False,normal
2023-12-06 06:00:00+05:30,0.0,0.0,0.0,0.0,0.0,18.0,98,1.21,1.0,102.64925641307626,109.70076873027024,False,normal
2023-12-06 07:00:00+05:30,2.744364340833628,6.0,0.0,6.0,5.889877161664096,19.2,94,1.04,1.0,89.4516165008078,113.95082638774971,False,normal
2023-12-06 08:00:00+05:30,32.51366814480419,68.0,13.2,65.0,69.05056885496833,20.5,89,1.53,0.97,76.75203974943034,119.54110995413124,False,normal
2023-12-06 09:00:00+05:30,155.1573399468529,286.0,392.3,120.0,356.11003763663086,22.4,79,2.44,1.0,64.85918574206025,127.0846226116405,False,normal
2023-12-06 10:00:00+05:30,215.1153771942765,420.0,413.0,180.0,499.3071904282836,23.8,72,2.73,0.98,54.31853769224281,137.5426777107947,False,normal
2023-12-06 11:00:00+05:30,303.2321854153293,594.0,580.0,193.0,709.2998096911115,25.4,64,2.51,0.7,46.07813132070949,152.09247709859426,False,normal
2023-12-06 12:00:00+05:30,313.6914142134362,636.0,591.0,195.0,754.6539246727314,26.5,57,1.75,0.73,41.53757646996197,171.06504871028392,False,normal
2023-12-06 13:00:00+05:30,335.1923724173298,677.0,676.7,175.0,811.2479022936757,27.5,52,1.2,0.57,41.92009120032697,191.93345187003823,False,normal
2023-12-06 14:00:00+05:30,318.66609809371727,639.0,741.1,136.0,780.0481138914532,28.0,49,1.14,0.61,47.10545719970415,210.321051761558,False,normal
2023-12-06 15:00:00+05:30,240.7508877418112,472.0,622.1,123.0,586.1811114609342,28.0,46,1.04,0.35,55.76659350152449,224.19701919718665,False,normal
2023-12-06 16:00:00+05:30,162.3350712482102,297.0,503.9,97.0,384.6614111301016,27.5,47,1.08,0.18,66.55511695303423,234.14395870400816,False,normal
2023-12-06 17:00:00+05:30,72.05012564507089,117.0,314.1,55.0,168.10253089294417,25.4,64,1.5,0.25,78.59312280763272,241.34007112908057,False,normal
2023-12-06 18:00:00+05:30,4.253946663065259,8.0,29.7,6.0,9.44917558097997,23.0,68,2.61,0.16,91.37980700860632,246.69224497964396,False,normal
2023-12-06 19:00:00+05:30,0.0,0.0,0.0,0.0,0.0,21.9,75,1.75,0.74,104.63068366619548,250.7666597999888,False,normal
2023-12-06 20:00:00+05:30,0.0,0.0,0.0,0.0,0.0,22.1,74,1.65,0.46,118.17633577309712,253.8689172900721,False,normal
2023-12-06 21:00:00+05:30,0.0,0.0,0.0,0.0,0.0,20.7,83,1.61,0.14,131.90708995660538,256.07342842846646,False,normal
2023-12-06 22:00:00+05:30,0.0,0.0,0.0,0.0,0.0,19.7,88,1.77,0.36,145.73836075389522,257.0833978337852,False,normal
2023-12-06 23:00:00+05:30,0.0,0.0,0.0,0.0,0.0,19.4,90,1.7,0.45,159.56138833661214,255.2830225203361,False,normal
2023-12-07 00:00:00+05:30,0.0,0.0,0.0,0.0,0.0,19.2,89,1.28,0.15,172.80020278285383,235.90071834087536,False,normal
2023-12-07 01:00:00+05:30,0.0,0.0,0.0,0.0,0.0,18.9,91,1.3,0.02,171.09126281838056,117.60282496227052,False,normal
2023-12-07 02:00:00+05:30,0.0,0.0,0.0,0.0,0.0,17.7,95,1.88,0.06,157.63832732112672,104.16231440123062,False,normal
2023-12-07 03:00:00+05:30,0.0,0.0,0.0,0.0,0.0,17.6,95,1.62,0.09,143.80515921609708,102.99689766887128,False,normal
2023-12-07 04:00:00+05:30,0.0,0.0,0.0,0.0,0.0,17.9,95,1.13,0.17,129.9860142046552,104.22096004050104,False,normal
2023-12-07 05:00:00+05:30,0.0,0.0,0.0,0.0,0.0,17.5,98,0.81,0.09,116.28029424877462,106.56040833358298,False,normal
2023-12-07 06:00:00+05:30,0.0,0.0,0.0,0.0,0.0,17.4,97,0.7,0.69,102.77441567237912,109.79322582211095,False,normal
2023-12-07 07:00:00+05:30,8.26299671921971,14.0,36.5,11.0,17.899240839306266,17.3,98,0.61,0.77,89.5845595024424,114.02873595181563,False,normal
2023-12-07 08:00:00+05:30,81.16944731144146,138.0,243.8,83.0,179.90952622415267,19.7,89,0.58,0.85,76.89281551321353,119.60499907129416,False,normal
2023-12-07 09:00:00+05:30,135.9360872729329,262.0,221.0,169.0,302.6795322059276,21.9,80,2.12,0.97,65.00732725122779,127.12995119251345,False,normal
2023-12-07 10:00:00+05:30,178.08842617260294,374.0,200.3,258.0,412.7043152429064,23.4,71,1.92,0.38,54.47164685239848,137.5568984369673,False,normal
2023-12-07 11:00:00+05:30,272.1833226409826,531.0,500.4,186.0,629.8320613923374,24.5,65,1.48,0.34,46.22873667348236,152.0523262557822,False,normal
2023-12-07 12:00:00+05:30,333.63564553165367,670.0,672.8,169.0,803.4479553471415,25.8,59,1.06,0.21,41.66960350055463,170.94806050043485,False,normal
2023-12-07 13:00:00+05:30,330.8716266726063,675.0,706.0,152.0,813.2003509233425,26.7,55,0.81,0.54,42.01438710177354,191.7532697732375,False,normal
2023-12-07 14:00:00+05:30,265.28944865839907,517.0,494.0,182.0,613.901431186095,26.9,52,0.7,0.29,47.15523424086515,210.12391116629885,False,normal
2023-12-07 15:00:00+05:30,234.2377487587385,454.0,550.9,145.0,557.3968036025814,27.0,50,0.98,0.2,55.778397327510255,224.01296246116613,False,normal
2023-12-07 16:00:00+05:30,178.28893087544483,326.0,574.1,98.0,426.6886118792987,26.7,50,1.2,0.33,66.53846204510918,233.9787688632574,False,normal
2023-12-07 17:00:00+05:30,75.92870615571647,120.0,313.1,58.0,171.56983580669555,25.3,68,1.22,0.12,78.55545925335207,241.18954620193932,False,normal
2023-12-07 18:00:00+05:30,4.451444951081948,8.0,29.6,6.0,9.495914878349785,21.9,74,1.77,0.21,91.32612051644716,246.54990430411723,False,normal
2023-12-07 19:00:00+05:30,0.0,0.0,0.0,0.0,0.0,21.0,79,1.84,0.43,104.56414193186966,250.6255440377203,False,normal
2023-12-07 20:00:00+05:30,0.0,0.0,0.0,0.0,0.0,20.8,80,1.49,0.47,118.09882542307572,253.72099940050052,False,normal
2023-12-07 21:00:00+05:30,0.0,0.0,0.0,0.0,0.0,20.5,81,1.36,0.39,131.81944720565656,255.90741814089452,False,normal
2023-12-07 22:00:00+05:30,0.0,0.0,0.0,0.0,0.0,21.2,75,0.14,0.04,145.6401291282972,256.8790915209153,False,normal
2023-12-07 23:00:00+05:30,0.0,0.0,0.0,0.0,0.0,19.0,87,1.32,0.03,159.44904382750414,254.9940504144252,False,normal
2023-12-08 00:00:00+05:30,0.0,0.0,0.0,0.0,0.0,18.4,91,1.42,0.09,172.6559007953288,235.54912106787685,False,normal
2023-12-08 01:00:00+05:30,0.0,0.0,0.0,0.0,0.0,17.8,94,2.11,0.06,171.1325738481053,118.54172244251674,False,normal
2023-12-08 02:00:00+05:30,0.0,0.0,0.0,0.0,0.0,17.6,94,1.97,0.08,157.7249940789971,104.48680863821198,False,normal
2023-12-08 03:00:00+05:30,0.0,0.0,0.0,0.0,0.0,17.9,94,1.6,0.2,143.90602474861788,103.18621552826336,False,normal
2023-12-08 04:00:00+05:30,0.0,0.0,0.0,0.0,0.0,17.8,95,1.61,0.34,130.09611531624208,104.35459620730636,False,normal
2023-12-08 05:00:00+05:30,0.0,0.0,0.0,0.0,0.0,17.0,97,1.46,0.54,116.39812297418852,106.66420553008282,False,normal
2023-12-08 06:00:00+05:30,0.0,0.0,0.0,0.0,0.0,17.9,99,1.12,0.24,102.89947443301222,109.87807563186747,False,normal
2023-12-08 07:00:00+05:30,8.328145645645193,14.0,37.1,11.0,17.93012349079583,17.6,99,0.72,0.14,89.7167319061456,114.09917610766576,False,normal
2023-12-08 08:00:00+05:30,91.14864916191554,146.0,336.0,71.0,203.05310093145232,19.9,91,0.95,0.67,77.03199613274013,119.66129012627827,False,normal
2023-12-08 09:00:00+05:30,189.10464803984863,335.0,508.9,122.0,427.5444453962664,22.5,78,2.24,0.47,65.15283001484781,127.16742864330767,False,normal
2023-12-08 10:00:00+05:30,265.478546305366,507.0,617.0,151.0,624.6398706138415,24.3,69,2.01,0.45,54.62080200895759,137.56323422663195,False,normal
2023-12-08 11:00:00+05:30,296.26423329759217,595.0,616.6,171.0,716.5101044512317,25.5,62,1.53,0.26,46.37387369180608,152.00528191319427,False,normal
2023-12-08 12:00:00+05:30,327.9146628761504,671.0,686.2,161.0,806.7507484918303,26.5,57,1.41,0.47,41.79486815980364,170.82714636434707,False,normal
2023-12-08 13:00:00+05:30,307.5018018430701,628.0,624.5,166.0,751.5885791167195,27.1,53,0.91,0.56,42.10145479367724,191.57328793609832,False,normal
2023-12-08 14:00:00+05:30,278.44538066820644,542.0,580.0,149.0,653.7504289635792,27.5,51,0.41,0.43,47.19814694164389,209.93002189102043,False,normal
2023-12-08 15:00:00+05:30,236.80270488108224,447.0,526.0,152.0,546.610045396619,27.6,49,1.22,0.23,55.78404508611891,223.8336667071092,False,normal
2023-12-08 16:00:00+05:30,167.35485900835656,298.0,510.7,95.0,387.3391359909734,27.0,51,1.43,0.2,66.51638415304355,233.8190122751876,False,normal
2023-12-08 17:00:00+05:30,76.34467856982371,121.0,337.0,54.0,176.1740320686186,24.7,74,1.49,0.31,78.51303216662022,241.0448547293838,False,normal
2023-12-08 18:00:00+05:30,4.512254635521363,8.0,44.1,5.0,10.21693174929067,25.0,53,1.14,0.31,91.26824958244693,246.4138274512705,False,normal
2023-12-08 19:00:00+05:30,0.0,0.0,0.0,0.0,0.0,22.2,65,1.96,0.23,104.49393381572328,250.49134689983867,False,normal
2023-12-08 20:00:00+05:30,0.0,0.0,0.0,0.0,0.0,23.2,57,0.94,0.32,118.01813202889382,253.58110001083088,False,normal
2023-12-08 21:00:00+05:30,0.0,0.0,0.0,0.0,0.0,20.5,71,1.17,0.73,131.72910456486073,255.75139207118585,False,normal
2023-12-08 22:00:00+05:30,0.0,0.0,0.0,0.0,0.0,19.5,77,1.03,0.68,145.53974664538205,256.68872053855466,False,normal
2023-12-08 23:00:00+05:30,0.0,0.0,0.0,0.0,0.0,18.8,83,1.1,0.79,159.3353960410513,254.72929580968284,False,normal
2023-12-09 00:00:00+05:30,0.0,0.0,0.0,0.0,0.0,19.4,77,0.8,0.34,172.51373355640453,235.2657902782813,False,normal
2023-12-09 01:00:00+05:30,0.0,0.0,0.0,0.0,0.0,17.2,90,1.58,0.42,171.17639354232946,119.45166470750917,False,normal
2023-12-09 02:00:00+05:30,0.0,0.0,0.0,0.0,0.0,16.7,92,1.75,0.71,157.81361545805908,104.7949825555924,False,normal
2023-12-09 03:00:00+05:30,0.0,0.0,0.0,0.0,0.0,16.6,91,2.2,0.41,144.00829818862687,103.36396205816368,False,normal
2023-12-09 04:00:00+05:30,0.0,0.0,0.0,0.0,0.0,16.0,93,2.47,0.99,130.20711778241727,104.47889577810048,False,normal
2023-12-09 05:00:00+05:30,0.0,0.0,0.0,0.0,0.0,15.9,94,2.38,0.71,116.51632975895755,106.75980721530186,False,normal
2023-12-09 06:00:00+05:30,0.0,0.0,0.0,0.0,0.0,17.2,88,1.35,0.72,103.02433034763814,109.95527515654412,False,normal
2023-12-09 07:00:00+05:30,9.452241598829517,14.0,62.7,9.0,20.134751199281453,16.9,94,1.0,0.21,89.84802129314329,114.1621269758391,False,normal
2023-12-09 08:00:00+05:30,102.20336769807444,155.0,430.1,60.0,226.78766479836443,19.5,84,0.9,0.36,77.16946277890676,119.70998949520276,False,normal
2023-12-09 09:00:00+05:30,205.83684675353024,356.0,631.8,93.0,467.4383631314023,22.0,75,1.65,0.17,65.2955742941055,127.19709515424404,False,normal
2023-12-09 10:00:00+05:30,285.25134503856685,537.0,741.0,111.0,673.759184698763,24.2,66,2.26,0.13,54.76589183257242,137.5617672694159,False,normal
2023-12-09 11:00:00+05:30,342.07577720390475,669.0,798.9,121.0,821.2398067296754,26.1,60,2.61,0.15,46.51345254813855,151.95146088708742,False,normal
2023-12-09 12:00:00+05:30,348.52547075578934,697.0,715.8,166.0,839.6940645862951,27.5,54,2.41,0.07,41.91331012890992,170.7024173084227,False,normal
2023-12-09 13:00:00+05:30,364.101360171038,725.0,806.7,129.0,881.4302098838656,28.3,49,1.9,0.14,42.181258241207225,191.39358999924207,False,normal
2023-12-09 14:00:00+05:30,313.86951053897843,625.0,728.1,132.0,764.4149450577399,28.6,47,1.43,0.19,47.23418060294416,209.73946746487167,False,normal
2023-12-09 15:00:00+05:30,261.0392172616479,482.0,622.3,133.0,598.5607975029825,28.6,46,1.3,0.19,55.78354627349533,223.65922490096935,False,normal
2023-12-09 16:00:00+05:30,175.016889514269,319.0,567.8,93.0,418.53973007525167,28.0,47,1.36,0.13,66.48891722034159,233.6647841625587,False,normal
2023-12-09 17:00:00+05:30,81.06213251543976,124.0,345.7,55.0,180.98642538513303,25.6,60,1.43,0.1,78.46589780168351,240.9060887890428,False,normal
2023-12-09 18:00:00+05:30,4.655764213129234,8.0,43.8,5.0,10.268875231949878,23.1,65,1.84,0.0,91.206270499784,246.2841016329116,False,normal
2023-12-09 19:00:00+05:30,0.0,0.0,0.0,0.0,0.0,22.0,68,1.92,0.02,104.42015431997412,250.36415045378212,False,normal
2023-12-09 20:00:00+05:30,0.0,0.0,0.0,0.0,0.0,21.0,71,1.8,0.08,117.93436944416702,253.44929491397335,False,normal
2023-12-09 21:00:00+05:30,0.0,0.0,0.0,0.0,0.0,20.3,76,1.8,0.09,131.6361971814902,255.6054134100503,False,normal
2023-12-09 22:00:00+05:30,0.0,0.0,0.0,0.0,0.0,19.5,82,2.65,0.07,145.4373768408911,256.5123053595907,False,normal
2023-12-09 23:00:00+05:30,0.0,0.0,0.0,0.0,0.0,19.0,83,1.56,0.05,159.22065635178268,254.4885356018632,False,normal
2023-12-10 00:00:00+05:30,0.0,0.0,0.0,0.0,0.0,18.7,85,1.66,0.0,172.37393217259086,235.0466207839263,False,normal
2023-12-10 01:00:00+05:30,0.0,0.0,0.0,0.0,0.0,17.4,91,2.39,0.0,171.22289712801086,120.33262906042428,False,normal
2023-12-10 02:00:00+05:30,0.0,0.0,0.0,0.0,0.0,19.0,82,1.7,0.0,157.90419581559004,105.08656003528972,False,normal
2023-12-10 03:00:00+05:30,0.0,0.0,0.0,0.0,0.0,16.7,92,1.75,0.0,144.11193024174537,103.52997936590532,False,normal
2023-12-10 04:00:00+05:30,0.0,0.0,0.0,0.0,0.0,16.8,92,1.55,0.0,130.3189450904626,104.59375987680056,False,normal
2023-12-10 05:00:00+05:30,0.0,0.0,0.0,0.0,0.0,16.1,94,1.58,0.0,116.63482059790422,106.84714941412528,False,normal
2023-12-10 06:00:00+05:30,0.0,0.0,0.0,0.0,0.0,16.5,95,1.42,0.07,103.14887688804582,110.0247859918822,False,normal
2023-12-10 07:00:00+05:30,8.119415734418453,13.0,50.9,9.0,17.89570793948336,17.4,93,1.52,0.14,89.97831215556047,114.2175736409772,False,normal
2023-12-10 08:00:00+05:30,95.47526675393816,148.0,384.4,64.0,212.9758900458591,19.8,84,1.46,0.13,77.30509475008303,119.75110873900604,False,normal
2023-12-10 09:00:00+05:30,199.1339576635471,348.0,596.6,101.0,454.6410843488206,22.2,73,1.84,0.01,65.43543983441468,127.21899597883964,False,normal
2023-12-10 10:00:00+05:30,277.9824825431503,536.0,736.6,114.0,672.7128461008358,24.2,65,2.3,0.0,54.90680586444309,137.5525840308539,False,normal
2023-12-10 11:00:00+05:30,336.27389672161894,671.0,805.3,120.0,824.7671689378232,26.0,58,2.73,0.0,46.64738541398782,151.89098308318842,False,normal
2023-12-10 12:00:00+05:30,355.0879536139931,739.0,827.7,126.0,899.7089624557802,27.5,52,2.14,0.18,42.02487191567563,170.57398787223565,False,normal
2023-12-10 13:00:00+05:30,360.14597404435284,721.0,795.4,134.0,876.2120231305619,28.3,48,1.24,0.23,42.25376539006232,191.21426501949568,False,normal
2023-12-10 14:00:00+05:30,312.0364546115613,630.0,731.4,135.0,770.7791190282039,28.6,46,1.03,0.37,47.26332583567888,209.55233656434228,False,normal
2023-12-10 15:00:00+05:30,242.21771821637748,467.0,563.3,151.0,574.4297226420551,28.4,46,1.43,0.2,55.77691653483336,223.48973320163145,False,normal
2023-12-10 16:00:00+05:30,165.57446162108357,303.0,519.4,96.0,394.59859795447846,27.7,47,1.9,0.2,66.45610160698288,233.51618088117567,False,normal
2023-12-10 17:00:00+05:30,68.48778277911275,110.0,249.3,60.0,151.45759993974835,25.9,55,1.8,0.18,78.41411869631699,240.77333986613647,False,normal
2023-12-10 18:00:00+05:30,5.1509296794931325,9.0,43.4,6.0,11.447549965270948,23.1,53,1.8,0.04,91.14026544558844,246.16081197048996,False,normal
2023-12-10 19:00:00+05:30,0.0,0.0,0.0,0.0,0.0,21.4,65,2.5,0.01,104.3429037126851,250.2440331551294,False,normal
2023-12-10 20:00:00+05:30,0.0,0.0,0.0,0.0,0.0,23.7,52,1.3,0.01,117.84765591334885,253.32565439641928,False,normal
2023-12-10 21:00:00+05:30,0.0,0.0,0.0,0.0,0.0,19.5,70,1.57,0.01,131.5408632844238,255.46953695952044,False,normal
2023-12-10 22:00:00+05:30,0.0,0.0,0.0,0.0,0.0,19.0,73,1.63,0.03,145.3331840360296,256.3498528408927,False,normal
2023-12-10 23:00:00+05:30,0.0,0.0,0.0,0.0,0.0,19.1,74,0.36,0.06,159.1050312796604,254.27152448219508,False,normal
2023-12-11 00:00:00+05:30,0.0,0.0,0.0,0.0,0.0,17.6,83,0.45,0.03,172.23670151748777,234.887856337762,False,normal
2023-12-11 01:00:00+05:30,0.0,0.0,0.0,0.0,0.0,17.4,87,1.14,0.01,171.27224740929657,121.1845704619344,False,normal
2023-12-11 02:00:00+05:30,0.0,0.0,0.0,0.0,0.0,17.5,86,1.12,0.04,157.99673003807783,105.36125866993495,False,normal
2023-12-11 03:00:00+05:30,0.0,0.0,0.0,0.0,0.0,17.5,86,0.67,0.46,144.2168637298838,103.68411109667466,False,normal
2023-12-11 04:00:00+05:30,0.0,0.0,0.0,0.0,0.0,16.5,90,0.41,0.74,130.43151409899204,104.69909330034476,False,normal
2023-12-11 05:00:00+05:30,0.0,0.0,0.0,0.0,0.0,15.1,95,0.81,0.88,116.75349596010643,106.9261726507591,False,normal
2023-12-11 06:00:00+05:30,0.0,0.0,0.0,0.0,0.0,16.1,92,0.91,0.91,103.2730030779992,110.08657469838435,False,normal
2023-12-11 07:00:00+05:30,8.27259549729547,13.0,51.7,9.0,17.923352986274036,16.5,92,0.81,0.9,90.1074856756236,114.2655064923481,False,normal
2023-12-11 08:00:00+05:30,103.06810375692136,153.0,434.7,59.0,226.01154930666289,19.4,81,1.2,0.68,77.43876929528173,119.78466493024588,False,normal
2023-12-11 09:00:00+05:30,202.04606527484617,356.0,648.3,89.0,470.4665846392118,22.3,71,1.43,0.84,65.57230572903342,127.23318177014949,False,normal
2023-12-11 10:00:00+05:30,290.72476396813573,540.0,758.5,107.0,680.2531997206556,24.5,62,1.71,0.88,55.043434426588895,137.5357756471144,False,normal
2023-12-11 11:00:00+05:30,345.17502160106386,673.0,816.0,116.0,828.6619299819415,26.4,55,1.8,0.84,46.775586442889406,151.82397201920242,False,normal
2023-12-11 12:00:00+05:30,378.32647683585566,744.0,845.3,119.0,907.6420537411714,27.8,48,1.3,0.61,42.12949895842949,170.44197672238988,False,normal
2023-12-11 13:00:00+05:30,370.8303603187985,743.0,850.4,116.0,907.0645507247716,28.5,45,0.5,0.02,42.31894840027295,191.035407955704,False,normal
2023-12-11 14:00:00+05:30,327.7537723019228,652.0,768.7,132.0,800.1175330980791,28.8,43,0.86,0.27,47.28557888535303,209.36872333366276,False,normal
2023-12-11 15:00:00+05:30,260.2494251748455,500.0,675.3,121.0,625.8188030293735,28.6,44,1.57,0.14,55.76417802817056,223.3252911168352,False,normal
2023-12-11 16:00:00+05:30,184.16272044576695,326.0,571.1,98.0,427.4315466917742,27.8,45,1.82,0.12,66.41798445093156,233.37329995052363,False,normal
2023-12-11 17:00:00+05:30,89.49551719089725,137.0,401.9,56.0,203.9581079431552,25.5,53,1.81,0.07,78.3577640062638,240.64669880596736,False,normal
2023-12-11 18:00:00+05:30,5.1668628408430655,9.0,43.1,6.0,11.502280773821614,23.2,61,2.24,0.29,91.07032277656054,246.0440414060368,False,normal
2023-12-11 19:00:00+05:30,0.0,0.0,0.0,0.0,0.0,21.7,69,1.97,0.11,104.26228777806506,250.13106974476608,False,normal
2023-12-11 20:00:00+05:30,0.0,0.0,0.0,0.0,0.0,20.9,72,1.71,0.36,117.75811427363074,253.2102431549737,False,normal
2023-12-11 21:00:00+05:30,0.0,0.0,0.0,0.0,0.0,19.9,77,2.43,0.15,131.44324433808288,255.3438091435791,False,normal
2023-12-11 22:00:00+05:30,0.0,0.0,0.0,0.0,0.0,21.6,63,1.64,0.69,145.22733344308807,256.20135659191914,False,normal
2023-12-11 23:00:00+05:30,0.0,0.0,0.0,0.0,0.0,18.8,78,1.36,0.92,158.98872265605814,254.07799712364377,False,normal
2023-12-12 00:00:00+05:30,0.0,0.0,0.0,0.0,0.0,18.9,78,0.92,0.78,172.10222310034587,234.78606117173305,False,normal
2023-12-12 01:00:00+05:30,0.0,0.0,0.0,0.0,0.0,17.4,85,1.33,0.24,171.3245945466768,122.00741293842144,False,normal
2023-12-12 02:00:00+05:30,0.0,0.0,0.0,0.0,0.0,16.5,90,1.53,0.32,158.0912030775744,105.61878938249129,False,normal
2023-12-12 03:00:00+05:30,0.0,0.0,0.0,0.0,0.0,15.9,93,1.35,0.01,144.32303324890808,103.82620266123683,False,normal
2023-12-12 04:00:00+05:30,0.0,0.0,0.0,0.0,0.0,15.1,96,1.1,0.0,130.54473477925313,104.79480477231904,False,normal
2023-12-12 05:00:00+05:30,0.0,0.0,0.0,0.0,0.0,15.0,97,0.81,0.03,116.8722505912706,106.99682216382983,False,normal
2023-12-12 06:00:00+05:30,0.0,0.0,0.0,0.0,0.0,16.0,96,0.82,1.0,103.39659333999496,110.14061297236208,False,normal
2023-12-12 07:00:00+05:30,5.232112708390519,10.0,13.1,9.0,11.108524278234231,16.9,93,0.36,1.0,90.23541960418932,114.30592135226698,False,normal
2023-12-12 08:00:00+05:30,58.217802418355845,109.0,116.8,84.0,128.81962948199697,20.1,80,0.71,0.93,77.5703615115659,119.81068074207924,False,normal
2023-12-12 09:00:00+05:30,110.70355546524864,231.0,148.9,170.0,257.9489610122456,22.0,71,1.17,0.67,65.70605032433843,127.23970864056298,False,normal
2023-12-12 10:00:00+05:30,228.53861223106188,445.0,460.5,183.0,535.701796885767,24.2,62,1.43,0.47,55.17566852158739,137.51143799838212,False,normal
2023-12-12 11:00:00+05:30,340.54006630189787,668.0,806.1,119.0,822.4658070902113,26.2,54,1.41,0.83,46.89797166936318,151.75055499119503,False,normal
2023-12-12 12:00:00+05:30,359.91261943223367,739.0,835.8,122.0,901.5397440919694,27.5,48,0.8,0.97,42.22713955845971,170.30650690691027,False,normal
2023-12-12 13:00:00+05:30,349.5589442335818,711.0,760.3,151.0,861.9557495645292,28.2,45,0.3,0.93,42.37678362817711,190.85711991851267,False,normal
2023-12-12 14:00:00+05:30,318.01325414786083,623.0,692.0,155.0,758.9952894253643,28.5,43,0.98,1.0,47.30094165693928,209.18872760658243,False,normal
2023-12-12 15:00:00+05:30,261.180534374507,491.0,660.7,120.0,614.2286918129776,28.3,43,1.21,1.0,55.74535947286232,223.16600166578,False,normal
2023-12-12 16:00:00+05:30,176.627634906359,317.0,527.6,106.0,411.8662806447375,27.6,45,1.5,0.95,66.37461970992979,233.23624015403016,False,normal
2023-12-12 17:00:00+05:30,76.56444440734855,119.0,286.2,61.0,167.108729077671,25.5,50,2.14,0.89,78.29690952165171,240.52625588004892,False,normal
2023-12-12 18:00:00+05:30,5.827551253049091,10.0,42.7,7.0,12.686172929049398,21.9,57,2.28,0.77,90.99653700996411,245.9338707643874,False,normal
2023-12-12 19:00:00+05:30,0.0,0.0,0.0,0.0,0.0,20.9,61,2.42,0.9,104.17841776158792,250.0253313401208,False,normal
2023-12-12 20:00:00+05:30,0.0,0.0,0.0,0.0,0.0,21.0,60,2.16,0.21,117.66587186007958,253.10312046348503,False,normal
2023-12-12 21:00:00+05:30,0.0,0.0,0.0,0.0,0.0,21.8,59,0.36,0.02,131.34348490744543,255.22826835549492,False,normal
2023-12-12 22:00:00+05:30,0.0,0.0,0.0,0.0,0.0,21.6,60,1.21,0.0,145.11999101152526,256.066797834756,False,normal
2023-12-12 23:00:00+05:30,0.0,0.0,0.0,0.0,0.0,17.8,80,1.9,0.02,158.87192759544507,253.9076711034457,False,normal
2023-12-13 00:00:00+05:30,0.0,0.0,0.0,0.0,0.0,17.1,85,1.57,0.0,171.97065754464944,234.7380954145188,False,normal
2023-12-13 01:00:00+05:30,0.0,0.0,0.0,0.0,0.0,16.8,86,1.5,0.41,171.38007625110146,122.80104018020388,False,normal
2023-12-13 02:00:00+05:30,0.0,0.0,0.0,0.0,0.0,17.4,83,0.85,1.0,158.18758983281876,105.8588554190419,False,normal
2023-12-13 03:00:00+05:30,0.0,0.0,0.0,0.0,0.0,15.6,91,1.35,0.77,144.43036514827958,103.95610097835385,False,normal
2023-12-13 04:00:00+05:30,0.0,0.0,0.0,0.0,0.0,15.1,94,1.49,0.64,130.65851025812887,104.88080677139538,False,normal
2023-12-13 05:00:00+05:30,0.0,0.0,0.0,0.0,0.0,15.9,90,0.51,0.67,116.99097358873834,107.05904772193844,False,normal
2023-12-13 06:00:00+05:30,0.0,0.0,0.0,0.0,0.0,14.6,97,1.04,0.25,103.51952758583607,110.18687741910396,False,normal
2023-12-13 07:00:00+05:30,8.128838645891438,12.0,53.3,8.0,16.740977221268388,14.9,98,0.73,0.02,90.36198835325456,114.33881918643932,False,normal
2023-12-13 08:00:00+05:30,103.0005302765176,152.0,448.7,57.0,227.58119627100197,18.4,85,0.36,0.17,77.69974441336666,119.82918407814464,False,normal
2023-12-13 09:00:00+05:30,201.0728243829215,357.0,662.5,87.0,474.3214911999234,21.6,69,0.9,0.47,65.83655122977015,127.23863770412156,False,normal
2023-12-13 10:00:00+05:30,287.3482981763039,543.0,774.1,104.0,686.3685448657865,24.0,59,1.6,0.91,55.30339974562681,137.47967118857576,False,normal
2023-12-13 11:00:00+05:30,346.44469134284634,679.0,831.5,114.0,838.076844150346,26.0,49,1.8,0.96,47.01445879811414,151.67086257399137,False,normal
2023-12-13 12:00:00+05:30,364.0443436048188,743.0,846.5,119.0,907.5683137508915,27.4,43,1.53,0.87,42.3177445474661,170.1677054676694,False,normal
2023-12-13 13:00:00+05:30,366.3204210182774,748.0,857.3,117.0,914.2523969521952,28.1,41,1.46,0.74,42.42725120352271,190.67950796467068,False,normal
2023-12-13 14:00:00+05:30,335.342298685383,673.0,829.6,112.0,830.9324057325287,28.5,39,1.98,0.43,47.309421251851376,209.0124549011904,False,normal
2023-12-13 15:00:00+05:30,279.94524658872734,533.0,765.3,103.0,673.913863132219,28.4,39,2.41,0.11,55.72049567084526,223.01197147875047,False,normal
2023-12-13 16:00:00+05:30,190.57620120854335,346.0,648.8,86.0,460.07112012032167,27.5,39,2.69,0.02,66.32606766930675,233.10510168674205,False,normal
2023-12-13 17:00:00+05:30,94.37033546359396,142.0,426.9,55.0,213.28698046388823,25.2,46,1.98,0.0,78.23163715655242,240.4121009726016,False,normal
2023-12-13 18:00:00+05:30,5.778424875760558,10.0,42.3,7.0,12.729359552942622,23.4,45,2.47,0.0,90.91900829235368,245.83037899293765,False,normal
2023-12-13 19:00:00+05:30,0.0,0.0,0.0,0.0,0.0,22.2,51,2.31,0.0,104.09140981249035,249.92688575798093,False,normal
2023-12-13 20:00:00+05:30,0.0,0.0,0.0,0.0,0.0,20.9,56,2.1,0.01,117.57105992655325,253.00434064123195,False,normal
2023-12-13 21:00:00+05:30,0.0,0.0,0.0,0.0,0.0,19.4,64,1.99,0.0,131.24173206542787,255.12294571281043,False,normal
2023-12-13 22:00:00+05:30,0.0,0.0,0.0,0.0,0.0,18.3,71,2.72,0.0,145.0113228454011,255.94614685701544,False,normal
2023-12-13 23:00:00+05:30,0.0,0.0,0.0,0.0,0.0,18.0,70,2.83,0.0,158.7548380979033,253.76025075631856,False,normal
2023-12-14 00:00:00+05:30,0.0,0.0,0.0,0.0,0.0,18.1,69,2.82,0.0,171.84214658647568,234.7410954089061,False,normal
2023-12-14 01:00:00+05:30,0.0,0.0,0.0,0.0,0.0,17.0,72,2.24,0.0,171.4388185653566,123.56528590277526,False,normal
2023-12-14 02:00:00+05:30,0.0,0.0,0.0,0.0,0.0,17.3,72,1.9,0.0,158.2858555437903,106.0811507251326,False,normal
2023-12-14 03:00:00+05:30,0.0,0.0,0.0,0.0,0.0,16.9,76,1.91,0.0,144.53877799530545,104.0736537088476,False,normal
2023-12-14 04:00:00+05:30,0.0,0.0,0.0,0.0,0.0,15.9,81,2.41,0.0,130.77273731854092,104.95701490918964,False,normal
2023-12-14 05:00:00+05:30,0.0,0.0,0.0,0.0,0.0,15.2,86,2.66,0.0,117.109548918541,107.11280301179534,False,normal
2023-12-14 06:00:00+05:30,0.0,0.0,0.0,0.0,0.0,15.0,88,2.39,0.0,103.64168172384969,110.22534889764296,False,normal
2023-12-14 07:00:00+05:30,7.203958852743291,11.0,54.1,7.0,15.530933636271207,15.4,90,1.77,0.0,90.4870634582846,114.36420536720097,False,normal
2023-12-14 08:00:00+05:30,102.93932259372411,151.0,453.5,56.0,227.47414656363475,18.9,77,1.42,0.0,77.82678932024875,119.84020721188278,False,normal
2023-12-14 09:00:00+05:30,202.80228232194287,355.0,658.5,88.0,472.04748612167856,21.5,65,1.71,0.03,65.96368558392129,127.23003405296993,False,normal
2023-12-14 10:00:00+05:30,290.4535380664421,540.0,771.3,104.0,683.1454734619953,23.9,58,2.2,0.32,55.42652036559994,137.44057835221463,False,normal
2023-12-14 11:00:00+05:30,345.38414183568875,675.0,828.8,113.0,833.6788690959308,25.8,46,2.96,0.01,47.12496701842053,151.5850273361687,False,normal
2023-12-14 12:00:00+05:30,376.6251313512525,750.0,859.9,117.0,917.2576213731554,26.8,41,3.13,0.0,42.401266799654,170.0257022267226,False,normal
2023-12-14 13:00:00+05:30,372.9865397264055,751.0,864.7,115.0,918.7444228767464,27.2,38,3.0,0.0,42.47033426823728,190.50268418963265,False,normal
2023-12-14 14:00:00+05:30,347.01542021558885,681.0,845.9,109.0,841.9671982346931,27.5,37,3.1,0.0,47.31102903632469,208.8400159397245,False,normal
2023-12-14 15:00:00+05:30,287.9195695209752,543.0,789.5,99.0,688.0712585689002,27.3,38,3.3,0.0,55.68962649564286,222.863310625134,False,normal
2023-12-14 16:00:00+05:30,204.76579344734532,354.0,674.7,83.0,472.3927539221591,26.6,41,3.3,0.0,66.27239388564143,232.9799861598464,False,normal
2023-12-14 17:00:00+05:30,101.62527802193024,147.0,453.6,54.0,222.72595480779108,24.9,48,2.57,0.0,78.16203385979112,240.3043237059479,False,normal
2023-12-14 18:00:00+05:30,5.909406577131296,10.0,41.9,7.0,12.77214067840275,22.6,54,2.69,0.07,90.83784128484452,245.7336433978052,False,normal
2023-12-14 19:00:00+05:30,0.0,0.0,0.0,0.0,0.0,21.5,57,2.47,0.09,104.00138385143984,249.8357978829217,False,normal
2023-12-14 20:00:00+05:30,0.0,0.0,0.0,0.0,0.0,20.6,61,2.11,0.01,117.473812502341,252.9139536158294,False,normal
2023-12-14 21:00:00+05:30,0.0,0.0,0.0,0.0,0.0,18.6,72,2.75,0.0,131.1381342464732,255.0278659694301,False,normal
2023-12-14 22:00:00+05:30,0.0,0.0,0.0,0.0,0.0,18.5,72,2.7,0.0,144.9014940901977,255.83936472267536,False,normal
2023-12-14 23:00:00+05:30,0.0,0.0,0.0,0.0,0.0,20.1,63,0.67,0.06,158.63764015995508,253.63543142802465,False,normal
2023-12-15 00:00:00+05:30,0.0,0.0,0.0,0.0,0.0,17.4,77,1.5,0.14,171.71681442458691,234.7924579119348,False,normal
2023-12-15 01:00:00+05:30,0.0,0.0,0.0,0.0,0.0,16.6,82,2.12,0.13,171.5009371855699,124.2999257919738,False,normal
2023-12-15 02:00:00+05:30,0.0,0.0,0.0,0.0,0.0,16.6,82,2.09,0.08,158.38595675989683,106.28535837806044,False,normal
2023-12-15 03:00:00+05:30,0.0,0.0,0.0,0.0,0.0,17.2,79,1.77,0.03,144.64818361255433,104.178708398877,False,normal
2023-12-15 04:00:00+05:30,0.0,0.0,0.0,0.0,0.0,17.1,79,1.56,0.01,130.88730746845437,105.02334717586837,False,normal
2023-12-15 05:00:00+05:30,0.0,0.0,0.0,0.0,0.0,15.3,88,2.11,0.0,117.22785647982543,107.15804487418109,False,normal
2023-12-15 06:00:00+05:30,0.0,0.0,0.0,0.0,0.0,14.6,94,2.42,0.0,103.76292869661992,110.25601169275647,False,normal
2023-12-15 07:00:00+05:30,7.242137092294769,11.0,55.0,7.0,15.558386139181923,15.1,95,1.84,0.0,90.61051456723342,114.3820887295534,False,normal
2023-12-15 08:00:00+05:30,101.43571917741689,149.0,453.4,55.0,225.48731046005787,18.4,83,1.3,0.0,77.95136675050969,119.84378567040612,False,normal
2023-12-15 09:00:00+05:30,207.90253601529457,357.0,671.7,86.0,476.3319295481991,21.2,71,1.53,0.0,66.08733079064169,127.21396540497892,False,normal
2023-12-15 10:00:00+05:30,290.8413922553658,546.0,787.9,102.0,692.2293126635639,23.8,52,2.82,0.0,55.54492380643211,137.39426402159654,False,normal
2023-12-15 11:00:00+05:30,354.3728182349886,683.0,843.8,112.0,844.7272292740217,25.2,42,3.32,0.0,47.22941713734578,151.49318194843926,False,normal
2023-12-15 12:00:00+05:30,385.5875736206924,754.0,866.4,117.0,922.7977137035956,26.0,40,3.1,0.0,42.47766091616567,169.880627797878,False,normal
2023-12-15 13:00:00+05:30,366.38355967910576,753.0,866.6,116.0,921.5571520979177,26.7,39,2.85,0.0,42.50601820339238,190.3267639978663,False,normal
2023-12-15 14:00:00+05:30,337.11538087709044,680.0,842.8,110.0,840.7509702055615,27.0,38,2.69,0.0,47.305779530243065,208.6715254431244,False,normal
2023-12-15 15:00:00+05:30,285.2302634051161,542.0,785.2,100.0,686.6933891737621,26.9,38,2.79,0.0,55.65279557948604,222.7201318546348,False,normal
2023-12-15 16:00:00+05:30,204.9270305702888,354.0,670.6,84.0,472.04814339876657,26.3,40,2.32,0.0,66.21366775711942,232.86099614040165,False,normal
2023-12-15 17:00:00+05:30,100.19991509681545,148.0,450.8,55.0,223.57226428284133,24.0,49,1.79,0.0,78.08819011008482,240.20301318304405,False,normal
2023-12-15 18:00:00+05:30,7.065577329072378,11.0,55.4,7.0,15.470710422012717,21.9,49,2.72,0.0,90.7531436048482,245.6437395456307,False,normal
2023-12-15 19:00:00+05:30,0.0,0.0,0.0,0.0,0.0,20.9,52,2.46,0.0,103.90846197267108,249.75212972439357,False,normal
2023-12-15 20:00:00+05:30,0.0,0.0,0.0,0.0,0.0,18.8,61,2.14,0.0,117.37426476282644,252.8320051762072,False,normal
2023-12-15 21:00:00+05:30,0.0,0.0,0.0,0.0,0.0,18.1,64,2.33,0.0,131.03283960463938,254.9430480967084,False,normal
2023-12-15 22:00:00+05:30,0.0,0.0,0.0,0.0,0.0,18.0,65,2.19,0.0,144.7906673161437,255.74640458602568,False,normal
2023-12-15 23:00:00+05:30,0.0,0.0,0.0,0.0,0.0,17.0,68,2.5,0.0,158.52051237899622,253.5329030771936,False,normal
2023-12-16 00:00:00+05:30,0.0,0.0,0.0,0.0,0.0,15.6,74,2.55,0.0,171.59476827651108,234.8898256362271,False,normal
2023-12-16 01:00:00+05:30,0.0,0.0,0.0,0.0,0.0,14.9,76,2.26,0.0,171.56653903757376,125.0046732727028,False,normal
2023-12-16 02:00:00+05:30,0.0,0.0,0.0,0.0,0.0,14.0,79,1.7,0.0,158.4878427625789,106.47115012036704,False,normal
2023-12-16 03:00:00+05:30,0.0,0.0,0.0,0.0,0.0,13.8,80,1.36,0.0,144.75848861027333,104.27111220676431,False,normal
2023-12-16 04:00:00+05:30,0.0,0.0,0.0,0.0,0.0,14.9,72,0.5,0.0,131.00210852131573,105.07972357599324,False,normal
2023-12-16 05:00:00+05:30,0.0,0.0,0.0,0.0,0.0,14.7,74,0.4,0.0,117.34577370290272,107.19473283277824,False,normal
2023-12-16 06:00:00+05:30,0.0,0.0,0.0,0.0,0.0,14.2,79,0.58,0.0,103.88314006877393,110.27885292104202,False,normal
2023-12-16 07:00:00+05:30,6.228980495417945,10.0,41.8,7.0,13.3845854712556,13.4,87,0.45,0.0,90.73221098635976,114.39248082104008,False,normal
2023-12-16 08:00:00+05:30,100.51909780791637,146.0,438.7,56.0,220.40229110115604,16.7,76,0.22,0.04,78.0733478875066,119.83995727085414,False,normal
2023-12-16 09:00:00+05:30,204.50186251600505,350.0,652.6,88.0,466.45045554851146,19.6,68,0.7,0.65,66.20736584447818,127.1905008467246,False,normal
2023-12-16 10:00:00+05:30,288.6686981218353,535.0,765.3,105.0,677.6247594225381,22.2,61,1.71,0.4,55.6585057446652,137.34083248169804,False,normal
2023-12-16 11:00:00+05:30,345.7301726359895,672.0,824.7,115.0,830.6707618002648,24.4,52,3.1,0.04,47.327732305583964,151.39545709437726,False,normal
2023-12-16 12:00:00+05:30,373.1932405092658,744.0,851.1,119.0,910.3194928371894,25.7,48,3.2,0.0,42.546883435938376,169.73261111944248,False,normal
2023-12-16 13:00:00+05:30,366.2564811671905,744.0,853.4,117.0,910.335422105032,26.5,46,2.7,0.0,42.5342902446117,190.1518636512617,False,normal
2023-12-16 14:00:00+05:30,341.36825358560753,673.0,830.8,111.0,831.8261241665564,27.0,44,2.35,0.0,47.29368951841887,208.50710012768425,False,normal
2023-12-16 15:00:00+05:30,285.08102874887504,536.0,770.2,102.0,678.4564795710928,27.0,44,2.25,0.0,55.61004907968636,222.5825490835224,False,normal
2023-12-16 16:00:00+05:30,198.25429179279251,348.0,649.1,86.0,462.7411027785557,26.5,45,2.2,0.07,66.14996106273122,232.7482340037608,False,normal
2023-12-16 17:00:00+05:30,92.7439796167709,141.0,404.5,57.0,209.14304812052487,24.2,56,1.53,0.15,78.01019830124454,240.1082570979217,False,normal
2023-12-16 18:00:00+05:30,6.741647599264535,11.0,41.1,8.0,14.500794128217056,22.0,55,2.52,0.11,90.66502410212637,245.56074056298567,False,normal
2023-12-16 19:00:00+05:30,0.0,0.0,0.0,0.0,0.0,20.7,59,2.19,0.0,103.81276663821106,249.6759398705494,False,normal
2023-12-16 20:00:00+05:30,0.0,0.0,0.0,0.0,0.0,19.0,68,2.26,0.0,117.27255116340032,252.75853658544708,False,normal
2023-12-16 21:00:00+05:30,0.0,0.0,0.0,0.0,0.0,18.4,72,2.62,0.0,130.92599410335563,254.86850512987945,False,normal
2023-12-16 22:00:00+05:30,0.0,0.0,0.0,0.0,0.0,19.1,68,2.09,0.0,144.6790005997457,255.6672120607002,False,normal
2023-12-16 23:00:00+05:30,0.0,0.0,0.0,0.0,0.0,19.4,67,2.0,0.0,158.4036241947229,253.45235233102568,False,normal
2023-12-17 00:00:00+05:30,0.0,0.0,0.0,0.0,0.0,16.9,79,1.63,0.0,171.4760981580231,235.0310716917746,False,normal
2023-12-17 01:00:00+05:30,0.0,0.0,0.0,0.0,0.0,16.0,82,1.84,0.0,171.6357237194938,125.67918017045672,False,normal
2023-12-17 02:00:00+05:30,0.0,0.0,0.0,0.0,0.0,15.6,84,2.21,0.0,158.59145715686813,106.63818770564268,False,normal
2023-12-17 03:00:00+05:30,0.0,0.0,0.0,0.0,0.0,16.8,78,1.12,0.0,144.86959617378992,104.35071269346535,False,normal
2023-12-17 04:00:00+05:30,0.0,0.0,0.0,0.0,0.0,14.5,90,1.5,0.0,131.11702647918128,105.12606653003684,False,normal
2023-12-17 05:00:00+05:30,0.0,0.0,0.0,0.0,0.0,14.2,92,1.75,0.01,117.46317748097348,107.22282924186312,False,normal
2023-12-17 06:00:00+05:30,0.0,0.0,0.0,0.0,0.0,14.5,95,2.39,0.04,104.00218798044024,110.29386247551872,False,normal
2023-12-17 07:00:00+05:30,5.434037831047481,9.0,42.5,6.0,11.729385722379073,15.4,94,1.46,0.06,90.85202362966002,114.39539564369414,False,normal
2023-12-17 08:00:00+05:30,87.71378778321885,136.0,379.1,59.0,200.8183761762108,18.5,82,1.14,0.03,78.19260649134728,119.82876162097229,False,normal
2023-12-17 09:00:00+05:30,189.4735088459396,333.0,595.6,95.0,440.3425530196512,20.9,72,1.96,0.04,66.32367315295113,127.1597100141244,False,normal
2023-12-17 10:00:00+05:30,274.3321675364085,512.0,703.2,118.0,644.8040663301238,23.0,64,2.94,0.05,55.7671657546408,137.28038651509837,False,normal
2023-12-17 11:00:00+05:30,311.01569221426365,613.0,666.0,164.0,746.2391244624181,25.1,59,3.85,0.56,47.419839359495306,151.29197963207486,False,normal
2023-12-17 12:00:00+05:30,228.74091974805796,485.0,306.7,260.0,548.8220651015716,25.8,55,3.41,0.34,42.60889368922778,169.58177697485655,False,normal
2023-12-17 13:00:00+05:30,303.1240520361673,625.0,593.6,189.0,746.5489550014031,26.9,51,3.21,0.21,42.55513969483116,189.97809747178923,False,normal
2023-12-17 14:00:00+05:30,284.0412926462509,566.0,586.7,169.0,683.164960860112,27.4,48,2.91,0.36,47.2747776494775,208.3468561406621,False,normal
2023-12-17 15:00:00+05:30,192.1859000811908,379.0,397.0,155.0,455.2227120506994,27.1,48,3.2,0.46,55.56143481767055,222.4506752640205,False,normal
2023-12-17 16:00:00+05:30,135.67654085961735,257.0,353.3,114.0,321.08623234008274,26.6,50,3.1,0.2,66.08134677862274,232.64180017902072,False,normal
2023-12-17 17:00:00+05:30,80.11784964000022,126.0,330.0,57.0,181.44383544592984,25.5,54,2.44,0.02,77.92815133134296,240.02014025978303,False,normal
2023-12-17 18:00:00+05:30,6.619178059086219,11.0,40.7,8.0,14.52500862893974,22.5,63,2.02,0.02,90.57359128051009,245.484715856554,False,normal
2023-12-17 19:00:00+05:30,0.0,0.0,0.0,0.0,0.0,21.3,69,1.79,0.01,103.71441897408896,249.6072823478671,False,normal
2023-12-17 20:00:00+05:30,0.0,0.0,0.0,0.0,0.0,20.1,75,2.15,0.01,117.1688036366661,252.69358354938748,False,normal
2023-12-17 21:00:00+05:30,0.0,0.0,0.0,0.0,0.0,19.7,76,2.0,0.01,130.81773963633827,254.8042432626578,False,normal
2023-12-17 22:00:00+05:30,0.0,0.0,0.0,0.0,0.0,20.4,71,3.01,0.08,144.56664560329347,255.60172460063995,False,normal
2023-12-17 23:00:00+05:30,0.0,0.0,0.0,0.0,0.0,20.0,72,2.83,0.0,158.28713407228076,253.3934628678184,False,normal
2023-12-18 00:00:00+05:30,0.0,0.0,0.0,0.0,0.0,19.2,76,2.1,0.0,171.3608761820674,235.21428186598268,False,normal
2023-12-18 01:00:00+05:30,0.0,0.0,0.0,0.0,0.0,18.6,78,2.12,0.73,171.7085844956682,126.3230409989419,False,normal
2023-12-18 02:00:00+05:30,0.0,0.0,0.0,0.0,0.0,18.0,80,2.01,0.84,158.69673932389964,106.78612589179043,False,normal
2023-12-18 03:00:00+05:30,0.0,0.0,0.0,0.0,0.0,17.5,82,2.0,0.89,144.9814077890184,104.4173596062468,False,normal
2023-12-18 04:00:00+05:30,0.0,0.0,0.0,0.0,0.0,17.2,83,1.98,0.89,131.23194738682946,105.1623020045476,False,normal
2023-12-18 05:00:00+05:30,0.0,0.0,0.0,0.0,0.0,16.9,83,1.97,0.88,117.57994610286484,107.24230003389806,False,normal
2023-12-18 06:00:00+05:30,0.0,0.0,0.0,0.0,0.0,16.6,87,2.06,0.59,104.11994712986817,110.30103350508956,False,normal
2023-12-18 07:00:00+05:30,5.092195769264076,9.0,28.8,7.0,10.867780693583192,16.9,86,2.26,0.12,90.96982703141607,114.3908499023728,False,normal
2023-12-18 08:00:00+05:30,87.74228869423052,132.0,363.1,59.0,194.19617881778865,19.1,77,2.28,0.37,78.30902091267488,119.81024012452345,False,normal
2023-12-18 09:00:00+05:30,181.4902878484148,320.0,533.0,108.0,417.746322830895,21.2,66,3.47,0.1,66.43614051137058,127.1216627962434,False,normal
2023-12-18 10:00:00+05:30,272.3452469724895,511.0,712.3,113.0,645.0117259712295,23.0,57,4.36,0.26,55.87080918215407,137.21302668755175,False,normal
2023-12-18 11:00:00+05:30,334.1136510760324,643.0,765.1,128.0,791.9904176266308,24.3,52,5.11,0.79,47.5056704806792,151.18287128566783,False,normal
2023-12-18 12:00:00+05:30,348.7360636257957,696.0,720.4,168.0,842.2282915265617,25.3,49,5.1,1.0,42.663655066958846,169.42824391918612,False,normal
2023-12-18 13:00:00+05:30,334.6165023905812,687.0,668.7,196.0,825.2705159474656,26.0,47,4.92,0.89,42.5685586131268,189.80557522645813,False,normal
2023-12-18 14:00:00+05:30,311.4634061963147,626.0,680.9,165.0,762.1367432293631,26.5,46,4.63,0.29,47.24906451518762,208.19090646295604,False,normal
2023-12-18 15:00:00+05:30,265.5723667181832,520.0,723.9,111.0,655.3635752314663,26.6,46,4.31,0.46,55.50700186322266,222.3246200915611,False,normal
2023-12-18 16:00:00+05:30,191.9314497854385,339.0,606.0,93.0,447.3379170297843,26.2,47,4.0,0.22,66.00789830329369,232.54179118390925,False,normal
2023-12-18 17:00:00+05:30,94.7815080751367,144.0,408.4,58.0,213.08232771185203,24.9,51,2.94,0.09,77.84214157004719,239.93874288831248,False,normal
2023-12-18 18:00:00+05:30,6.531306415168705,11.0,40.2,8.0,14.531622171213446,23.5,55,3.06,0.91,90.4789520799929,245.41572959556825,False,normal
2023-12-18 19:00:00+05:30,0.0,0.0,0.0,0.0,0.0,23.0,56,2.53,1.0,103.61353740997934,249.54620522695836,False,normal
2023-12-18 20:00:00+05:30,0.0,0.0,0.0,0.0,0.0,22.1,61,2.57,1.0,117.06315012014788,252.6371749012216,False,normal
2023-12-18 21:00:00+05:30,0.0,0.0,0.0,0.0,0.0,21.5,64,3.22,1.0,130.7082124663307,254.75026059685464,False,normal
2023-12-18 22:00:00+05:30,0.0,0.0,0.0,0.0,0.0,20.5,68,3.11,1.0,144.4537459565712,255.54987039531983,False,normal
2023-12-18 23:00:00+05:30,0.0,0.0,0.0,0.0,0.0,19.8,71,2.52,1.0,158.1711879623723,253.3559148395704,False,normal
2023-12-19 00:00:00+05:30,0.0,0.0,0.0,0.0,0.0,19.5,72,2.35,1.0,171.2491558140615,235.4377355897305,False,normal
2023-12-19 01:00:00+05:30,0.0,0.0,0.0,0.0,0.0,19.1,74,2.22,1.0,171.7852087523836,126.9357977682232,False,normal
2023-12-19 02:00:00+05:30,0.0,0.0,0.0,0.0,0.0,18.7,75,2.26,1.0,158.8036254752671,106.9146160721267,False,normal
2023-12-19 03:00:00+05:30,0.0,0.0,0.0,0.0,0.0,18.2,77,2.28,1.0,145.09382460547528,104.47090706308086,False,normal
2023-12-19 04:00:00+05:30,0.0,0.0,0.0,0.0,0.0,18.0,77,2.12,1.0,131.3467588436836,105.18836094307125,False,normal
2023-12-19 05:00:00+05:30,0.0,0.0,0.0,0.0,0.0,17.9,77,1.93,1.0,117.69596085013664,107.25311572435452,False,normal
2023-12-19 06:00:00+05:30,0.0,0.0,0.0,0.0,0.0,17.6,78,2.21,1.0,104.23629642542583,110.30036313747064,False,normal
2023-12-19 07:00:00+05:30,2.692174283160647,6.0,0.0,6.0,5.889877161664096,17.6,79,1.91,1.0,91.08550102779992,114.378863507588,False,normal
2023-12-19 08:00:00+05:30,56.305454479892106,105.0,120.5,81.0,125.8952741628199,19.0,74,2.14,0.94,78.42247579110013,119.78443627204564,False,normal
2023-12-19 09:00:00+05:30,128.76826511508264,275.0,305.5,154.0,333.3902223192377,20.6,65,2.94,1.0,66.54466279164009,127.07642938208136,True,mppt_underperf
2023-12-19 10:00:00+05:30,200.93515415599825,448.0,446.8,199.0,538.2290841066617,22.5,57,3.71,0.74,55.96934877756674,137.13885107436823,True,mppt_underperf
2023-12-19 11:00:00+05:30,278.3306210385164,627.0,705.3,153.0,767.2004727212192,24.1,51,4.1,0.68,47.58516469967942,151.06824790167877,True,mppt_underperf
2023-12-19 12:00:00+05:30,318.9357300713052,716.0,789.2,138.0,872.8428290673908,25.1,48,4.5,1.0,42.7111362607965,169.27212287660427,True,mppt_underperf
2023-12-19 13:00:00+05:30,294.45200120392974,680.0,655.1,199.0,815.7542957445179,25.7,47,4.1,0.94,42.57454262247713,189.6344001656493,True,mppt_underperf
2023-12-19 14:00:00+05:30,264.1790272190402,608.0,603.8,199.0,731.8302129154972,26.1,46,3.9,0.47,47.21657297003372,208.0393588417917,True,mppt_underperf
2023-12-19 15:00:00+05:30,178.93362896919933,512.0,676.9,129.0,640.9137772934735,26.1,46,3.7,0.34,55.4468004423581,222.20448811994456,True,string_fault
2023-12-19 16:00:00+05:30,128.46151622206622,336.0,574.7,102.0,440.0422810055812,25.5,47,3.31,0.39,65.92968905621038,232.4482979778594,True,string_fault
2023-12-19 17:00:00+05:30,65.04920335388998,145.0,410.2,58.0,214.42243574655987,24.1,52,2.47,0.47,77.75226023395537,239.86413917402425,True,string_fault
2023-12-19 18:00:00+05:30,4.412064675647798,11.0,39.8,8.0,14.553514858495664,22.3,57,2.66,0.35,90.3812110870168,245.353839427946,True,string_fault
2023-12-19 19:00:00+05:30,0.0,0.0,0.0,0.0,0.0,21.6,59,3.14,0.6,103.5102367674006,249.4927494495416,False,normal
2023-12-19 20:00:00+05:30,0.0,0.0,0.0,0.0,0.0,20.6,59,2.61,0.29,116.95571355544875,252.589331507962,False,normal
2023-12-19 21:00:00+05:30,0.0,0.0,0.0,0.0,0.0,19.5,62,2.7,0.85,130.59754216095604,254.7065461229988,False,normal
2023-12-19 22:00:00+05:30,0.0,0.0,0.0,0.0,0.0,18.5,65,2.41,0.72,144.34043616404023,255.51156749626065,False,normal
2023-12-19 23:00:00+05:30,0.0,0.0,0.0,0.0,0.0,17.5,69,1.84,0.69,158.0559183033306,253.3393843754068,False,normal
2023-12-20 00:00:00+05:30,0.0,0.0,0.0,0.0,0.0,16.8,71,1.62,0.98,171.14097150637554,235.69988727832555,False,normal
2023-12-20 01:00:00+05:30,0.0,0.0,0.0,0.0,0.0,16.2,73,1.82,0.59,171.8656780102556,127.51694184102972,False,normal
2023-12-20 02:00:00+05:30,0.0,0.0,0.0,0.0,0.0,15.4,77,1.58,0.1,158.91204920369043,107.02330929986124,False,normal
2023-12-20 03:00:00+05:30,0.0,0.0,0.0,0.0,0.0,14.7,80,1.53,0.52,145.20674827192292,104.51121539402754,False,normal
2023-12-20 04:00:00+05:30,0.0,0.0,0.0,0.0,0.0,14.4,81,1.42,0.39,131.46135095927838,105.20418046086496,False,normal
2023-12-20 05:00:00+05:30,0.0,0.0,0.0,0.0,0.0,13.4,85,1.61,0.31,117.81110701419766,107.25525224434944,False,normal
2023-12-20 06:00:00+05:30,0.0,0.0,0.0,0.0,0.0,14.2,79,1.53,1.0,104.3511200395678,110.29185307825082,False,normal
2023-12-20 07:00:00+05:30,4.062758383002678,8.0,14.8,7.0,8.849490798825455,14.8,76,1.65,0.92,91.1989318339178,114.3594599983834,False,normal
2023-12-20 08:00:00+05:30,86.95679794568339,131.0,339.7,64.0,190.09317098853205,17.0,70,1.79,0.24,78.53286312999018,119.75139591308113,False,normal
2023-12-20 09:00:00+05:30,200.9794787638156,339.0,634.0,89.0,452.7276961332105,19.6,58,2.47,0.82,66.64914299704381,127.02408038192948,False,normal
2023-12-20 10:00:00+05:30,274.8235298398929,519.0,732.1,112.0,656.8239636766347,21.8,51,2.86,0.87,56.06270570738823,137.05795521087651,False,normal
2023-12-20 11:00:00+05:30,325.8598777003916,640.0,724.2,154.0,784.2323215910526,23.5,48,3.51,0.74,47.65826883464766,150.9482191606906,False,normal
2023-12-20 12:00:00+05:30,363.94686630323054,719.0,772.0,154.0,874.4172015854983,25.0,45,3.81,0.89,42.75131206679168,169.11351647237484,False,normal
2023-12-20 13:00:00+05:30,365.0914068680179,724.0,788.6,145.0,881.5740235466067,26.0,44,3.61,0.34,42.57309147680607,189.46466798380644,False,normal
2023-12-20 14:00:00+05:30,338.40421266260824,664.0,799.6,122.0,818.937871158163,26.7,43,3.11,0.55,47.177328414668686,207.89231463955176,False,normal
2023-12-20 15:00:00+05:30,284.646537310938,535.0,760.5,104.0,676.565431345556,26.8,43,3.03,0.97,55.38088197106809,222.09037768605896,False,normal
2023-12-20 16:00:00+05:30,172.41564829007442,320.0,465.2,130.0,407.0753845492894,26.2,45,2.63,1.0,65.84679232191188,232.3614050215633,False,normal
2023-12-20 17:00:00+05:30,73.13825342896457,128.0,201.3,85.0,163.6713179601502,24.5,53,1.66,1.0,77.6585970917209,239.79639646997285,False,normal
2023-12-20 18:00:00+05:30,7.278017165136464,12.0,39.4,9.0,15.74071218845711,21.8,55,2.2,0.97,90.28047014254015,245.29909578719145,False,normal
2023-12-20 19:00:00+05:30,0.0,0.0,0.0,0.0,0.0,20.5,59,2.11,1.0,103.40462780366816,249.4469482357264,False,normal
2023-12-20 20:00:00+05:30,0.0,0.0,0.0,0.0,0.0,18.7,70,2.92,0.8,116.84661138686626,252.5500657751092,False,normal
2023-12-20 21:00:00+05:30,0.0,0.0,0.0,0.0,0.0,17.9,73,2.86,0.15,130.4858510698881,254.67307935347168,False,normal
2023-12-20 22:00:00+05:30,0.0,0.0,0.0,0.0,0.0,18.9,67,2.6,0.1,144.2268411006671,255.486723694796,False,normal
2023-12-20 23:00:00+05:30,0.0,0.0,0.0,0.0,0.0,18.0,70,2.69,0.42,157.941443678368,253.3435439198988,False,normal
2023-12-21 00:00:00+05:30,0.0,0.0,0.0,0.0,0.0,17.2,73,2.4,0.82,171.03633894417828,235.9993494448539,False,normal
2023-12-21 01:00:00+05:30,0.0,0.0,0.0,0.0,0.0,16.6,74,1.9,1.0,171.95006766099897,128.06591052933186,False,normal
2023-12-21 02:00:00+05:30,0.0,0.0,0.0,0.0,0.0,16.3,75,1.3,1.0,159.0219415369325,107.11185785969155,False,normal
2023-12-21 03:00:00+05:30,0.0,0.0,0.0,0.0,0.0,15.6,77,1.12,1.0,145.32008120951977,104.53815214200506,False,normal
2023-12-21 04:00:00+05:30,0.0,0.0,0.0,0.0,0.0,14.6,82,1.79,0.67,131.5756167021975,105.20970444800616,False,normal
2023-12-21 05:00:00+05:30,0.0,0.0,0.0,0.0,0.0,16.0,71,1.2,0.9,117.92527427339375,107.24869131763036,False,normal
2023-12-21 06:00:00+05:30,0.0,0.0,0.0,0.0,0.0,16.1,83,1.14,0.86,104.46430778400595,110.27550984558076,False,normal
2023-12-21 07:00:00+05:30,4.468728189780362,8.0,30.0,6.0,9.714978595298914,14.8,91,1.49,0.61,91.31001239945932,114.33266667753514,False,normal
2023-12-21 08:00:00+05:30,94.79628858540376,135.0,409.4,55.0,204.8077157770749,18.2,76,1.61,0.67,78.64008262394876,119.71116731602262,False,normal
2023-12-21 09:00:00+05:30,193.59989701795456,335.0,623.8,90.0,447.0423073702939,20.8,64,1.43,0.25,66.74949254839595,126.96468683811436,False,normal
2023-12-21 10:00:00+05:30,283.32202181575093,520.0,746.4,106.0,659.6964649259205,23.0,56,2.02,0.38,56.15080979556643,136.97043208988777,False,normal
2023-12-21 11:00:00+05:30,332.22132391813386,658.0,804.2,119.0,813.7231022998672,25.2,50,2.33,0.4,47.72493769383284,150.82288859674952,False,normal
2023-12-21 12:00:00+05:30,361.63901501431445,726.0,809.3,134.0,886.5175661901441,27.1,45,2.47,0.42,42.78416356248558,168.95251903225108,False,normal
2023-12-21 13:00:00+05:30,355.53099126701846,716.0,764.0,155.0,869.8391771041128,28.3,41,2.52,0.67,42.56420920226001,189.2964667320076,False,normal
2023-12-21 14:00:00+05:30,320.3714095593657,654.0,753.2,143.0,802.5038462657583,29.0,38,2.51,0.71,47.131358883485824,207.7498686993567,False,normal
2023-12-21 15:00:00+05:30,277.9679036651813,530.0,725.7,118.0,667.037363612284,29.0,37,2.18,0.71,55.30929908644822,221.9823807703812,False,normal
2023-12-21 16:00:00+05:30,186.9417450697477,338.0,556.4,110.0,439.9170719272057,28.2,40,2.15,0.87,65.75928123291908,232.28119016565083,False,normal
2023-12-21 17:00:00+05:30,89.69277076245119,143.0,339.1,70.0,201.9484649009371,25.8,51,1.7,0.46,77.56124041786467,239.7355752342214,False,normal
2023-12-21 18:00:00+05:30,8.143425640261645,13.0,51.9,9.0,18.052225859486963,22.5,51,2.06,0.96,90.1768282820371,245.2515419025073,False,normal
2023-12-21 19:00:00+05:30,0.0,0.0,0.0,0.0,0.0,20.2,62,2.48,1.0,103.29681714919728,249.40882717781275,False,normal
2023-12-21 20:00:00+05:30,0.0,0.0,0.0,0.0,0.0,19.6,66,2.32,1.0,116.7359555136768,252.51938185788552,False,normal
2023-12-21 21:00:00+05:30,0.0,0.0,0.0,0.0,0.0,19.4,67,2.13,0.7,130.37325431032798,254.6498307232064,False,normal
2023-12-21 22:00:00+05:30,0.0,0.0,0.0,0.0,0.0,20.8,57,1.2,0.74,144.11307607195783,255.4752372827145,False,normal
2023-12-21 23:00:00+05:30,0.0,0.0,0.0,0.0,0.0,18.2,69,1.7,0.96,157.82786909322,253.36806359966693,False,normal
2023-12-22 00:00:00+05:30,0.0,0.0,0.0,0.0,0.0,17.2,72,1.64,0.61,170.93525591246708,236.33487809329264,False,normal
2023-12-22 01:00:00+05:30,0.0,0.0,0.0,0.0,0.0,16.1,78,2.35,0.17,172.0384465669759,128.58207779658397,False,normal
2023-12-22 02:00:00+05:30,0.0,0.0,0.0,0.0,0.0,17.0,73,1.64,0.02,159.1332305647461,107.1799151882201,False,normal
2023-12-22 03:00:00+05:30,0.0,0.0,0.0,0.0,0.0,15.3,83,1.3,0.37,145.43372637765458,104.55159211928547,False,normal
2023-12-22 04:00:00+05:30,0.0,0.0,0.0,0.0,0.0,14.1,90,1.34,1.0,131.68945169654407,105.204883514791,False,normal
2023-12-22 05:00:00+05:30,0.0,0.0,0.0,0.0,0.0,15.4,82,0.67,1.0,118.03835647457942,107.23342033607418,False,normal
2023-12-22 06:00:00+05:30,0.0,0.0,0.0,0.0,0.0,15.7,95,1.08,1.0,104.57575485980382,110.2513446030212,False,normal
2023-12-22 07:00:00+05:30,3.6797229017446895,7.0,15.2,6.0,7.790454894238051,15.3,98,1.12,1.0,91.41864211204474,114.29851442119366,False,normal
2023-12-22 08:00:00+05:30,92.2630827542078,132.0,402.7,54.0,200.49266213248228,17.9,90,0.42,0.91,78.74404130353,119.66380097876572,False,normal
2023-12-22 09:00:00+05:30,188.23986234928188,331.0,618.6,89.0,441.943893625228,20.7,80,0.92,0.94,66.84563086425327,126.89832008249964,False,normal
2023-12-22 10:00:00+05:30,275.6899758790871,516.0,740.7,106.0,654.5518557257262,23.5,68,1.08,0.93,56.23359904708908,136.8763721568047,False,normal
2023-12-22 11:00:00+05:30,335.0872344737088,654.0,806.6,114.0,809.4799985593695,25.8,59,1.12,0.45,47.78513358895691,150.69235384923255,False,normal
2023-12-22 12:00:00+05:30,352.6206012638203,718.0,796.0,136.0,876.1230994847722,27.6,52,1.1,0.9,42.80967769315516,168.78921712091972,False,normal
2023-12-22 13:00:00+05:30,331.26017576654,682.0,660.4,197.0,818.9020111576617,28.8,46,0.71,1.0,42.5479038215856,189.12987754052492,False,normal
2023-12-22 14:00:00+05:30,282.49874233868155,580.0,493.3,245.0,684.1128417219173,29.1,43,0.95,0.99,47.07869492187025,207.61211010073964,False,normal
2023-12-22 15:00:00+05:30,235.988730729422,474.0,488.7,196.0,572.426666524835,29.2,40,1.34,1.0,55.2321056480214,221.8805836886528,False,normal
2023-12-22 16:00:00+05:30,152.34861334957634,293.0,321.0,161.0,354.5792155490908,28.6,41,1.41,1.0,65.66722885951458,232.2077252787473,False,normal
2023-12-22 17:00:00+05:30,70.92396472024697,128.0,193.6,86.0,162.2702563571829,25.9,61,1.77,1.0,77.46027714760555,239.6817296324916,False,normal
2023-12-22 18:00:00+05:30,8.739182918808172,13.0,64.2,8.0,19.095341579894416,21.4,58,2.47,0.94,90.07038194563718,245.2112144186256,False,normal
2023-12-22 19:00:00+05:30,0.0,0.0,0.0,0.0,0.0,21.5,55,1.79,0.9,103.18690757478696,249.37840492366115,False,normal
2023-12-22 20:00:00+05:30,0.0,0.0,0.0,0.0,0.0,20.4,59,1.94,0.93,116.62385261926148,252.4972764690048,False,normal
2023-12-22 21:00:00+05:30,0.0,0.0,0.0,0.0,0.0,20.8,56,1.06,0.78,130.25986017356263,254.63676262633825,False,normal
2023-12-22 22:00:00+05:30,0.0,0.0,0.0,0.0,0.0,19.8,60,0.22,0.0,143.99924734033067,255.47699852547652,False,normal
2023-12-22 23:00:00+05:30,0.0,0.0,0.0,0.0,0.0,18.5,65,0.28,0.01,157.7152867753768,253.4126133766184,False,normal
2023-12-23 00:00:00+05:30,0.0,0.0,0.0,0.0,0.0,15.4,81,0.92,0.04,170.83770366998746,236.7053601066129,False,normal
2023-12-23 01:00:00+05:30,0.0,0.0,0.0,0.0,0.0,14.9,84,1.0,0.0,172.13087657491334,129.06473948017782,False,normal
2023-12-23 02:00:00+05:30,0.0,0.0,0.0,0.0,0.0,15.7,80,0.63,0.02,159.24584072970578,107.227134424238,False,normal
2023-12-23 03:00:00+05:30,0.0,0.0,0.0,0.0,0.0,14.5,86,0.58,0.12,145.5475866423774,104.55141669986348,False,normal
2023-12-23 04:00:00+05:30,0.0,0.0,0.0,0.0,0.0,13.9,87,0.45,0.55,131.8027535709884,105.18967441627144,False,normal
2023-12-23 05:00:00+05:30,0.0,0.0,0.0,0.0,0.0,12.9,90,0.7,0.31,118.15025094042724,107.20943184592534,False,normal
2023-12-23 06:00:00+05:30,0.0,0.0,0.0,0.0,0.0,13.2,98,1.12,0.99,104.68536110716852,110.21937268923092,False,normal
2023-12-23 07:00:00+05:30,3.642855278834885,7.0,15.4,6.0,7.777617837769706,13.2,99,0.92,0.76,91.52472598148196,114.25703725126,False,normal
2023-12-23 08:00:00+05:30,92.55220290902814,132.0,401.0,55.0,200.4125417445861,17.0,86,0.22,0.25,78.84465264423774,119.6093492659299,False,normal
2023-12-23 09:00:00+05:30,195.90733881359247,336.0,641.3,86.0,450.4835910049807,20.5,71,0.63,0.84,66.93748439459618,126.82505149860184,False,normal
2023-12-23 10:00:00+05:30,277.40148112589753,523.0,754.8,106.0,664.1374334514219,23.4,60,0.82,0.18,56.31101862867975,136.77586332093222,False,normal
2023-12-23 11:00:00+05:30,343.28317332372137,666.0,825.4,114.0,825.1196895417378,26.0,49,1.51,0.48,47.83882533458708,150.55670710427347,False,normal
2023-12-23 12:00:00+05:30,360.25543940492884,742.0,855.1,117.0,909.4439306384808,27.7,41,2.2,0.76,42.827846421234966,168.6236905141849,False,normal
2023-12-23 13:00:00+05:30,368.17410030163575,743.0,838.4,127.0,908.3905685003627,28.8,36,2.51,0.41,42.52418678218715,188.9649759693161,False,normal
2023-12-23 14:00:00+05:30,345.6106563069488,683.0,844.4,109.0,845.0478933407778,29.5,32,2.62,0.19,47.01936932731973,207.4791235870163,False,normal
2023-12-23 15:00:00+05:30,289.5258313391815,551.0,789.6,101.0,697.8105971605713,29.5,30,2.72,0.24,55.14935673670365,221.78506839391227,False,normal
2023-12-23 16:00:00+05:30,209.07917627401108,368.0,688.3,84.0,490.1520996961334,28.8,33,2.51,0.14,65.57070839557849,232.14107740609847,False,normal
2023-12-23 17:00:00+05:30,104.4999804338555,161.0,480.4,56.0,242.07236255316724,25.8,44,1.8,0.01,77.35579320095967,239.63490860817,False,normal
2023-12-23 18:00:00+05:30,10.145448079023696,15.0,76.1,9.0,22.70740604946773,23.5,31,2.34,0.04,89.96122541669975,245.17814444177844,False,normal
2023-12-23 19:00:00+05:30,0.0,0.0,0.0,0.0,0.0,20.2,41,2.86,0.0,103.07499852730037,249.35569426124476,False,normal
2023-12-23 20:00:00+05:30,0.0,0.0,0.0,0.0,0.0,18.9,48,3.06,0.0,116.51040479971226,252.48374008027696,False,normal
2023-12-23 21:00:00+05:30,0.0,0.0,0.0,0.0,0.0,20.8,39,2.36,0.0,130.1457708595714,254.6338308562416,False,normal
2023-12-23 22:00:00+05:30,0.0,0.0,0.0,0.0,0.0,18.0,46,1.84,0.08,143.88545300716413,255.49189155820244,False,normal
2023-12-23 23:00:00+05:30,0.0,0.0,0.0,0.0,0.0,16.0,55,2.61,0.0,157.60377735327154,253.47686559392855,False,normal
2023-12-24 00:00:00+05:30,0.0,0.0,0.0,0.0,0.0,18.2,42,1.56,0.13,170.74364865131366,237.1098021304676,False,normal
2023-12-24 01:00:00+05:30,0.0,0.0,0.0,0.0,0.0,17.6,44,1.0,0.96,172.2274119685715,129.51309399653377,False,normal
2023-12-24 02:00:00+05:30,0.0,0.0,0.0,0.0,0.0,17.0,46,1.04,1.0,159.3596918580833,107.25316606307048,False,normal
2023-12-24 03:00:00+05:30,0.0,0.0,0.0,0.0,0.0,16.6,48,1.3,0.96,145.66156383963656,104.5375126386022,False,normal
2023-12-24 04:00:00+05:30,0.0,0.0,0.0,0.0,0.0,16.2,50,1.63,1.0,131.91542099244063,105.16403916760072,False,normal
2023-12-24 05:00:00+05:30,0.0,0.0,0.0,0.0,0.0,15.9,52,1.5,0.96,118.26085744601122,107.17672281417232,False,normal
2023-12-24 06:00:00+05:30,0.0,0.0,0.0,0.0,0.0,15.6,59,1.36,1.0,104.79302991465347,110.1796129867078,False,normal
2023-12-24 07:00:00+05:30,3.935178510634782,7.0,31.2,5.0,8.551860583428741,15.2,62,1.39,1.0,91.62817347059053,114.20827179585432,False,normal
2023-12-24 08:00:00+05:30,89.40056989992738,130.0,378.0,58.0,194.95267901082656,16.8,63,0.98,1.0,78.94183531944665,119.54786598052596,False,normal
2023-12-24 09:00:00+05:30,183.1953932087693,321.0,530.2,115.0,419.2134561047761,19.9,57,0.94,1.0,67.02498530175725,126.74495227324968,False,normal
2023-12-24 10:00:00+05:30,267.6071180927893,507.0,669.1,138.0,635.9358420892875,22.9,51,1.53,1.0,56.38301951089427,136.66899103077702,False,normal
2023-12-24 11:00:00+05:30,317.2149372031909,628.0,667.4,182.0,763.6288842862334,25.1,47,2.12,0.99,47.88598694270623,150.4160357025669,False,normal
2023-12-24 12:00:00+05:30,357.2977566841937,734.0,804.6,146.0,895.0448283928106,27.0,41,2.55,1.0,42.83866563449366,168.45601345971147,False,normal
2023-12-24 13:00:00+05:30,369.6969079723869,743.0,817.6,142.0,906.1325391007954,28.1,37,2.79,0.97,42.49307223699596,188.8018337585734,False,normal
2023-12-24 14:00:00+05:30,347.0184869771976,687.0,839.0,116.0,848.9841236492726,28.8,35,2.89,0.43,46.95341685017829,207.3509914106859,False,normal
2023-12-24 15:00:00+05:30,295.7281764675459,555.0,789.7,104.0,702.3067461891668,28.8,35,2.91,0.73,55.061108701086326,221.6959141444118,False,normal
2023-12-24 16:00:00+05:30,209.31263060636263,371.0,690.6,85.0,493.7502098000724,28.0,37,2.88,0.87,65.46979345245158,232.0813102306852,False,normal
2023-12-24 17:00:00+05:30,104.0361991647935,163.0,476.6,58.0,243.7920775821949,25.5,47,1.84,0.31,77.24787395530376,239.59515720362185,False,normal
2023-12-24 18:00:00+05:30,9.280082741166494,15.0,50.2,11.0,20.566848275445107,22.9,52,2.34,1.0,89.84945142836548,245.1523587969657,False,normal
2023-12-24 19:00:00+05:30,0.0,0.0,0.0,0.0,0.0,20.4,62,2.64,0.95,102.9611868527104,249.3407033889851,False,normal
2023-12-24 20:00:00+05:30,0.0,0.0,0.0,0.0,0.0,20.0,64,2.43,0.07,116.39571039979056,252.4787582920329,False,normal
2023-12-24 21:00:00+05:30,0.0,0.0,0.0,0.0,0.0,18.7,71,2.5,0.0,130.031083429315,254.64098619421475,False,normal
2023-12-24 22:00:00+05:30,0.0,0.0,0.0,0.0,0.0,18.5,72,2.06,0.0,143.77178412021146,255.51979639411263,False,normal
2023-12-24 23:00:00+05:30,0.0,0.0,0.0,0.0,0.0,18.0,72,2.18,0.01,157.4934112514872,253.56049750673935,False,normal
2023-12-25 00:00:00+05:30,0.0,0.0,0.0,0.0,0.0,17.0,74,1.9,0.05,170.65304430129646,237.54732042355712,False,normal
2023-12-25 01:00:00+05:30,0.0,0.0,0.0,0.0,0.0,16.0,78,1.96,0.0,172.32809884857386,129.92621959719332,False,normal
2023-12-25 02:00:00+05:30,0.0,0.0,0.0,0.0,0.0,15.8,78,1.84,0.0,159.47469803334545,107.25765527554472,False,normal
2023-12-25 03:00:00+05:30,0.0,0.0,0.0,0.0,0.0,14.9,82,2.06,0.01,145.77555767304332,104.509770745433,False,normal
2023-12-25 04:00:00+05:30,0.0,0.0,0.0,0.0,0.0,14.2,86,2.56,0.69,132.02735252212085,105.12794408472904,False,normal
2023-12-25 05:00:00+05:30,0.0,0.0,0.0,0.0,0.0,14.0,87,2.14,1.0,118.37007701882254,107.1352938602884,False,normal
2023-12-25 06:00:00+05:30,0.0,0.0,0.0,0.0,0.0,14.2,84,1.43,0.73,104.8986669565371,110.13208728446,False,normal
2023-12-25 07:00:00+05:30,3.617359521169895,7.0,15.8,6.0,7.749501182602181,14.0,88,1.3,1.0,91.7288971703293,114.1522567656816,False,normal
2023-12-25 08:00:00+05:30,84.65397028449183,125.0,328.1,63.0,181.99594044820088,17.3,75,0.9,0.99,79.03551180999743,119.47940597556924,False,normal
2023-12-25 09:00:00+05:30,190.6063761762492,325.0,581.0,100.0,430.4579595626723,20.5,65,0.72,0.95,67.1080700148299,126.65809321495476,False,normal
2023-12-25 10:00:00+05:30,271.5030017728355,512.0,702.9,125.0,645.6477015018113,23.2,56,1.39,0.82,56.44955700627245,136.55583844640648,False,normal
2023-12-25 11:00:00+05:30,329.12358606608365,650.0,754.8,146.0,799.1494724904568,25.4,50,1.94,0.77,47.92659624395292,150.2704228760078,False,normal
2023-12-25 12:00:00+05:30,361.5330829998643,736.0,826.5,132.0,899.5279508910851,27.0,45,2.12,0.33,42.84213402211076,168.28625609155984,False,normal
2023-12-25 13:00:00+05:30,364.343596020175,746.0,844.3,125.0,912.1849170170864,28.3,41,2.18,0.0,42.45457634004085,188.64052073220012,False,normal
2023-12-25 14:00:00+05:30,338.232986982764,685.0,845.3,109.0,847.2106987937361,29.0,38,2.34,0.0,46.88087394949164,207.2277953007806,False,normal
2023-12-25 15:00:00+05:30,292.84134444760195,553.0,791.4,100.0,699.9801001921635,29.1,37,2.42,0.0,54.96741928545181,221.61319924780963,False,normal
2023-12-25 16:00:00+05:30,207.6711753355827,369.0,685.6,84.0,490.6788639082501,28.5,38,2.3,0.0,65.36455844760037,232.02848557034207,False,normal
2023-12-25 17:00:00+05:30,102.8492123036128,163.0,477.3,57.0,243.6539981907846,25.6,53,1.56,0.0,77.13660481705719,239.5625178866929,False,normal
2023-12-25 18:00:00+05:30,10.42003117978592,15.0,74.4,9.0,22.751373103950883,22.5,55,2.14,0.0,89.7351518746832,245.13388126742703,False,normal
2023-12-25 19:00:00+05:30,0.0,0.0,0.0,0.0,0.0,21.4,59,1.94,0.0,102.84556761925194,249.33343714280016,False,normal
2023-12-25 20:00:00+05:30,0.0,0.0,0.0,0.0,0.0,19.5,67,2.8,0.0,116.27986493467066,252.4823131271648,False,normal
2023-12-25 21:00:00+05:30,0.0,0.0,0.0,0.0,0.0,19.5,66,2.19,0.0,129.91589083550372,254.65817587729265,False,normal
2023-12-25 22:00:00+05:30,0.0,0.0,0.0,0.0,0.0,21.2,58,1.66,0.0,143.6583258438473,255.56059072359292,False,normal
2023-12-25 23:00:00+05:30,0.0,0.0,0.0,0.0,0.0,18.9,68,1.77,0.0,157.38425012872963,253.66319337934004,False,normal
2023-12-26 00:00:00+05:30,0.0,0.0,0.0,0.0,0.0,16.4,80,2.33,0.0,170.5658328235184,238.017131140208,False,normal
2023-12-26 01:00:00+05:30,0.0,0.0,0.0,0.0,0.0,15.8,84,2.37,0.0,172.43297443009254,130.30304954514986,False,normal
2023-12-26 02:00:00+05:30,0.0,0.0,0.0,0.0,0.0,15.8,85,2.24,0.0,159.5907664240391,107.24023952254356,False,normal
2023-12-26 03:00:00+05:30,0.0,0.0,0.0,0.0,0.0,14.8,89,2.08,0.0,145.88946458993306,104.46808477307955,False,normal
2023-12-26 04:00:00+05:30,0.0,0.0,0.0,0.0,0.0,14.4,90,1.7,0.0,132.13844546904926,105.0813589999026,False,normal
2023-12-26 05:00:00+05:30,0.0,0.0,0.0,0.0,0.0,14.0,91,1.4,0.0,118.47781075355437,107.0851486455544,False,normal
2023-12-26 06:00:00+05:30,0.0,0.0,0.0,0.0,0.0,14.6,90,1.43,0.0,105.0021789645163,110.0768197911006,False,normal
2023-12-26 07:00:00+05:30,3.921203162029408,7.0,32.0,5.0,8.494944458064097,14.0,94,1.12,0.0,91.82681152507264,114.08903258140754,False,normal
2023-12-26 08:00:00+05:30,90.69845679279564,131.0,431.9,50.0,203.55464424935167,17.2,80,0.94,0.0,79.12560708800268,119.40402491872914,False,normal
2023-12-26 09:00:00+05:30,198.97998211512595,336.0,652.7,84.0,451.7761097415036,20.5,68,0.61,0.0,67.18667789084252,126.56454472192264,False,normal
2023-12-26 10:00:00+05:30,281.91261359576686,525.0,773.1,100.0,668.2108774788609,23.8,56,0.85,0.0,56.51058945135582,136.43648674034756,False,normal
2023-12-26 11:00:00+05:30,338.86880066846425,668.0,837.7,109.0,828.3580938434817,26.4,47,1.12,0.0,47.960633685830295,150.11994855523392,False,normal
2023-12-26 12:00:00+05:30,374.4375163613997,746.0,864.7,114.0,914.5230664122944,28.0,43,1.39,0.0,42.83825214117684,168.1144858275104,False,normal
2023-12-26 13:00:00+05:30,372.751814191936,751.0,865.5,114.0,919.833743312211,29.2,39,1.48,0.0,42.40871672374256,188.4811065879352,False,normal
2023-12-26 14:00:00+05:30,341.61119676708336,684.0,842.6,109.0,845.5838322275163,30.0,36,1.49,0.0,46.80177870297132,207.1096182471352,False,normal
2023-12-26 15:00:00+05:30,282.93833014926963,552.0,787.8,100.0,698.2555623631051,30.2,32,1.57,0.0,54.86834787419068,221.53700258384157,False,normal
2023-12-26 16:00:00+05:30,206.0342018644693,370.0,682.8,85.0,491.26181422084267,29.6,32,1.41,0.0,65.25507907372901,231.982664639742,False,normal
2023-12-26 17:00:00+05:30,107.6095233154104,166.0,486.6,57.0,248.1239478609554,27.0,53,1.81,0.0,77.02207184164047,239.537031635018,False,normal
2023-12-26 18:00:00+05:30,11.432879170518586,16.0,85.7,9.0,25.07067591699002,24.5,44,2.05,0.0,89.61841853819125,245.12273358036705,False,normal
2023-12-26 19:00:00+05:30,0.0,0.0,0.0,0.0,0.0,21.1,54,2.69,0.0,102.72823493222832,249.33389795011877,False,normal
2023-12-26 20:00:00+05:30,0.0,0.0,0.0,0.0,0.0,20.9,55,2.06,0.0,116.16296198144232,252.49438401618488,False,normal
2023-12-26 21:00:00+05:30,0.0,0.0,0.0,0.0,0.0,22.2,49,0.58,0.0,129.80028289209872,254.68534468926572,False,normal
2023-12-26 22:00:00+05:30,0.0,0.0,0.0,0.0,0.0,18.4,64,0.78,0.0,143.54515853998294,255.6141512047871,False,normal
2023-12-26 23:00:00+05:30,0.0,0.0,0.0,0.0,0.0,17.7,67,1.08,0.0,157.27634816266132,253.7846457809769,False,normal
2023-12-27 00:00:00+05:30,0.0,0.0,0.0,0.0,0.0,15.9,78,1.75,0.02,170.48194662618016,238.51854056644095,False,normal
2023-12-27 01:00:00+05:30,0.0,0.0,0.0,0.0,0.0,17.4,71,0.73,0.02,172.54206624088528,130.6423466068449,False,normal
2023-12-27 02:00:00+05:30,0.0,0.0,0.0,0.0,0.0,15.4,79,0.72,0.0,159.70779617899368,107.20054707662968,False,normal
2023-12-27 03:00:00+05:30,0.0,0.0,0.0,0.0,0.0,15.6,75,0.73,0.0,146.00317678024922,104.41235084948198,False,normal
2023-12-27 04:00:00+05:30,0.0,0.0,0.0,0.0,0.0,15.9,72,0.22,0.0,132.24859490194754,105.02425687558474,False,normal
2023-12-27 05:00:00+05:30,0.0,0.0,0.0,0.0,0.0,15.3,76,0.64,0.0,118.58395881462216,107.02629358789623,False,normal
2023-12-27 06:00:00+05:30,0.0,0.0,0.0,0.0,0.0,15.6,80,1.02,0.07,105.10347271479289,110.0138369321566,False,normal
2023-12-27 07:00:00+05:30,3.474089048851537,6.0,32.4,4.0,7.381877698904974,14.8,85,1.12,0.0,91.92183180858244,114.01864125667612,False,normal
2023-12-27 08:00:00+05:30,92.109753289409,129.0,424.5,50.0,200.23139594586533,17.6,74,0.73,0.03,79.2120475893184,119.32177928695528,False,normal
2023-12-27 09:00:00+05:30,196.7784893636518,333.0,646.8,84.0,447.52186689678496,21.0,61,0.94,0.05,67.26075019696991,126.46437694984934,False,normal
2023-12-27 10:00:00+05:30,284.98749829948525,523.0,763.2,104.0,664.7187365121711,24.0,52,1.7,0.08,56.56607724198729,136.31101554046256,False,normal
2023-12-27 11:00:00+05:30,339.78599663324803,667.0,832.1,112.0,826.4788855557837,26.6,44,1.99,0.24,47.9880815064901,149.9646902026809,False,normal
2023-12-27 12:00:00+05:30,364.313803903968,737.0,830.3,130.0,900.6397227272505,28.5,38,2.53,0.54,42.827021850250055,167.94076859690676,False,normal
2023-12-27 13:00:00+05:30,364.9689544753807,736.0,794.1,151.0,895.1349939071675,29.5,33,2.94,0.32,42.35551228225308,188.32366233813488,False,normal
2023-12-27 14:00:00+05:30,340.149484819775,680.0,806.1,129.0,837.0133813519657,29.8,31,3.18,0.28,46.716170932531256,206.99654584090572,False,normal
2023-12-27 15:00:00+05:30,282.4313788418272,549.0,751.0,117.0,690.6385745899894,29.6,31,3.16,0.05,54.76395586588564,221.4674046721249,False,normal
2023-12-27 16:00:00+05:30,207.84041934894375,377.0,691.8,87.0,500.08695054099934,29.0,32,2.85,0.01,65.14143282211563,231.94390887209008,False,normal
2023-12-27 17:00:00+05:30,112.22458057138424,170.0,500.1,57.0,254.29414237797045,26.3,43,1.8,0.32,76.90436234443762,239.51873859635236,False,normal
2023-12-27 18:00:00+05:30,12.343941019441836,17.0,84.7,10.0,26.505654103929217,23.2,47,2.2,0.04,89.49934375997566,245.1189359765312,False,normal
2023-12-27 19:00:00+05:30,0.0,0.0,0.0,0.0,0.0,21.4,53,2.3,0.91,102.6092826450645,249.3420863569436,False,normal
2023-12-27 20:00:00+05:30,0.0,0.0,0.0,0.0,0.0,20.5,59,2.91,0.13,116.04509393127375,252.51494832273775,False,normal
2023-12-27 21:00:00+05:30,0.0,0.0,0.0,0.0,0.0,22.6,50,1.35,0.18,129.6843470719729,254.72243552196315,False,normal
2023-12-27 22:00:00+05:30,0.0,0.0,0.0,0.0,0.0,21.9,53,0.58,0.96,143.43235863202992,255.68035408103125,False,normal
2023-12-27 23:00:00+05:30,0.0,0.0,0.0,0.0,0.0,18.0,71,1.66,1.0,157.16975306240724,253.9245559000162,False,normal
2023-12-28 00:00:00+05:30,0.0,0.0,0.0,0.0,0.0,16.4,80,2.27,0.59,170.40130934326535,239.05093503857648,False,normal
2023-12-28 01:00:00+05:30,0.0,0.0,0.0,0.0,0.0,16.0,82,2.5,0.45,172.65539120164507,130.94267761789172,False,normal
2023-12-28 02:00:00+05:30,0.0,0.0,0.0,0.0,0.0,15.4,85,2.79,0.85,159.8256774856157,107.13819681647136,False,normal
2023-12-28 03:00:00+05:30,0.0,0.0,0.0,0.0,0.0,15.3,86,2.69,0.8,146.1165814095923,104.34246762422764,False,normal
2023-12-28 04:00:00+05:30,0.0,0.0,0.0,0.0,0.0,14.9,87,2.69,0.36,132.35769292792986,104.95661391734863,False,normal
2023-12-28 05:00:00+05:30,0.0,0.0,0.0,0.0,0.0,14.9,86,1.7,0.92,118.68841973665371,106.95873796776864,False,normal
2023-12-28 06:00:00+05:30,0.0,0.0,0.0,0.0,0.0,14.8,97,1.78,0.01,105.20245434685356,109.94316747307596,False,normal
2023-12-28 07:00:00+05:30,3.103793061327534,6.0,16.4,5.0,6.670383711499256,15.2,96,1.39,0.16,92.0138734595209,113.94112656224718,False,normal
2023-12-28 08:00:00+05:30,85.73432025172515,126.0,406.0,51.0,194.20459678946892,18.3,86,1.72,0.27,79.2947605722041,119.23272660388908,False,normal
2023-12-28 09:00:00+05:30,196.5639213565138,329.0,630.4,87.0,440.88774671455934,21.4,73,1.53,0.02,67.33022951332816,126.35766016961615,False,normal
2023-12-28 10:00:00+05:30,277.47047091235737,520.0,758.7,104.0,660.6376953710595,24.0,62,1.39,0.16,56.615982315682366,136.1795034763569,False,normal
2023-12-28 11:00:00+05:30,334.7300787752512,664.0,826.4,113.0,822.2671843246526,26.0,55,1.7,0.73,48.00892336168695,149.80472359865507,False,normal
2023-12-28 12:00:00+05:30,361.7463340505677,743.0,851.9,120.0,909.3689399631822,27.8,49,2.0,0.48,42.80844615735436,167.76516981505847,False,normal
2023-12-28 13:00:00+05:30,296.7372724107408,752.0,862.5,116.0,920.1002969941576,29.0,44,2.41,0.0,42.29498327916745,188.16826130207883,True,string_fault
2023-12-28 14:00:00+05:30,270.09970596360785,688.0,842.7,111.0,849.5279472727594,29.8,41,2.42,0.0,46.62409253542039,206.88866707962632,True,string_fault
2023-12-28 15:00:00+05:30,228.1855497711235,556.0,787.1,102.0,702.1199848862996,29.8,40,2.35,0.0,54.65430713534017,221.4044882008264,True,string_fault
2023-12-28 16:00:00+05:30,162.13847845182872,373.0,679.3,87.0,493.69326023662825,29.1,42,2.42,0.03,65.02369950418387,231.91228024287312,True,string_fault
2023-12-28 17:00:00+05:30,107.25080473552904,167.0,478.1,58.0,247.57172341976604,27.3,49,2.12,0.02,76.78356544894118,239.5076782936148,False,normal
2023-12-28 18:00:00+05:30,11.972119614884043,17.0,83.6,10.0,26.497363613675454,24.2,49,2.28,0.05,89.378020992246,245.1225073466504,False,normal
2023-12-28 19:00:00+05:30,0.0,0.0,0.0,0.0,0.0,22.1,57,1.9,0.83,102.48880491472784,249.35800112744744,False,normal
2023-12-28 20:00:00+05:30,0.0,0.0,0.0,0.0,0.0,21.1,61,1.9,0.98,115.92635254357124,252.5439814216976,False,normal
2023-12-28 21:00:00+05:30,0.0,0.0,0.0,0.0,0.0,19.2,72,2.62,1.0,129.568169071206,254.7693894379082,False,normal
2023-12-28 22:00:00+05:30,0.0,0.0,0.0,0.0,0.0,21.3,61,1.3,0.97,143.3199992024722,255.75907519074923,False,normal
2023-12-28 23:00:00+05:30,0.0,0.0,0.0,0.0,0.0,19.1,70,0.72,1.0,157.06450676103685,254.08263302621413,False,normal
2023-12-29 00:00:00+05:30,0.0,0.0,0.0,0.0,0.0,17.9,75,1.1,1.0,170.32383642495492,239.61377078581037,False,normal
2023-12-29 01:00:00+05:30,0.0,0.0,0.0,0.0,0.0,17.5,76,1.32,1.0,172.77295461252913,131.20238786054142,False,normal
2023-12-29 02:00:00+05:30,0.0,0.0,0.0,0.0,0.0,18.2,73,0.58,0.97,159.9442908309386,107.0527992301823,False,normal
2023-12-29 03:00:00+05:30,0.0,0.0,0.0,0.0,0.0,17.6,76,0.89,0.99,146.229560117306,104.2583370436891,False,normal
2023-12-29 04:00:00+05:30,0.0,0.0,0.0,0.0,0.0,17.2,78,1.0,0.99,132.46562827222434,104.87841010224092,False,normal
2023-12-29 05:00:00+05:30,0.0,0.0,0.0,0.0,0.0,16.9,80,0.58,1.0,118.79109004976902,106.8824943426701,False,normal
2023-12-29 06:00:00+05:30,0.0,0.0,0.0,0.0,0.0,15.9,87,0.6,0.88,105.29902902173676,109.86484288674166,False,normal
2023-12-29 07:00:00+05:30,3.0783097823130445,6.0,16.6,5.0,6.65385455791472,15.4,90,0.54,0.94,92.10285177178132,113.85653438760863,False,normal
2023-12-29 08:00:00+05:30,82.67412777320595,123.0,359.9,57.0,184.3428414473742,17.0,85,0.64,0.86,79.37367384877417,119.13692582941552,False,normal
2023-12-29 09:00:00+05:30,188.9844850079879,326.0,603.4,95.0,434.1065796793892,20.2,72,1.22,0.78,67.39505951962181,126.24446522317362,False,normal
2023-12-29 10:00:00+05:30,284.0763824296635,522.0,759.6,106.0,662.8643730722811,23.4,58,1.82,0.58,56.66026802383072,136.04202873807168,False,normal
2023-12-29 11:00:00+05:30,329.32185572417035,656.0,787.6,131.0,808.8745662515378,25.8,49,2.1,0.03,48.02314432502979,149.64012350433393,False,normal
2023-12-29 12:00:00+05:30,371.4342915902289,751.0,869.3,115.0,919.8596416074572,27.7,42,2.4,0.0,42.78252938576014,167.587755055589,False,normal
2023-12-29 13:00:00+05:30,381.4370302484366,760.0,873.7,115.0,929.8904468396644,28.9,37,2.4,0.0,42.22715167309969,188.01497965750133,False,normal
2023-12-29 14:00:00+05:30,347.3695312615711,696.0,854.3,110.0,859.425597428264,29.5,35,2.3,0.0,46.525587917999005,206.7860746932704,False,normal
2023-12-29 15:00:00+05:30,0.0,564.0,802.1,100.0,712.3908696483899,29.7,34,2.2,0.0,54.53946850433004,221.34833811782264,True,inverter_trip
2023-12-29 16:00:00+05:30,0.0,380.0,695.1,86.0,503.15716992134793,29.2,36,2.06,0.18,64.90196170621167,231.88784120669757,True,inverter_trip
2023-12-29 17:00:00+05:30,0.0,171.0,486.7,59.0,253.02025124815447,26.7,45,1.78,0.0,76.65977250337608,239.5038894831186,True,inverter_trip
2023-12-29 18:00:00+05:30,0.0,18.0,94.3,10.0,28.3169596594583,21.8,47,3.26,0.0,89.25454518414345,245.1334650559796,True,inverter_trip
2023-12-29 19:00:00+05:30,0.0,0.0,0.0,0.0,0.0,20.6,49,2.97,0.0,102.3668965589787,249.38163904873443,True,inverter_trip
2023-12-29 20:00:00+05:30,0.0,0.0,0.0,0.0,0.0,19.0,55,2.98,0.0,115.8068292872902,252.58145648637975,True,inverter_trip
2023-12-29 21:00:00+05:30,0.0,0.0,0.0,0.0,0.0,18.5,60,3.1,0.0,129.45183314147138,254.82614542513025,False,normal
2023-12-29 22:00:00+05:30,0.0,0.0,0.0,0.0,0.0,20.8,52,2.1,0.0,143.2081503388631,255.8501896239044,False,normal
2023-12-29 23:00:00+05:30,0.0,0.0,0.0,0.0,0.0,20.3,54,0.64,0.0,156.9606458272956,254.2585935965809,False,normal
2023-12-30 00:00:00+05:30,0.0,0.0,0.0,0.0,0.0,16.4,69,1.57,0.0,170.24943540031086,240.2065642637555,False,normal
2023-12-30 01:00:00+05:30,0.0,0.0,0.0,0.0,0.0,15.4,73,1.77,0.0,172.89474908693396,131.41957399050392,False,normal
2023-12-30 02:00:00+05:30,0.0,0.0,0.0,0.0,0.0,16.5,67,1.35,0.0,160.06350647919368,106.94395823845332,False,normal
2023-12-30 03:00:00+05:30,0.0,0.0,0.0,0.0,0.0,15.4,72,1.34,0.0,146.34198877095668,104.15986548520476,False,normal
2023-12-30 04:00:00+05:30,0.0,0.0,0.0,0.0,0.0,16.3,68,0.98,0.0,132.57228612378336,104.7896299143685,False,normal
2023-12-30 05:00:00+05:30,0.0,0.0,0.0,0.0,0.0,15.9,69,0.76,0.0,118.89186417273882,106.7975790964416,False,normal
2023-12-30 06:00:00+05:30,0.0,0.0,0.0,0.0,0.0,14.4,91,1.3,0.0,105.3931008536953,109.77889780953387,False,normal
2023-12-30 07:00:00+05:30,2.632335717318239,5.0,16.8,4.0,5.606709342547203,14.1,95,1.24,0.0,92.1886818653782,113.76491315260898,False,normal
2023-12-30 08:00:00+05:30,86.5259777630389,123.0,400.8,50.0,189.90893345990088,17.0,86,0.5,0.0,79.44871579460933,119.03443776185436,False,normal
2023-12-30 09:00:00+05:30,189.0538404397282,326.0,628.5,86.0,436.9590724400815,20.0,78,0.58,0.0,67.4551850526498,126.1248639447183,False,normal
2023-12-30 10:00:00+05:30,273.3223309615403,517.0,754.9,104.0,656.4066948229206,23.2,66,1.3,0.0,56.698899252680754,135.89866953722594,False,normal
2023-12-30 11:00:00+05:30,329.4456384555784,662.0,822.2,114.0,819.0153925290032,25.8,56,1.49,0.0,48.03073110119214,149.4709641335915,False,normal
2023-12-30 12:00:00+05:30,368.6564647085861,743.0,853.8,118.0,908.9303955199448,27.6,50,1.24,0.0,42.74927748941599,167.40859042751117,False,normal
2023-12-30 13:00:00+05:30,367.6036872800479,751.0,857.8,117.0,917.7793152850728,28.8,44,0.86,0.0,42.15204150552803,187.8638966450416,False,normal
2023-12-30 14:00:00+05:30,340.8324664891502,686.0,832.2,114.0,845.3938666378152,29.2,42,0.95,0.0,46.42070440609314,206.68886514274732,False,normal
2023-12-30 15:00:00+05:30,283.1584210444057,555.0,775.6,105.0,698.9178435423602,29.2,40,1.22,0.01,54.41951011812293,221.2990414420322,False,normal
2023-12-30 16:00:00+05:30,204.15583815440743,374.0,670.6,89.0,492.9923207026574,28.8,40,1.33,0.0,64.77630510734542,231.8706544141477,False,normal
2023-12-30 17:00:00+05:30,111.22084434250642,171.0,477.8,60.0,251.45030627526205,26.5,63,1.62,0.0,76.53307734104737,239.5074098425863,False,normal
2023-12-30 18:00:00+05:30,13.08118419348221,19.0,93.0,11.0,29.196400474760942,22.8,45,2.14,0.0,89.1290129892376,245.1518246282941,False,normal
2023-12-30 19:00:00+05:30,0.0,0.0,0.0,0.0,0.0,24.1,41,1.0,0.0,102.24365322414324,249.41299461744887,False,normal
2023-12-30 20:00:00+05:30,0.0,0.0,0.0,0.0,0.0,20.5,54,1.97,0.0,115.68661547682348,252.62734417137267,False,normal
2023-12-30 21:00:00+05:30,0.0,0.0,0.0,0.0,0.0,22.1,46,0.9,0.0,129.33542221273404,254.8926400592072,False,normal
2023-12-30 22:00:00+05:30,0.0,0.0,0.0,0.0,0.0,21.5,49,0.22,0.0,143.09687926745883,255.9535712962576,False,normal
2023-12-30 23:00:00+05:30,0.0,0.0,0.0,0.0,0.0,17.1,69,1.82,0.33,156.85820166669055,254.4521601966187,False,normal
2023-12-31 00:00:00+05:30,0.0,0.0,0.0,0.0,0.0,16.2,76,1.72,0.85,170.17800593604997,240.828883472673,False,normal
2023-12-31 01:00:00+05:30,0.0,0.0,0.0,0.0,0.0,17.0,71,0.82,0.94,173.0207534609284,131.59205398232467,False,normal
2023-12-31 02:00:00+05:30,0.0,0.0,0.0,0.0,0.0,16.6,74,0.5,0.95,160.18318415342128,106.81127342423748,False,normal
2023-12-31 03:00:00+05:30,0.0,0.0,0.0,0.0,0.0,15.4,81,0.92,0.83,146.45373743292078,104.0469649864126,False,normal
2023-12-31 04:00:00+05:30,0.0,0.0,0.0,0.0,0.0,15.4,81,0.61,0.9,132.6775481870704,104.69026309608876,False,normal
2023-12-31 05:00:00+05:30,0.0,0.0,0.0,0.0,0.0,15.7,79,1.21,0.44,118.990634510105,106.70401296937382,False,normal
2023-12-31 06:00:00+05:30,0.0,0.0,0.0,0.0,0.0,15.8,73,1.08,0.03,105.48457303761248,109.68537045579065,False,normal
2023-12-31 07:00:00+05:30,2.639095651516118,5.0,17.0,4.0,5.5898154499463,13.9,85,1.4,0.0,92.2712788375742,113.66631415874048,False,normal
2023-12-31 08:00:00+05:30,82.49865933426507,123.0,403.6,50.0,190.27234658327325,17.5,69,1.2,0.03,79.51981552540441,118.925325356349,False,normal
2023-12-31 09:00:00+05:30,189.83206565395128,324.0,629.9,84.0,434.59317071161314,21.0,62,1.34,0.0,67.51055231297144,125.99892946641444,False,normal
2023-12-31 10:00:00+05:30,275.5401448641313,514.0,753.7,102.0,652.5577381894093,24.1,58,1.55,0.0,56.73184267236514,135.74950440227343,False,normal
2023-12-31 11:00:00+05:30,330.53965381875946,658.0,817.7,113.0,813.6750648142405,26.8,52,2.04,0.01,48.031672324582274,149.29731940243454,False,normal
2023-12-31 12:00:00+05:30,346.19706959431505,737.0,846.4,117.0,901.013915273278,28.5,42,2.38,0.0,42.70869839141167,167.22774269871456,False,normal
2023-12-31 13:00:00+05:30,354.7404089751836,748.0,852.6,117.0,913.431876263646,29.5,37,2.19,0.0,42.06967924654789,187.715094533018,False,normal
2023-12-31 14:00:00+05:30,343.2023836165628,686.0,833.4,112.0,845.0609139932003,30.0,35,1.55,0.0,46.309492559025,206.59713842568416,False,normal
2023-12-31 15:00:00+05:30,281.09142329824823,557.0,780.1,103.0,701.1952197778119,30.0,34,0.58,0.0,54.29450569148714,221.25668693961217,False,normal
2023-12-31 16:00:00+05:30,212.72808876655608,377.0,676.7,88.0,496.64488053928807,29.5,35,0.73,0.05,64.64681864393316,231.8607823368145,False,normal
2023-12-31 17:00:00+05:30,112.26055153029505,172.0,477.5,60.0,252.13196867097903,26.8,57,1.6,0.01,76.4035763734255,239.5182756001744,False,normal
2023-12-31 18:00:00+05:30,12.76579908302214,19.0,91.8,11.0,28.743083718254027,23.2,57,2.12,0.0,89.0015228042784,245.1775993975733,False,normal
2023-12-31 19:00:00+05:30,0.0,0.0,0.0,0.0,0.0,22.1,59,1.75,0.0,102.119171384651,249.4520597140688,False,normal
2023-12-31 20:00:00+05:30,0.0,0.0,0.0,0.0,0.0,23.0,55,0.45,0.01,115.56580224889484,252.6816123022227,False,normal
2023-12-31 21:00:00+05:30,0.0,0.0,0.0,0.0,0.0,21.0,63,1.14,0.0,129.21901786166055,254.96880719147904,False,normal
2023-12-31 22:00:00+05:30,0.0,0.0,0.0,0.0,0.0,18.3,76,1.39,0.0,142.98625033873577,256.0690925782076,False,normal
2023-12-31 23:00:00+05:30,0.0,0.0,0.0,0.0,0.0,17.1,84,1.66,0.0,156.7572005721978,254.66306069381392,False,normal
